[{"model": "contenttypes.contenttype", "pk": 1, "fields": {"app_label": "admin", "model": "logentry"}}, {"model": "contenttypes.contenttype", "pk": 2, "fields": {"app_label": "auth", "model": "group"}}, {"model": "contenttypes.contenttype", "pk": 3, "fields": {"app_label": "auth", "model": "permission"}}, {"model": "contenttypes.contenttype", "pk": 4, "fields": {"app_label": "contenttypes", "model": "contenttype"}}, {"model": "contenttypes.contenttype", "pk": 5, "fields": {"app_label": "sessions", "model": "session"}}, {"model": "contenttypes.contenttype", "pk": 6, "fields": {"app_label": "authtoken", "model": "token"}}, {"model": "contenttypes.contenttype", "pk": 7, "fields": {"app_label": "sites", "model": "site"}}, {"model": "contenttypes.contenttype", "pk": 8, "fields": {"app_label": "allauth", "model": "socialaccount"}}, {"model": "contenttypes.contenttype", "pk": 9, "fields": {"app_label": "allauth", "model": "socialtoken"}}, {"model": "contenttypes.contenttype", "pk": 10, "fields": {"app_label": "allauth", "model": "socialapp"}}, {"model": "contenttypes.contenttype", "pk": 11, "fields": {"app_label": "account", "model": "emailaddress"}}, {"model": "contenttypes.contenttype", "pk": 12, "fields": {"app_label": "account", "model": "emailconfirmation"}}, {"model": "contenttypes.contenttype", "pk": 13, "fields": {"app_label": "accounts", "model": "user"}}, {"model": "contenttypes.contenttype", "pk": 14, "fields": {"app_label": "accounts", "model": "userdocument"}}, {"model": "contenttypes.contenttype", "pk": 15, "fields": {"app_label": "otp", "model": "phoneotp"}}, {"model": "contenttypes.contenttype", "pk": 16, "fields": {"app_label": "categories", "model": "categorydata"}}, {"model": "contenttypes.contenttype", "pk": 17, "fields": {"app_label": "categories", "model": "category"}}, {"model": "contenttypes.contenttype", "pk": 18, "fields": {"app_label": "categories", "model": "categoryposation"}}, {"model": "contenttypes.contenttype", "pk": 19, "fields": {"app_label": "addresses", "model": "address"}}, {"model": "contenttypes.contenttype", "pk": 20, "fields": {"app_label": "addresses", "model": "state"}}, {"model": "contenttypes.contenttype", "pk": 21, "fields": {"app_label": "addresses", "model": "city"}}, {"model": "contenttypes.contenttype", "pk": 22, "fields": {"app_label": "addresses", "model": "country"}}, {"model": "contenttypes.contenttype", "pk": 23, "fields": {"app_label": "addresses", "model": "invoicecitymapping"}}, {"model": "contenttypes.contenttype", "pk": 24, "fields": {"app_label": "addresses", "model": "area"}}, {"model": "contenttypes.contenttype", "pk": 25, "fields": {"app_label": "products", "model": "productcategory"}}, {"model": "contenttypes.contenttype", "pk": 26, "fields": {"app_label": "products", "model": "color"}}, {"model": "contenttypes.contenttype", "pk": 27, "fields": {"app_label": "products", "model": "productskugenerator"}}, {"model": "contenttypes.contenttype", "pk": 28, "fields": {"app_label": "products", "model": "size"}}, {"model": "contenttypes.contenttype", "pk": 29, "fields": {"app_label": "products", "model": "productpricecsv"}}, {"model": "contenttypes.contenttype", "pk": 30, "fields": {"app_label": "products", "model": "producthistory"}}, {"model": "contenttypes.contenttype", "pk": 31, "fields": {"app_label": "products", "model": "fragrance"}}, {"model": "contenttypes.contenttype", "pk": 32, "fields": {"app_label": "products", "model": "productimage"}}, {"model": "contenttypes.contenttype", "pk": 33, "fields": {"app_label": "products", "model": "flavor"}}, {"model": "contenttypes.contenttype", "pk": 34, "fields": {"app_label": "products", "model": "tax"}}, {"model": "contenttypes.contenttype", "pk": 35, "fields": {"app_label": "products", "model": "product"}}, {"model": "contenttypes.contenttype", "pk": 36, "fields": {"app_label": "products", "model": "productoption"}}, {"model": "contenttypes.contenttype", "pk": 37, "fields": {"app_label": "products", "model": "productvendormapping"}}, {"model": "contenttypes.contenttype", "pk": 38, "fields": {"app_label": "products", "model": "productcategoryhistory"}}, {"model": "contenttypes.contenttype", "pk": 39, "fields": {"app_label": "products", "model": "productcsv"}}, {"model": "contenttypes.contenttype", "pk": 40, "fields": {"app_label": "products", "model": "packagesize"}}, {"model": "contenttypes.contenttype", "pk": 41, "fields": {"app_label": "products", "model": "productprice"}}, {"model": "contenttypes.contenttype", "pk": 42, "fields": {"app_label": "products", "model": "producttaxmapping"}}, {"model": "contenttypes.contenttype", "pk": 43, "fields": {"app_label": "products", "model": "weight"}}, {"model": "contenttypes.contenttype", "pk": 44, "fields": {"app_label": "shops", "model": "shopdocument"}}, {"model": "contenttypes.contenttype", "pk": 45, "fields": {"app_label": "shops", "model": "shop"}}, {"model": "contenttypes.contenttype", "pk": 46, "fields": {"app_label": "shops", "model": "retailertype"}}, {"model": "contenttypes.contenttype", "pk": 47, "fields": {"app_label": "shops", "model": "parentretailermapping"}}, {"model": "contenttypes.contenttype", "pk": 48, "fields": {"app_label": "shops", "model": "shopphoto"}}, {"model": "contenttypes.contenttype", "pk": 49, "fields": {"app_label": "shops", "model": "shoptype"}}, {"model": "contenttypes.contenttype", "pk": 50, "fields": {"app_label": "brand", "model": "vendor"}}, {"model": "contenttypes.contenttype", "pk": 51, "fields": {"app_label": "brand", "model": "branddata"}}, {"model": "contenttypes.contenttype", "pk": 52, "fields": {"app_label": "brand", "model": "brandposition"}}, {"model": "contenttypes.contenttype", "pk": 53, "fields": {"app_label": "brand", "model": "brand"}}, {"model": "contenttypes.contenttype", "pk": 54, "fields": {"app_label": "banner", "model": "bannerposition"}}, {"model": "contenttypes.contenttype", "pk": 55, "fields": {"app_label": "banner", "model": "bannerdata"}}, {"model": "contenttypes.contenttype", "pk": 56, "fields": {"app_label": "banner", "model": "banner"}}, {"model": "contenttypes.contenttype", "pk": 57, "fields": {"app_label": "banner", "model": "bannerslot"}}, {"model": "contenttypes.contenttype", "pk": 58, "fields": {"app_label": "banner", "model": "page"}}, {"model": "contenttypes.contenttype", "pk": 59, "fields": {"app_label": "gram_to_brand", "model": "grnorderproductmapping"}}, {"model": "contenttypes.contenttype", "pk": 60, "fields": {"app_label": "gram_to_brand", "model": "orderedproductreserved"}}, {"model": "contenttypes.contenttype", "pk": 61, "fields": {"app_label": "gram_to_brand", "model": "picklist"}}, {"model": "contenttypes.contenttype", "pk": 62, "fields": {"app_label": "gram_to_brand", "model": "picklistitems"}}, {"model": "contenttypes.contenttype", "pk": 63, "fields": {"app_label": "gram_to_brand", "model": "brandnote"}}, {"model": "contenttypes.contenttype", "pk": 64, "fields": {"app_label": "gram_to_brand", "model": "orderhistory"}}, {"model": "contenttypes.contenttype", "pk": 65, "fields": {"app_label": "gram_to_brand", "model": "cartproductmapping"}}, {"model": "contenttypes.contenttype", "pk": 66, "fields": {"app_label": "gram_to_brand", "model": "po_message"}}, {"model": "contenttypes.contenttype", "pk": 67, "fields": {"app_label": "gram_to_brand", "model": "order"}}, {"model": "contenttypes.contenttype", "pk": 68, "fields": {"app_label": "gram_to_brand", "model": "grnorderproducthistory"}}, {"model": "contenttypes.contenttype", "pk": 69, "fields": {"app_label": "gram_to_brand", "model": "cart"}}, {"model": "contenttypes.contenttype", "pk": 70, "fields": {"app_label": "gram_to_brand", "model": "orderitem"}}, {"model": "contenttypes.contenttype", "pk": 71, "fields": {"app_label": "gram_to_brand", "model": "grnorder"}}, {"model": "contenttypes.contenttype", "pk": 72, "fields": {"app_label": "sp_to_gram", "model": "cart"}}, {"model": "contenttypes.contenttype", "pk": 73, "fields": {"app_label": "sp_to_gram", "model": "order"}}, {"model": "contenttypes.contenttype", "pk": 74, "fields": {"app_label": "sp_to_gram", "model": "orderedproductreserved"}}, {"model": "contenttypes.contenttype", "pk": 75, "fields": {"app_label": "sp_to_gram", "model": "cartproductmapping"}}, {"model": "contenttypes.contenttype", "pk": 76, "fields": {"app_label": "sp_to_gram", "model": "spnote"}}, {"model": "contenttypes.contenttype", "pk": 77, "fields": {"app_label": "sp_to_gram", "model": "orderedproductmapping"}}, {"model": "contenttypes.contenttype", "pk": 78, "fields": {"app_label": "sp_to_gram", "model": "orderedproduct"}}, {"model": "contenttypes.contenttype", "pk": 79, "fields": {"app_label": "retailer_to_sp", "model": "orderedproductmapping"}}, {"model": "contenttypes.contenttype", "pk": 80, "fields": {"app_label": "retailer_to_sp", "model": "customercare"}}, {"model": "contenttypes.contenttype", "pk": 81, "fields": {"app_label": "retailer_to_sp", "model": "cartproductmapping"}}, {"model": "contenttypes.contenttype", "pk": 82, "fields": {"app_label": "retailer_to_sp", "model": "note"}}, {"model": "contenttypes.contenttype", "pk": 83, "fields": {"app_label": "retailer_to_sp", "model": "orderedproduct"}}, {"model": "contenttypes.contenttype", "pk": 84, "fields": {"app_label": "retailer_to_sp", "model": "payment"}}, {"model": "contenttypes.contenttype", "pk": 85, "fields": {"app_label": "retailer_to_sp", "model": "order"}}, {"model": "contenttypes.contenttype", "pk": 86, "fields": {"app_label": "retailer_to_sp", "model": "cart"}}, {"model": "contenttypes.contenttype", "pk": 87, "fields": {"app_label": "retailer_to_gram", "model": "orderedproductmapping"}}, {"model": "contenttypes.contenttype", "pk": 88, "fields": {"app_label": "retailer_to_gram", "model": "orderedproduct"}}, {"model": "contenttypes.contenttype", "pk": 89, "fields": {"app_label": "retailer_to_gram", "model": "customercare"}}, {"model": "contenttypes.contenttype", "pk": 90, "fields": {"app_label": "retailer_to_gram", "model": "note"}}, {"model": "contenttypes.contenttype", "pk": 91, "fields": {"app_label": "retailer_to_gram", "model": "payment"}}, {"model": "contenttypes.contenttype", "pk": 92, "fields": {"app_label": "retailer_to_gram", "model": "cart"}}, {"model": "contenttypes.contenttype", "pk": 93, "fields": {"app_label": "retailer_to_gram", "model": "order"}}, {"model": "contenttypes.contenttype", "pk": 94, "fields": {"app_label": "retailer_to_gram", "model": "cartproductmapping"}}, {"model": "sessions.session", "pk": "0cjc5yuuzr51mxvimfry8o2rmkvs0442", "fields": {"session_data": "NGNlZGQzZDZkZGZjY2YwZDRmYmNlODU1NDY1YmFkMjYwYWIyODEzOTp7Il9hdXRoX3VzZXJfaGFzaCI6ImMwNmZlYTZmODU5NzgxMmYxMDFmZGI2ZDdiNTFkOTA3MjM4YmY1ZWYiLCJfYXV0aF91c2VyX2JhY2tlbmQiOiJkamFuZ28uY29udHJpYi5hdXRoLmJhY2tlbmRzLk1vZGVsQmFja2VuZCIsIl9hdXRoX3VzZXJfaWQiOiI0In0=", "expire_date": "2019-01-20T14:46:13.639"}}, {"model": "sessions.session", "pk": "11x4oz3ooa6epp7qgw8mjm0izx5il3ok", "fields": {"session_data": "ODdjNjRiMDAyNGYwNTM2MzcyNDgzZjkzMDg2ZWU5ZjRkNmI3OGUzYjp7Il9hdXRoX3VzZXJfaWQiOiIxMSIsIl9hdXRoX3VzZXJfYmFja2VuZCI6ImRqYW5nby5jb250cmliLmF1dGguYmFja2VuZHMuTW9kZWxCYWNrZW5kIiwiX2F1dGhfdXNlcl9oYXNoIjoiMWNmZWJlYzljZjVkYWFmZDM2Y2U5ZWMwOGIyODVjMThmOTc5MDEyNSJ9", "expire_date": "2019-01-21T12:12:02.721"}}, {"model": "sessions.session", "pk": "145tc1m5krvrhjdb55vbd0ls1beo9qk9", "fields": {"session_data": "MDQxMzFhZmU4NDNiNDViOGY0ODQyMzI4YTQ3OGU4ZGIwMGQyNTJjNjp7Il9hdXRoX3VzZXJfaWQiOiIxNCIsIl9hdXRoX3VzZXJfYmFja2VuZCI6ImRqYW5nby5jb250cmliLmF1dGguYmFja2VuZHMuTW9kZWxCYWNrZW5kIiwiX2F1dGhfdXNlcl9oYXNoIjoiZDQxYWNiNGI0NzM2OTY0NTMzZjViYmQwMmMxM2Q4NWIyYThjMzdiNiJ9", "expire_date": "2019-01-21T12:14:40.529"}}, {"model": "sessions.session", "pk": "1phyw5r5neqwdew622t6fsthna2fvdwg", "fields": {"session_data": "NTVhMmY1OGJhYzAzYzkwOTkzMjhiNjQ5Yzk2MTdjM2M1MThmM2EyNzp7Il9hdXRoX3VzZXJfYmFja2VuZCI6ImRqYW5nby5jb250cmliLmF1dGguYmFja2VuZHMuTW9kZWxCYWNrZW5kIiwiX2F1dGhfdXNlcl9oYXNoIjoiNDgzYzUxOTQxMWQzMTA0ZWFlMTBjNWVkZmIyNDk1MGQwMmM0Yjk3ZCIsIl9hdXRoX3VzZXJfaWQiOiIxIn0=", "expire_date": "2019-01-20T19:26:23.065"}}, {"model": "sessions.session", "pk": "1wcrgzoxu9da72ky41zl3kqtz51waq8g", "fields": {"session_data": "YWMyZGQwODgyMzU2MDUzZTk5YTBhMDUwOWFkMzYwMmMyMzdmMTk3YTp7Il9hdXRoX3VzZXJfaWQiOiI0IiwiX2F1dGhfdXNlcl9iYWNrZW5kIjoiZGphbmdvLmNvbnRyaWIuYXV0aC5iYWNrZW5kcy5Nb2RlbEJhY2tlbmQiLCJfYXV0aF91c2VyX2hhc2giOiJjMDZmZWE2Zjg1OTc4MTJmMTAxZmRiNmQ3YjUxZDkwNzIzOGJmNWVmIn0=", "expire_date": "2019-01-21T11:27:24.946"}}, {"model": "sessions.session", "pk": "2oxdane7zs6s8ogj7i101nu00egihbhj", "fields": {"session_data": "NDViM2M5OWIxYjNiOWMxYTE4NmNhN2QxNDM5MzA0MzNkNzFiMDAzNzp7Il9hdXRoX3VzZXJfaGFzaCI6IjZiYmM2MGJlM2Q1ZDQ0ZTZhMWQ3ZWU3ZmJhZjkzMjRhYmZkOTI3MDEiLCJfYXV0aF91c2VyX2lkIjoiOSIsIl9hdXRoX3VzZXJfYmFja2VuZCI6ImRqYW5nby5jb250cmliLmF1dGguYmFja2VuZHMuTW9kZWxCYWNrZW5kIn0=", "expire_date": "2019-01-18T17:41:07.593"}}, {"model": "sessions.session", "pk": "385qjwzb4h0n9qnr43y4ez2nhd6jttp4", "fields": {"session_data": "NWY4ZmVlZjM2NDI4YjFiODE2MjY3YjYwZWY1MGI2MDJiZDhhOTk0Mjp7Il9hdXRoX3VzZXJfaWQiOiIxIiwiX2F1dGhfdXNlcl9iYWNrZW5kIjoiZGphbmdvLmNvbnRyaWIuYXV0aC5iYWNrZW5kcy5Nb2RlbEJhY2tlbmQiLCJfYXV0aF91c2VyX2hhc2giOiI0ODNjNTE5NDExZDMxMDRlYWUxMGM1ZWRmYjI0OTUwZDAyYzRiOTdkIn0=", "expire_date": "2019-01-21T14:24:54.946"}}, {"model": "sessions.session", "pk": "38yrfa0go8jphjoktixylbmh1o8iq7gi", "fields": {"session_data": "YWMyZGQwODgyMzU2MDUzZTk5YTBhMDUwOWFkMzYwMmMyMzdmMTk3YTp7Il9hdXRoX3VzZXJfaWQiOiI0IiwiX2F1dGhfdXNlcl9iYWNrZW5kIjoiZGphbmdvLmNvbnRyaWIuYXV0aC5iYWNrZW5kcy5Nb2RlbEJhY2tlbmQiLCJfYXV0aF91c2VyX2hhc2giOiJjMDZmZWE2Zjg1OTc4MTJmMTAxZmRiNmQ3YjUxZDkwNzIzOGJmNWVmIn0=", "expire_date": "2019-01-21T13:38:35.119"}}, {"model": "sessions.session", "pk": "4b9ybisydni1w9y8wodadze37k2vhzh4", "fields": {"session_data": "YjJlNGFkNGJiZmEwODBiMDBhZTE4NTcxNzUyMWFiZDM3NTRiMjc1ODp7Il9hdXRoX3VzZXJfYmFja2VuZCI6ImRqYW5nby5jb250cmliLmF1dGguYmFja2VuZHMuTW9kZWxCYWNrZW5kIiwiX2F1dGhfdXNlcl9oYXNoIjoiMWNmZWJlYzljZjVkYWFmZDM2Y2U5ZWMwOGIyODVjMThmOTc5MDEyNSIsIl9hdXRoX3VzZXJfaWQiOiIxMSJ9", "expire_date": "2019-01-20T21:10:24.751"}}, {"model": "sessions.session", "pk": "92op3enygvxyaocg0rn0cta1syk8t0g1", "fields": {"session_data": "Y2NkZDMzZmVmNDUwOWQ2MzUwZDA3NjA3NDAzYTJiNjNlNTZiMDFiODp7Il9hdXRoX3VzZXJfaWQiOiI0IiwiX2F1dGhfdXNlcl9oYXNoIjoiYzA2ZmVhNmY4NTk3ODEyZjEwMWZkYjZkN2I1MWQ5MDcyMzhiZjVlZiIsIl9hdXRoX3VzZXJfYmFja2VuZCI6ImRqYW5nby5jb250cmliLmF1dGguYmFja2VuZHMuTW9kZWxCYWNrZW5kIn0=", "expire_date": "2019-01-20T10:50:03.216"}}, {"model": "sessions.session", "pk": "c715sali929nm5aa2m3tbetjlmni2bow", "fields": {"session_data": "NTdmZDQ3ODM1OTI3ZWEzYmY4ZmEwYWIwOGVhZDIwZDI5MjkxNzgwODp7Il9hdXRoX3VzZXJfaWQiOiIxMyIsIl9hdXRoX3VzZXJfYmFja2VuZCI6ImRqYW5nby5jb250cmliLmF1dGguYmFja2VuZHMuTW9kZWxCYWNrZW5kIiwiX2F1dGhfdXNlcl9oYXNoIjoiOWMzZjU4MTMyOTIyM2E3NGZlY2ZmZmM4YjIyMzM3ZTBiZjA4NWNjOCIsImFjY291bnRfdmVyaWZpZWRfZW1haWwiOm51bGx9", "expire_date": "2019-01-21T11:54:39.150"}}, {"model": "sessions.session", "pk": "d16tlaztmor07dvx4gyskjs5d49lg8nm", "fields": {"session_data": "Y2NkZDMzZmVmNDUwOWQ2MzUwZDA3NjA3NDAzYTJiNjNlNTZiMDFiODp7Il9hdXRoX3VzZXJfaWQiOiI0IiwiX2F1dGhfdXNlcl9oYXNoIjoiYzA2ZmVhNmY4NTk3ODEyZjEwMWZkYjZkN2I1MWQ5MDcyMzhiZjVlZiIsIl9hdXRoX3VzZXJfYmFja2VuZCI6ImRqYW5nby5jb250cmliLmF1dGguYmFja2VuZHMuTW9kZWxCYWNrZW5kIn0=", "expire_date": "2019-01-20T11:02:23.612"}}, {"model": "sessions.session", "pk": "eh321chyep0af5gspjg76vvgou81i3oo", "fields": {"session_data": "ODdjNjRiMDAyNGYwNTM2MzcyNDgzZjkzMDg2ZWU5ZjRkNmI3OGUzYjp7Il9hdXRoX3VzZXJfaWQiOiIxMSIsIl9hdXRoX3VzZXJfYmFja2VuZCI6ImRqYW5nby5jb250cmliLmF1dGguYmFja2VuZHMuTW9kZWxCYWNrZW5kIiwiX2F1dGhfdXNlcl9oYXNoIjoiMWNmZWJlYzljZjVkYWFmZDM2Y2U5ZWMwOGIyODVjMThmOTc5MDEyNSJ9", "expire_date": "2019-01-21T12:17:14.662"}}, {"model": "sessions.session", "pk": "eozi1vnaprpndobfwq5yw9ralkhfz5we", "fields": {"session_data": "Y2UxMzBlMDM1ZDVlZDRhNTdlYjBhMDhhNzg5MWNhYWVmMjFlNDY0Nzp7Il9hdXRoX3VzZXJfaGFzaCI6IjQ4M2M1MTk0MTFkMzEwNGVhZTEwYzVlZGZiMjQ5NTBkMDJjNGI5N2QiLCJfYXV0aF91c2VyX2lkIjoiMSIsIl9hdXRoX3VzZXJfYmFja2VuZCI6ImRqYW5nby5jb250cmliLmF1dGguYmFja2VuZHMuTW9kZWxCYWNrZW5kIn0=", "expire_date": "2019-01-18T17:53:10.626"}}, {"model": "sessions.session", "pk": "fydcww8wy3kw6hhl4ykyzzbkoztuz0m7", "fields": {"session_data": "MTgyNmIyMjUzNzU2NzFlMmRkNzQ3NjJlN2M2MWU3MjA3NWJiZmU4ZTp7Il9hdXRoX3VzZXJfaWQiOiIzIiwiX2F1dGhfdXNlcl9oYXNoIjoiYzMzNGNiNTc0ZmUxN2I0NTQ0NzVlZTRlYTc0NjY2MDdmZWVmODZiMiIsIl9hdXRoX3VzZXJfYmFja2VuZCI6ImRqYW5nby5jb250cmliLmF1dGguYmFja2VuZHMuTW9kZWxCYWNrZW5kIn0=", "expire_date": "2019-01-18T12:15:33.708"}}, {"model": "sessions.session", "pk": "g4ls7u4pmbfgh5ltqqph50jkwmv3o11e", "fields": {"session_data": "OTA2OTUwMmMyMTgwYjYwODc2ZTVmZWFhZjJkZDgxNTcyZGVlYjQwYjp7Il9hdXRoX3VzZXJfaGFzaCI6IjkwOTQyYmNmNzhhNjBjMzFmM2IzOTE2MDVlNWZlZjdkNWYxYzc4OWYiLCJfYXV0aF91c2VyX2lkIjoiMTAiLCJfYXV0aF91c2VyX2JhY2tlbmQiOiJkamFuZ28uY29udHJpYi5hdXRoLmJhY2tlbmRzLk1vZGVsQmFja2VuZCJ9", "expire_date": "2019-01-20T21:02:41.260"}}, {"model": "sessions.session", "pk": "hf48y877m7pbeh1k0g2opus69dmzs7nf", "fields": {"session_data": "MTgyNmIyMjUzNzU2NzFlMmRkNzQ3NjJlN2M2MWU3MjA3NWJiZmU4ZTp7Il9hdXRoX3VzZXJfaWQiOiIzIiwiX2F1dGhfdXNlcl9oYXNoIjoiYzMzNGNiNTc0ZmUxN2I0NTQ0NzVlZTRlYTc0NjY2MDdmZWVmODZiMiIsIl9hdXRoX3VzZXJfYmFja2VuZCI6ImRqYW5nby5jb250cmliLmF1dGguYmFja2VuZHMuTW9kZWxCYWNrZW5kIn0=", "expire_date": "2019-01-18T13:56:37.418"}}, {"model": "sessions.session", "pk": "m3h3szv6wuif0bnl5ddjhvncesz0talz", "fields": {"session_data": "NWY4ZmVlZjM2NDI4YjFiODE2MjY3YjYwZWY1MGI2MDJiZDhhOTk0Mjp7Il9hdXRoX3VzZXJfaWQiOiIxIiwiX2F1dGhfdXNlcl9iYWNrZW5kIjoiZGphbmdvLmNvbnRyaWIuYXV0aC5iYWNrZW5kcy5Nb2RlbEJhY2tlbmQiLCJfYXV0aF91c2VyX2hhc2giOiI0ODNjNTE5NDExZDMxMDRlYWUxMGM1ZWRmYjI0OTUwZDAyYzRiOTdkIn0=", "expire_date": "2019-01-21T11:53:38.534"}}, {"model": "sessions.session", "pk": "m4t0ceq29b4vuc0tfin9y5j4n4qax44s", "fields": {"session_data": "ZWY2ZDU1ZTBmYjk0NmMyNWFmN2YyOTU1OWU5OTY0YTcyNTAzYWQzZDp7Il9hdXRoX3VzZXJfaWQiOiI3IiwiX2F1dGhfdXNlcl9oYXNoIjoiOTU1OTc0NTY4YWVjNzg2NDZlMDk1NTU0MjAwZTQ5YjlmZjJhNTMxYiIsIl9hdXRoX3VzZXJfYmFja2VuZCI6ImRqYW5nby5jb250cmliLmF1dGguYmFja2VuZHMuTW9kZWxCYWNrZW5kIn0=", "expire_date": "2019-01-20T11:54:21.232"}}, {"model": "sessions.session", "pk": "m8h01b2u6e7gfp4fl0kwxpoyx3c3egfm", "fields": {"session_data": "YWMyZGQwODgyMzU2MDUzZTk5YTBhMDUwOWFkMzYwMmMyMzdmMTk3YTp7Il9hdXRoX3VzZXJfaWQiOiI0IiwiX2F1dGhfdXNlcl9iYWNrZW5kIjoiZGphbmdvLmNvbnRyaWIuYXV0aC5iYWNrZW5kcy5Nb2RlbEJhY2tlbmQiLCJfYXV0aF91c2VyX2hhc2giOiJjMDZmZWE2Zjg1OTc4MTJmMTAxZmRiNmQ3YjUxZDkwNzIzOGJmNWVmIn0=", "expire_date": "2019-01-21T12:27:28.507"}}, {"model": "sessions.session", "pk": "msarxh6018ek4ukcih4tc1dbxzaiuw4w", "fields": {"session_data": "MDhkNDA4NWY0MWQ4N2Y1M2ZmNTE3NzY3ZjY0YTgxMjQ5MzFiMWU1MTp7Il9hdXRoX3VzZXJfYmFja2VuZCI6ImRqYW5nby5jb250cmliLmF1dGguYmFja2VuZHMuTW9kZWxCYWNrZW5kIiwiYWNjb3VudF92ZXJpZmllZF9lbWFpbCI6bnVsbCwiX2F1dGhfdXNlcl9oYXNoIjoiMmY5ZGNkZGRhMjA3NzliYzE0NmVkNjM5N2QyYTFiY2QxYWRiZTA2NSIsIl9hdXRoX3VzZXJfaWQiOiIxMiJ9", "expire_date": "2019-01-20T23:35:08.109"}}, {"model": "sessions.session", "pk": "p118c8dop5cvtj8o3gu6nhfv9saio8w9", "fields": {"session_data": "ZDNlNzE1ZjFmNjU1YTU4ZjI2NTA5M2M3NGQwMDY2NzZlZjQ4MDAzZjp7Il9hdXRoX3VzZXJfaWQiOiIzIiwiX2F1dGhfdXNlcl9iYWNrZW5kIjoiZGphbmdvLmNvbnRyaWIuYXV0aC5iYWNrZW5kcy5Nb2RlbEJhY2tlbmQiLCJfYXV0aF91c2VyX2hhc2giOiJjMzM0Y2I1NzRmZTE3YjQ1NDQ3NWVlNGVhNzQ2NjYwN2ZlZWY4NmIyIn0=", "expire_date": "2019-01-18T17:27:10.070"}}, {"model": "sessions.session", "pk": "radqxa70y4qd7a9ibleoubdbd4bm7axs", "fields": {"session_data": "YzYyMmU4OWFmNGE0OTBhMGMwMDUxMjQzMWQ0NmM1ZjM4YjU0NmRkYjp7Il9hdXRoX3VzZXJfaGFzaCI6ImMwNmZlYTZmODU5NzgxMmYxMDFmZGI2ZDdiNTFkOTA3MjM4YmY1ZWYiLCJfYXV0aF91c2VyX2lkIjoiNCIsIl9hdXRoX3VzZXJfYmFja2VuZCI6ImRqYW5nby5jb250cmliLmF1dGguYmFja2VuZHMuTW9kZWxCYWNrZW5kIn0=", "expire_date": "2019-01-18T17:51:35.744"}}, {"model": "sessions.session", "pk": "ruef1m3q5dvc7yt3ugwbq0p6wspom4zg", "fields": {"session_data": "MmY2NzIxZDc5MWRlMzU4MzIwNmZmNWU3MTFiZWY5YzFjMDQ5MzVkNzp7Il9hdXRoX3VzZXJfYmFja2VuZCI6ImRqYW5nby5jb250cmliLmF1dGguYmFja2VuZHMuTW9kZWxCYWNrZW5kIiwiX2F1dGhfdXNlcl9oYXNoIjoiYzA2ZmVhNmY4NTk3ODEyZjEwMWZkYjZkN2I1MWQ5MDcyMzhiZjVlZiIsIl9hdXRoX3VzZXJfaWQiOiI0In0=", "expire_date": "2019-01-19T15:30:58.100"}}, {"model": "sessions.session", "pk": "u5exq4oyg3yufyfq3rst1a08x6a0awsd", "fields": {"session_data": "Y2UxMzBlMDM1ZDVlZDRhNTdlYjBhMDhhNzg5MWNhYWVmMjFlNDY0Nzp7Il9hdXRoX3VzZXJfaGFzaCI6IjQ4M2M1MTk0MTFkMzEwNGVhZTEwYzVlZGZiMjQ5NTBkMDJjNGI5N2QiLCJfYXV0aF91c2VyX2lkIjoiMSIsIl9hdXRoX3VzZXJfYmFja2VuZCI6ImRqYW5nby5jb250cmliLmF1dGguYmFja2VuZHMuTW9kZWxCYWNrZW5kIn0=", "expire_date": "2019-01-18T18:02:18.957"}}, {"model": "sessions.session", "pk": "urju3mx0dzce52ipe7dkkwwtv0t42u8h", "fields": {"session_data": "YjJhMTkzYWJjZTYxOWVmNDQ2NjgyOWVmZjhkMzk1ZjQ2NDdiYTViMzp7ImFjY291bnRfdXNlciI6IjkiLCJfYXV0aF91c2VyX2lkIjoiOSIsIl9hdXRoX3VzZXJfaGFzaCI6IjZiYmM2MGJlM2Q1ZDQ0ZTZhMWQ3ZWU3ZmJhZjkzMjRhYmZkOTI3MDEiLCJfYXV0aF91c2VyX2JhY2tlbmQiOiJkamFuZ28uY29udHJpYi5hdXRoLmJhY2tlbmRzLk1vZGVsQmFja2VuZCIsImFjY291bnRfdmVyaWZpZWRfZW1haWwiOm51bGx9", "expire_date": "2019-01-18T16:40:23.440"}}, {"model": "sites.site", "pk": 1, "fields": {"domain": "example.com", "name": "example.com"}}, {"model": "otp.phoneotp", "pk": 1, "fields": {"phone_number": "9899746673", "otp": "250852", "is_verified": true, "attempts": 0, "expires_in": 300, "created_at": "2019-01-04T16:25:10.289", "last_otp": "2019-01-04T16:25:10.326", "resend_in": 30}}, {"model": "otp.phoneotp", "pk": 2, "fields": {"phone_number": "7827013833", "otp": "136334", "is_verified": true, "attempts": 0, "expires_in": 300, "created_at": "2019-01-04T16:28:05.152", "last_otp": "2019-01-04T16:28:05.192", "resend_in": 30}}, {"model": "otp.phoneotp", "pk": 3, "fields": {"phone_number": "9988536264", "otp": "200110", "is_verified": true, "attempts": 0, "expires_in": 300, "created_at": "2019-01-04T16:35:23.935", "last_otp": "2019-01-04T16:35:23.977", "resend_in": 30}}, {"model": "otp.phoneotp", "pk": 4, "fields": {"phone_number": "8567075678", "otp": "120550", "is_verified": false, "attempts": 0, "expires_in": 300, "created_at": "2019-01-06T21:10:02.763", "last_otp": "2019-01-06T21:10:02.809", "resend_in": 30}}, {"model": "otp.phoneotp", "pk": 5, "fields": {"phone_number": "6260971036", "otp": "937832", "is_verified": true, "attempts": 0, "expires_in": 300, "created_at": "2019-01-06T23:33:41.568", "last_otp": "2019-01-06T23:33:41.634", "resend_in": 30}}, {"model": "otp.phoneotp", "pk": 6, "fields": {"phone_number": "7042545165", "otp": "757820", "is_verified": true, "attempts": 0, "expires_in": 300, "created_at": "2019-01-07T11:53:42.319", "last_otp": "2019-01-07T11:53:42.362", "resend_in": 30}}, {"model": "otp.phoneotp", "pk": 7, "fields": {"phone_number": "8750858087", "otp": "", "is_verified": false, "attempts": 0, "expires_in": 300, "created_at": "2019-01-07T12:13:19.134", "last_otp": "2019-01-07T12:13:19.134", "resend_in": 30}}, {"model": "categories.category", "pk": 1, "fields": {"category_name": "Home & Kitchen", "category_slug": "home-kitchen", "category_desc": "", "category_parent": null, "category_sku_part": "HOK", "category_image": "category_img_file/ic_home_kitchen.svg", "is_created": "2019-01-04T12:50:48.496", "is_modified": "2019-01-04T14:21:32.511", "status": true}}, {"model": "categories.category", "pk": 2, "fields": {"category_name": "Beverages", "category_slug": "beverages", "category_desc": "", "category_parent": null, "category_sku_part": "BEV", "category_image": "category_img_file/ic_beverage.svg", "is_created": "2019-01-04T12:51:49.835", "is_modified": "2019-01-04T14:20:40.600", "status": true}}, {"model": "categories.category", "pk": 3, "fields": {"category_name": "Personal Care", "category_slug": "personal-care", "category_desc": "", "category_parent": null, "category_sku_part": "PER", "category_image": "category_img_file/ic_personal_care.svg", "is_created": "2019-01-04T12:52:44.559", "is_modified": "2019-01-04T14:19:47.214", "status": true}}, {"model": "categories.category", "pk": 4, "fields": {"category_name": "Baby Care", "category_slug": "baby-care", "category_desc": "", "category_parent": null, "category_sku_part": "BAC", "category_image": "category_img_file/ic_baby_care.svg", "is_created": "2019-01-04T12:53:31.673", "is_modified": "2019-01-04T14:19:04.370", "status": true}}, {"model": "categories.category", "pk": 5, "fields": {"category_name": "Health Care", "category_slug": "health-care", "category_desc": "", "category_parent": null, "category_sku_part": "HEA", "category_image": "category_img_file/ic_health_care.svg", "is_created": "2019-01-04T12:55:27.796", "is_modified": "2019-01-04T14:18:08.615", "status": true}}, {"model": "categories.category", "pk": 6, "fields": {"category_name": "Biscuits, Snacks & Chocolates", "category_slug": "biscuits-snacks-chocolates", "category_desc": "", "category_parent": null, "category_sku_part": "BSC", "category_image": "category_img_file/ic_confectioneries.svg", "is_created": "2019-01-07T12:30:09.171", "is_modified": "2019-01-07T12:34:35.056", "status": true}}, {"model": "categories.category", "pk": 7, "fields": {"category_name": "Grocery & Staples", "category_slug": "grocery-staples", "category_desc": "", "category_parent": null, "category_sku_part": "GRS", "category_image": "category_img_file/c_grocery.svg", "is_created": "2019-01-07T12:30:41.541", "is_modified": "2019-01-07T12:34:59.677", "status": true}}, {"model": "categories.category", "pk": 8, "fields": {"category_name": "Sauces & Instant Food", "category_slug": "sauces-instant-food", "category_desc": "", "category_parent": null, "category_sku_part": "SAU", "category_image": "category_img_file/ic_instant_food.svg", "is_created": "2019-01-07T12:36:16.086", "is_modified": "2019-01-07T12:36:16.086", "status": true}}, {"model": "categories.category", "pk": 9, "fields": {"category_name": "Breakfast & Dairy", "category_slug": "breakfast-dairy", "category_desc": "", "category_parent": null, "category_sku_part": "BRE", "category_image": "category_img_file/ic_breakfast_dairy.svg", "is_created": "2019-01-07T12:38:11.555", "is_modified": "2019-01-07T12:38:11.555", "status": true}}, {"model": "categories.categoryposation", "pk": 1, "fields": {"posation_name": "home-category", "category_posation_order": 1}}, {"model": "categories.categorydata", "pk": 1, "fields": {"category_pos": 1, "category_data": 1, "category_data_order": 1}}, {"model": "categories.categorydata", "pk": 2, "fields": {"category_pos": 1, "category_data": 3, "category_data_order": 2}}, {"model": "categories.categorydata", "pk": 3, "fields": {"category_pos": 1, "category_data": 4, "category_data_order": 3}}, {"model": "categories.categorydata", "pk": 4, "fields": {"category_pos": 1, "category_data": 5, "category_data_order": 4}}, {"model": "categories.categorydata", "pk": 5, "fields": {"category_pos": 1, "category_data": 2, "category_data_order": 5}}, {"model": "categories.categorydata", "pk": 6, "fields": {"category_pos": 1, "category_data": 6, "category_data_order": 6}}, {"model": "categories.categorydata", "pk": 7, "fields": {"category_pos": 1, "category_data": 7, "category_data_order": 7}}, {"model": "categories.categorydata", "pk": 8, "fields": {"category_pos": 1, "category_data": 8, "category_data_order": 8}}, {"model": "categories.categorydata", "pk": 9, "fields": {"category_pos": 1, "category_data": 9, "category_data_order": 9}}, {"model": "addresses.country", "pk": 1, "fields": {"country_name": "India", "created_at": "2019-01-04T12:17:11.542", "modified_at": "2019-01-04T12:17:11.542", "status": true}}, {"model": "addresses.state", "pk": 1, "fields": {"country": 1, "state_name": "Haryana", "created_at": "2019-01-04T12:22:29.626", "modified_at": "2019-01-04T12:22:29.626", "status": true}}, {"model": "addresses.state", "pk": 2, "fields": {"country": 1, "state_name": "Uttar Pradesh", "created_at": "2019-01-04T12:22:53.403", "modified_at": "2019-01-04T12:22:53.403", "status": true}}, {"model": "addresses.state", "pk": 3, "fields": {"country": 1, "state_name": "New Delhi", "created_at": "2019-01-04T12:23:12.355", "modified_at": "2019-01-04T12:23:12.355", "status": true}}, {"model": "addresses.city", "pk": 1, "fields": {"country": 1, "state": 1, "city_name": "Gurgaon", "created_at": "2019-01-04T12:27:20.242", "modified_at": "2019-01-04T12:27:20.242", "status": true}}, {"model": "addresses.city", "pk": 2, "fields": {"country": 1, "state": 1, "city_name": "Sonipat", "created_at": "2019-01-04T12:29:12.675", "modified_at": "2019-01-04T12:29:12.675", "status": true}}, {"model": "addresses.city", "pk": 3, "fields": {"country": 1, "state": 1, "city_name": "Rohtak", "created_at": "2019-01-04T12:32:33.369", "modified_at": "2019-01-04T12:32:33.369", "status": true}}, {"model": "addresses.city", "pk": 4, "fields": {"country": 1, "state": 2, "city_name": "Noida", "created_at": "2019-01-04T12:33:28.991", "modified_at": "2019-01-04T12:33:28.991", "status": true}}, {"model": "addresses.city", "pk": 5, "fields": {"country": 1, "state": 2, "city_name": "Greater Noida", "created_at": "2019-01-04T12:34:05.222", "modified_at": "2019-01-04T12:34:05.222", "status": true}}, {"model": "addresses.city", "pk": 6, "fields": {"country": 1, "state": 3, "city_name": "Karol Bagh", "created_at": "2019-01-04T12:37:25.781", "modified_at": "2019-01-04T12:37:25.781", "status": true}}, {"model": "addresses.city", "pk": 7, "fields": {"country": 1, "state": 3, "city_name": "Dwarka", "created_at": "2019-01-04T12:37:51.600", "modified_at": "2019-01-04T12:37:51.600", "status": true}}, {"model": "addresses.area", "pk": 1, "fields": {"city": 1, "area_name": "xyz", "created_at": "2019-01-04T16:32:14.231", "modified_at": "2019-01-04T16:32:14.231", "status": true}}, {"model": "addresses.address", "pk": 1, "fields": {"nick_name": null, "shop_name": 1, "address_line1": "sector 13,Noida", "address_contact_name": "Ram", "address_contact_number": "7418525698", "pincode": "185200", "state": 1, "city": 1, "address_type": "shipping", "latitude": 0.0, "longitude": 0.0, "created_at": "2019-01-04T13:26:53.310", "modified_at": "2019-01-04T13:26:53.310", "status": true}}, {"model": "addresses.address", "pk": 2, "fields": {"nick_name": null, "shop_name": 1, "address_line1": "sector 11,Noida", "address_contact_name": "sam", "address_contact_number": "7418528598", "pincode": "123456", "state": 2, "city": 4, "address_type": "billing", "latitude": 0.0, "longitude": 0.0, "created_at": "2019-01-04T13:26:53.312", "modified_at": "2019-01-04T13:26:53.312", "status": true}}, {"model": "addresses.address", "pk": 3, "fields": {"nick_name": null, "shop_name": 2, "address_line1": "Sector 17,Gurgaon", "address_contact_name": "Rohan", "address_contact_number": "9856854715", "pincode": "180047", "state": 1, "city": 1, "address_type": "shipping", "latitude": 0.0, "longitude": 0.0, "created_at": "2019-01-04T13:27:38.812", "modified_at": "2019-01-04T13:27:38.812", "status": true}}, {"model": "addresses.address", "pk": 4, "fields": {"nick_name": null, "shop_name": 3, "address_line1": "Sector 13,Gurgaon", "address_contact_name": "Mohan", "address_contact_number": "7845748596", "pincode": "185965", "state": 1, "city": 1, "address_type": "billing", "latitude": 0.0, "longitude": 0.0, "created_at": "2019-01-04T13:29:11.802", "modified_at": "2019-01-04T13:29:11.802", "status": true}}, {"model": "addresses.address", "pk": 5, "fields": {"nick_name": null, "shop_name": 3, "address_line1": "sector 53,Gurgaon", "address_contact_name": "Abhisek", "address_contact_number": "7845896325", "pincode": "178459", "state": 1, "city": 1, "address_type": "registered", "latitude": 0.0, "longitude": 0.0, "created_at": "2019-01-04T13:29:11.803", "modified_at": "2019-01-04T13:29:11.803", "status": true}}, {"model": "addresses.address", "pk": 6, "fields": {"nick_name": "near abc school", "shop_name": null, "address_line1": "sector12,Gurgaon", "address_contact_name": null, "address_contact_number": "", "pincode": "", "state": 3, "city": 7, "address_type": "shipping", "latitude": 0.0, "longitude": 0.0, "created_at": "2019-01-04T13:45:34.738", "modified_at": "2019-01-04T13:45:34.738", "status": true}}, {"model": "addresses.address", "pk": 10, "fields": {"nick_name": "Ghar Ka Address", "shop_name": 9, "address_line1": "1201, Arzoo Apartment, Sector 51", "address_contact_name": "Mayank Prajapat", "address_contact_number": "9899746673", "pincode": "122003", "state": 1, "city": 1, "address_type": "shipping", "latitude": 0.0, "longitude": 0.0, "created_at": "2019-01-06T11:56:36.353", "modified_at": "2019-01-06T11:56:36.353", "status": false}}, {"model": "addresses.address", "pk": 12, "fields": {"nick_name": "Dwarka House", "shop_name": 9, "address_line1": "Dwarka Billing Address", "address_contact_name": "Siddhant Kashyap", "address_contact_number": "9855652245", "pincode": "110056", "state": 3, "city": 7, "address_type": "billing", "latitude": 0.0, "longitude": 0.0, "created_at": "2019-01-06T13:24:04.120", "modified_at": "2019-01-06T13:24:04.120", "status": false}}, {"model": "addresses.address", "pk": 15, "fields": {"nick_name": "Kfkfkf", "shop_name": 11, "address_line1": "Test", "address_contact_name": "Prakash", "address_contact_number": "9898989898", "pincode": "110016", "state": 3, "city": 6, "address_type": "shipping", "latitude": 0.0, "longitude": 0.0, "created_at": "2019-01-06T23:35:54.969", "modified_at": "2019-01-06T23:35:54.969", "status": false}}, {"model": "addresses.address", "pk": 17, "fields": {"nick_name": "asdf", "shop_name": 13, "address_line1": "791/1", "address_contact_name": "pal pal", "address_contact_number": "7763886418", "pincode": "986532", "state": 2, "city": 5, "address_type": "shipping", "latitude": 0.0, "longitude": 0.0, "created_at": "2019-01-07T11:47:18.486", "modified_at": "2019-01-07T11:47:18.486", "status": false}}, {"model": "addresses.address", "pk": 18, "fields": {"nick_name": "vzxbnxnx", "shop_name": 14, "address_line1": "sector 15,Sonipat", "address_contact_name": "RAJESH", "address_contact_number": "8684587235", "pincode": "125364", "state": 1, "city": 2, "address_type": "shipping", "latitude": 0.0, "longitude": 0.0, "created_at": "2019-01-07T11:48:02.388", "modified_at": "2019-01-07T11:48:02.388", "status": false}}, {"model": "addresses.address", "pk": 19, "fields": {"nick_name": "delhi", "shop_name": 15, "address_line1": "Delhi", "address_contact_name": "harmeek", "address_contact_number": "7042545165", "pincode": "110017", "state": 3, "city": 7, "address_type": "shipping", "latitude": 0.0, "longitude": 0.0, "created_at": "2019-01-07T11:55:42.775", "modified_at": "2019-01-07T11:55:42.775", "status": false}}, {"model": "addresses.address", "pk": 20, "fields": {"nick_name": "delhi", "shop_name": 15, "address_line1": "delhi", "address_contact_name": "harmeek", "address_contact_number": "7042545165", "pincode": "110017", "state": 3, "city": 7, "address_type": "billing", "latitude": 0.0, "longitude": 0.0, "created_at": "2019-01-07T11:58:49.593", "modified_at": "2019-01-07T11:58:49.593", "status": false}}, {"model": "addresses.address", "pk": 21, "fields": {"nick_name": "bxxbnx", "shop_name": 14, "address_line1": "Gohive", "address_contact_name": "Raj", "address_contact_number": "8092536142", "pincode": "125485", "state": 1, "city": 1, "address_type": "billing", "latitude": 0.0, "longitude": 0.0, "created_at": "2019-01-07T12:00:42.290", "modified_at": "2019-01-07T12:00:42.290", "status": false}}, {"model": "addresses.address", "pk": 22, "fields": {"nick_name": "ewdf", "shop_name": 13, "address_line1": "98/1", "address_contact_name": "pal", "address_contact_number": "7763886418", "pincode": "326598", "state": 3, "city": 7, "address_type": "billing", "latitude": 0.0, "longitude": 0.0, "created_at": "2019-01-07T12:04:24.358", "modified_at": "2019-01-07T12:04:24.358", "status": false}}, {"model": "addresses.address", "pk": 23, "fields": {"nick_name": "xbxbxn", "shop_name": 14, "address_line1": "Gohive 1", "address_contact_name": "Janes", "address_contact_number": "9608125436", "pincode": "125478", "state": 3, "city": 7, "address_type": "billing", "latitude": 0.0, "longitude": 0.0, "created_at": "2019-01-07T12:08:20.295", "modified_at": "2019-01-07T12:08:20.295", "status": false}}, {"model": "addresses.address", "pk": 24, "fields": {"nick_name": "vxbxx", "shop_name": 14, "address_line1": "sector 12,gurgaon", "address_contact_name": "rae", "address_contact_number": "9805253645", "pincode": "152544", "state": 1, "city": 1, "address_type": "billing", "latitude": 0.0, "longitude": 0.0, "created_at": "2019-01-07T12:10:04.100", "modified_at": "2019-01-07T12:10:04.100", "status": false}}, {"model": "addresses.address", "pk": 25, "fields": {"nick_name": "Gurugram Store", "shop_name": 16, "address_line1": "suncity arcade", "address_contact_name": "Jagjeet Singh", "address_contact_number": "8567075678", "pincode": "141014", "state": 1, "city": 2, "address_type": "shipping", "latitude": 0.0, "longitude": 0.0, "created_at": "2019-01-07T12:54:05.318", "modified_at": "2019-01-07T12:54:05.318", "status": false}}, {"model": "addresses.address", "pk": 26, "fields": {"nick_name": "sector seven", "shop_name": 16, "address_line1": "1038/9, Krishna colony, sector 7", "address_contact_name": "Jagjeet Singh", "address_contact_number": "8567075678", "pincode": "141014", "state": 1, "city": 1, "address_type": "billing", "latitude": 0.0, "longitude": 0.0, "created_at": "2019-01-07T13:12:32.587", "modified_at": "2019-01-07T13:12:32.587", "status": false}}, {"model": "addresses.address", "pk": 27, "fields": {"nick_name": null, "shop_name": 17, "address_line1": "sector 13,gurgaon", "address_contact_name": "Mac", "address_contact_number": "", "pincode": "125635", "state": 1, "city": 1, "address_type": "shipping", "latitude": 0.0, "longitude": 0.0, "created_at": "2019-01-07T13:36:23.351", "modified_at": "2019-01-07T13:37:32.937", "status": true}}, {"model": "addresses.address", "pk": 28, "fields": {"nick_name": null, "shop_name": 17, "address_line1": "sector 33,gurgaon", "address_contact_name": "Rajiv", "address_contact_number": "", "pincode": "152478", "state": 1, "city": 1, "address_type": "billing", "latitude": 0.0, "longitude": 0.0, "created_at": "2019-01-07T13:37:32.939", "modified_at": "2019-01-07T13:37:32.939", "status": true}}, {"model": "addresses.address", "pk": 29, "fields": {"nick_name": "Villa Address", "shop_name": 18, "address_line1": "3042, Sector 46", "address_contact_name": "Mayank Prajapat", "address_contact_number": "9899746673", "pincode": "122521", "state": 1, "city": 3, "address_type": "shipping", "latitude": 0.0, "longitude": 0.0, "created_at": "2019-01-07T14:21:34.838", "modified_at": "2019-01-07T14:21:34.838", "status": false}}, {"model": "addresses.address", "pk": 30, "fields": {"nick_name": "Pari Chauk House", "shop_name": 18, "address_line1": "pari chauk", "address_contact_name": "Pradeep Jain", "address_contact_number": "9899765543", "pincode": "122023", "state": 3, "city": 7, "address_type": "shipping", "latitude": 0.0, "longitude": 0.0, "created_at": "2019-01-07T14:44:40.203", "modified_at": "2019-01-07T14:44:40.203", "status": false}}, {"model": "addresses.address", "pk": 31, "fields": {"nick_name": "ShopGgn", "shop_name": 19, "address_line1": "15/11, Sadar Bazaar", "address_contact_name": "S Srivastava", "address_contact_number": "9999685755", "pincode": "122001", "state": 1, "city": 1, "address_type": "shipping", "latitude": 0.0, "longitude": 0.0, "created_at": "2019-01-07T14:48:27.178", "modified_at": "2019-01-07T14:48:27.178", "status": false}}, {"model": "products.size", "pk": 1, "fields": {"size_value": "100", "size_unit": "mm", "size_name": "100-mm", "created_at": "2019-01-04T13:42:39.789", "modified_at": "2019-01-04T13:42:39.789", "status": true}}, {"model": "products.size", "pk": 2, "fields": {"size_value": "50", "size_unit": "mm", "size_name": "50-mm", "created_at": "2019-01-04T13:51:18.619", "modified_at": "2019-01-04T13:51:18.619", "status": true}}, {"model": "products.color", "pk": 1, "fields": {"color_name": "Black", "color_code": "01", "created_at": "2019-01-04T13:36:52.849", "modified_at": "2019-01-04T13:36:52.849", "status": true}}, {"model": "products.color", "pk": 2, "fields": {"color_name": "Blue", "color_code": "02", "created_at": "2019-01-04T13:37:03.267", "modified_at": "2019-01-04T13:37:03.267", "status": true}}, {"model": "products.color", "pk": 3, "fields": {"color_name": "Green", "color_code": "03", "created_at": "2019-01-04T13:37:15.051", "modified_at": "2019-01-04T13:37:15.051", "status": true}}, {"model": "products.color", "pk": 4, "fields": {"color_name": "White", "color_code": "04", "created_at": "2019-01-04T13:37:26.167", "modified_at": "2019-01-04T13:37:26.167", "status": true}}, {"model": "products.color", "pk": 5, "fields": {"color_name": "Red", "color_code": "05", "created_at": "2019-01-04T13:37:38.477", "modified_at": "2019-01-04T13:37:38.477", "status": true}}, {"model": "products.color", "pk": 6, "fields": {"color_name": "White", "color_code": "10", "created_at": "2019-01-04T13:44:55.959", "modified_at": "2019-01-04T13:44:55.959", "status": true}}, {"model": "products.fragrance", "pk": 1, "fields": {"fragrance_name": "Chocolate", "fragrance_code": "01", "created_at": "2019-01-04T13:44:57.064", "modified_at": "2019-01-04T13:45:11.446", "status": true}}, {"model": "products.flavor", "pk": 1, "fields": {"flavor_name": "chocolate", "flavor_code": "01", "created_at": "2019-01-04T13:38:18.924", "modified_at": "2019-01-04T13:38:18.924", "status": true}}, {"model": "products.flavor", "pk": 2, "fields": {"flavor_name": "Straberry", "flavor_code": "2", "created_at": "2019-01-04T13:48:36.212", "modified_at": "2019-01-04T13:48:36.212", "status": true}}, {"model": "products.weight", "pk": 1, "fields": {"weight_value": "1", "weight_unit": "kg", "weight_name": "1-kg", "created_at": "2019-01-04T13:43:06.723", "modified_at": "2019-01-04T13:43:06.723", "status": true}}, {"model": "products.weight", "pk": 2, "fields": {"weight_value": "10", "weight_unit": "kg", "weight_name": "10-kg", "created_at": "2019-01-04T13:43:17.290", "modified_at": "2019-01-04T13:43:17.290", "status": true}}, {"model": "products.weight", "pk": 3, "fields": {"weight_value": "5", "weight_unit": "kg", "weight_name": "5-kg", "created_at": "2019-01-04T13:47:54.289", "modified_at": "2019-01-04T13:47:54.289", "status": true}}, {"model": "products.weight", "pk": 4, "fields": {"weight_value": "20", "weight_unit": "kg", "weight_name": "20-kg", "created_at": "2019-01-04T13:48:00.996", "modified_at": "2019-01-04T13:48:00.996", "status": true}}, {"model": "products.packagesize", "pk": 1, "fields": {"pack_size_value": "100", "pack_size_unit": "mm", "pack_size_name": "100-mm", "pack_length": null, "pack_width": null, "pack_height": null, "created_at": "2019-01-04T13:39:16.264", "modified_at": "2019-01-04T13:39:16.264", "status": true}}, {"model": "products.packagesize", "pk": 2, "fields": {"pack_size_value": "1000", "pack_size_unit": "mm", "pack_size_name": "1000-mm", "pack_length": null, "pack_width": null, "pack_height": null, "created_at": "2019-01-04T13:39:28.215", "modified_at": "2019-01-04T13:39:28.215", "status": true}}, {"model": "products.product", "pk": 1, "fields": {"product_name": "Pepsi soft drink", "product_slug": "pepsi-soft-drink", "product_short_description": "Pepsi soft drink,Refreshing soft drink", "product_long_description": "Pepsi soft drink,Sparkling, clear drink", "product_sku": "BEVBEVPEP00000001", "product_gf_code": "GF112345", "product_ean_code": "9431516996123", "product_brand": 2, "product_inner_case_size": "12", "product_case_size": "20", "created_at": "2019-01-04T13:14:43.119", "modified_at": "2019-01-06T19:51:56.128", "status": true}}, {"model": "products.product", "pk": 2, "fields": {"product_name": "Fortune Soya Chunks", "product_slug": "fortune-soya-chunks", "product_short_description": "Fortune Soya chunks,High in protein", "product_long_description": "Fortune Soya chunks,Packed with great nutrition and taste", "product_sku": "HOKHOKFRT00000001", "product_gf_code": "7777", "product_ean_code": "1211895645894", "product_brand": 1, "product_inner_case_size": "12", "product_case_size": "4", "created_at": "2019-01-04T13:49:12.946", "modified_at": "2019-01-06T19:57:40.387", "status": true}}, {"model": "products.product", "pk": 3, "fields": {"product_name": "Fortune Basmati Rice", "product_slug": "fortune-basmati-rice", "product_short_description": "fortune Basmati Rice,Slender and long grains", "product_long_description": "fortune Basmati Rice,Offers a rich aroma and delicious taste", "product_sku": "HOKHOKFRT00000003", "product_gf_code": "145896", "product_ean_code": "5678345623457", "product_brand": 1, "product_inner_case_size": "15", "product_case_size": "5", "created_at": "2019-01-04T13:54:40.038", "modified_at": "2019-01-06T19:56:01.980", "status": true}}, {"model": "products.product", "pk": 4, "fields": {"product_name": "Fortune Rice", "product_slug": "fortune-rice", "product_short_description": "Fortune Rice,Rich aroma and taste", "product_long_description": "Fortune Rice,A perfect fit for everyday consumption", "product_sku": "HOKHOKFRT00000004", "product_gf_code": "148596", "product_ean_code": "1234567890123", "product_brand": 1, "product_inner_case_size": "4", "product_case_size": "2", "created_at": "2019-01-04T13:59:41.441", "modified_at": "2019-01-06T13:32:14.393", "status": true}}, {"model": "products.productskugenerator", "pk": 1, "fields": {"parent_cat_sku_code": "BEV", "cat_sku_code": "BEV", "brand_sku_code": "PEP", "last_auto_increment": "00000001"}}, {"model": "products.productskugenerator", "pk": 2, "fields": {"parent_cat_sku_code": "HOK", "cat_sku_code": "HOK", "brand_sku_code": "FRT", "last_auto_increment": "00000001"}}, {"model": "products.productskugenerator", "pk": 3, "fields": {"parent_cat_sku_code": "HOK", "cat_sku_code": "HOK", "brand_sku_code": "FRT", "last_auto_increment": "00000002"}}, {"model": "products.productskugenerator", "pk": 4, "fields": {"parent_cat_sku_code": "HOK", "cat_sku_code": "HOK", "brand_sku_code": "FRT", "last_auto_increment": "00000003"}}, {"model": "products.productskugenerator", "pk": 5, "fields": {"parent_cat_sku_code": "HOK", "cat_sku_code": "HOK", "brand_sku_code": "FRT", "last_auto_increment": "00000004"}}, {"model": "products.productoption", "pk": 1, "fields": {"product": 2, "size": 1, "color": 4, "fragrance": 1, "flavor": 1, "weight": 4, "package_size": null, "created_at": "2019-01-04T13:49:12.957", "modified_at": "2019-01-04T13:49:12.957"}}, {"model": "products.productoption", "pk": 2, "fields": {"product": 3, "size": 2, "color": 2, "fragrance": 1, "flavor": 2, "weight": 4, "package_size": null, "created_at": "2019-01-04T13:54:40.094", "modified_at": "2019-01-04T13:54:40.094"}}, {"model": "products.productoption", "pk": 3, "fields": {"product": 4, "size": 2, "color": 1, "fragrance": 1, "flavor": 1, "weight": 1, "package_size": 1, "created_at": "2019-01-04T13:59:41.466", "modified_at": "2019-01-04T13:59:41.466"}}, {"model": "products.productoption", "pk": 4, "fields": {"product": 1, "size": 2, "color": 1, "fragrance": 1, "flavor": 2, "weight": 4, "package_size": null, "created_at": "2019-01-06T19:51:56.130", "modified_at": "2019-01-06T19:51:56.130"}}, {"model": "products.productprice", "pk": 1, "fields": {"product": 1, "city": 1, "area": null, "mrp": 150.0, "shop": 1, "price_to_service_partner": 150.0, "price_to_retailer": 180.0, "price_to_super_retailer": 145.0, "start_date": "2019-01-01T06:00:00", "end_date": "2019-01-31T18:00:00", "created_at": "2019-01-04T13:41:49.671", "modified_at": "2019-01-04T13:42:15.061", "status": true}}, {"model": "products.productprice", "pk": 3, "fields": {"product": 3, "city": 1, "area": 1, "mrp": 250.0, "shop": 1, "price_to_service_partner": 245.0, "price_to_retailer": 240.0, "price_to_super_retailer": 248.0, "start_date": "2019-01-08T18:00:00", "end_date": "2019-01-19T18:00:00", "created_at": "2019-01-04T16:33:22.023", "modified_at": "2019-01-04T16:33:22.023", "status": true}}, {"model": "products.productprice", "pk": 4, "fields": {"product": 4, "city": 1, "area": 1, "mrp": 185.0, "shop": 1, "price_to_service_partner": 180.0, "price_to_retailer": 178.0, "price_to_super_retailer": 182.0, "start_date": "2019-01-28T12:00:00", "end_date": "2019-03-07T12:00:00", "created_at": "2019-01-04T16:34:21.663", "modified_at": "2019-01-04T16:34:21.663", "status": true}}, {"model": "products.productprice", "pk": 5, "fields": {"product": 1, "city": 1, "area": 1, "mrp": 250.0, "shop": 1, "price_to_service_partner": 245.0, "price_to_retailer": 239.0, "price_to_super_retailer": 248.0, "start_date": "2019-01-02T06:00:00", "end_date": "2019-04-18T06:00:00", "created_at": "2019-01-06T19:48:38.287", "modified_at": "2019-01-06T19:48:38.287", "status": true}}, {"model": "products.productprice", "pk": 6, "fields": {"product": 2, "city": 1, "area": 1, "mrp": 180.0, "shop": 1, "price_to_service_partner": 176.0, "price_to_retailer": 170.0, "price_to_super_retailer": 172.0, "start_date": "2019-01-08T12:00:00", "end_date": "2019-02-07T12:00:00", "created_at": "2019-01-06T19:58:23.828", "modified_at": "2019-01-06T19:58:23.828", "status": true}}, {"model": "products.productprice", "pk": 7, "fields": {"product": 4, "city": 1, "area": 1, "mrp": 300.0, "shop": 17, "price_to_service_partner": 290.0, "price_to_retailer": 285.0, "price_to_super_retailer": 287.0, "start_date": "2019-01-09T06:00:00", "end_date": "2019-02-14T06:00:00", "created_at": "2019-01-07T13:30:52.966", "modified_at": "2019-01-07T13:37:46.131", "status": true}}, {"model": "products.productprice", "pk": 8, "fields": {"product": 3, "city": 1, "area": 1, "mrp": 289.0, "shop": 17, "price_to_service_partner": 285.0, "price_to_retailer": 279.0, "price_to_super_retailer": 281.0, "start_date": "2019-01-21T06:00:00", "end_date": "2019-04-13T06:00:00", "created_at": "2019-01-07T13:31:34.091", "modified_at": "2019-01-07T13:37:53.582", "status": true}}, {"model": "products.productprice", "pk": 9, "fields": {"product": 2, "city": 1, "area": 1, "mrp": 195.0, "shop": 17, "price_to_service_partner": 194.0, "price_to_retailer": 190.0, "price_to_super_retailer": 192.0, "start_date": "2019-01-05T00:00:00", "end_date": "2019-04-19T12:00:00", "created_at": "2019-01-07T13:32:12.700", "modified_at": "2019-01-07T13:37:59.984", "status": true}}, {"model": "products.productcategory", "pk": 1, "fields": {"product": 1, "category": 2, "created_at": "2019-01-04T13:14:43.131", "modified_at": "2019-01-04T13:14:43.131", "status": true}}, {"model": "products.productcategory", "pk": 2, "fields": {"product": 2, "category": 1, "created_at": "2019-01-04T13:49:12.955", "modified_at": "2019-01-04T13:49:12.955", "status": true}}, {"model": "products.productcategory", "pk": 3, "fields": {"product": 3, "category": 1, "created_at": "2019-01-04T13:54:40.083", "modified_at": "2019-01-04T13:54:40.083", "status": true}}, {"model": "products.productcategory", "pk": 4, "fields": {"product": 3, "category": 1, "created_at": "2019-01-04T13:54:40.093", "modified_at": "2019-01-04T13:54:40.093", "status": true}}, {"model": "products.productcategory", "pk": 5, "fields": {"product": 4, "category": 1, "created_at": "2019-01-04T13:59:41.462", "modified_at": "2019-01-04T13:59:41.462", "status": true}}, {"model": "products.productimage", "pk": 1, "fields": {"product": 1, "image_name": "pepsi", "image_alt_text": null, "image": "product_image/292394_4-pepsi-soft-drink.jpg", "created_at": "2019-01-04T13:14:43.194", "modified_at": "2019-01-04T13:14:43.194", "status": true}}, {"model": "products.productimage", "pk": 2, "fields": {"product": 2, "image_name": "Fortune Soya", "image_alt_text": null, "image": "product_image/soya.png", "created_at": "2019-01-04T13:49:13.287", "modified_at": "2019-01-04T13:49:13.287", "status": true}}, {"model": "products.productimage", "pk": 3, "fields": {"product": 3, "image_name": "Rice", "image_alt_text": null, "image": "product_image/40022616_2-fortune-basmati-rice-rozana.jpg", "created_at": "2019-01-04T13:54:40.419", "modified_at": "2019-01-04T13:54:40.420", "status": true}}, {"model": "products.productimage", "pk": 4, "fields": {"product": 4, "image_name": "Fortune Rice", "image_alt_text": null, "image": "product_image/super-bamati-rice.png", "created_at": "2019-01-05T15:34:42.069", "modified_at": "2019-01-05T15:34:42.069", "status": true}}, {"model": "products.tax", "pk": 1, "fields": {"tax_name": "SGST-9", "tax_type": null, "tax_percentage": 9.0, "tax_start_at": null, "tax_end_at": null, "created_at": "2019-01-04T13:13:30.669", "modified_at": "2019-01-04T13:13:30.669", "status": true}}, {"model": "products.tax", "pk": 2, "fields": {"tax_name": "CGST-9", "tax_type": null, "tax_percentage": 9.0, "tax_start_at": null, "tax_end_at": null, "created_at": "2019-01-04T13:14:01.045", "modified_at": "2019-01-04T13:14:01.045", "status": true}}, {"model": "products.tax", "pk": 3, "fields": {"tax_name": "IGST - 5", "tax_type": null, "tax_percentage": 5.0, "tax_start_at": null, "tax_end_at": null, "created_at": "2019-01-04T13:14:27.370", "modified_at": "2019-01-04T13:14:27.370", "status": true}}, {"model": "products.producttaxmapping", "pk": 1, "fields": {"product": 1, "tax": 1, "created_at": "2019-01-04T13:14:43.197", "modified_at": "2019-01-04T13:14:43.197", "status": true}}, {"model": "products.producttaxmapping", "pk": 2, "fields": {"product": 1, "tax": 2, "created_at": "2019-01-04T13:14:43.198", "modified_at": "2019-01-04T13:14:43.198", "status": true}}, {"model": "products.producttaxmapping", "pk": 3, "fields": {"product": 2, "tax": 1, "created_at": "2019-01-04T13:49:13.289", "modified_at": "2019-01-04T13:49:13.290", "status": true}}, {"model": "products.producttaxmapping", "pk": 5, "fields": {"product": 4, "tax": 1, "created_at": "2019-01-04T13:59:41.471", "modified_at": "2019-01-04T13:59:41.471", "status": true}}, {"model": "products.producttaxmapping", "pk": 6, "fields": {"product": 4, "tax": 2, "created_at": "2019-01-06T13:32:14.395", "modified_at": "2019-01-06T13:32:14.395", "status": true}}, {"model": "products.producttaxmapping", "pk": 7, "fields": {"product": 3, "tax": 1, "created_at": "2019-01-06T13:32:47.206", "modified_at": "2019-01-06T13:32:47.206", "status": true}}, {"model": "products.productvendormapping", "pk": 1, "fields": {"vendor": 1, "product": 2, "product_price": 180.0, "created_at": "2019-01-04T13:27:26.814", "modified_at": "2019-01-04T16:28:01.233"}}, {"model": "products.productvendormapping", "pk": 2, "fields": {"vendor": 1, "product": 3, "product_price": 200.0, "created_at": "2019-01-04T16:28:01.235", "modified_at": "2019-01-04T16:28:01.235"}}, {"model": "products.productvendormapping", "pk": 3, "fields": {"vendor": 1, "product": 4, "product_price": 224.0, "created_at": "2019-01-04T16:28:01.236", "modified_at": "2019-01-04T16:28:01.236"}}, {"model": "products.productvendormapping", "pk": 4, "fields": {"vendor": 1, "product": 1, "product_price": 85.0, "created_at": "2019-01-06T19:41:46.197", "modified_at": "2019-01-06T19:41:46.197"}}, {"model": "shops.shoptype", "pk": 1, "fields": {"shop_type": "r", "shop_sub_type": null, "created_at": "2019-01-04T13:09:12.806", "modified_at": "2019-01-04T13:09:12.806", "status": true}}, {"model": "shops.shoptype", "pk": 2, "fields": {"shop_type": "sr", "shop_sub_type": null, "created_at": "2019-01-04T13:17:55.472", "modified_at": "2019-01-04T13:17:55.472", "status": true}}, {"model": "shops.shoptype", "pk": 3, "fields": {"shop_type": "gf", "shop_sub_type": null, "created_at": "2019-01-04T13:18:04.288", "modified_at": "2019-01-04T13:18:04.288", "status": true}}, {"model": "shops.shoptype", "pk": 4, "fields": {"shop_type": "sp", "shop_sub_type": null, "created_at": "2019-01-04T13:18:13.110", "modified_at": "2019-01-04T13:18:13.110", "status": true}}, {"model": "shops.shopphoto", "pk": 4, "fields": {"shop_name": 9, "shop_photo": "shop_photos/shop_name/IMG-20190105-WA0001.jpg"}}, {"model": "shops.shopphoto", "pk": 5, "fields": {"shop_name": 11, "shop_photo": "shop_photos/shop_name/IMG_20190106_233709.jpg"}}, {"model": "shops.shopphoto", "pk": 7, "fields": {"shop_name": 13, "shop_photo": "shop_photos/shop_name/IMG_20190107_114721.jpg"}}, {"model": "shops.shopphoto", "pk": 8, "fields": {"shop_name": 14, "shop_photo": "shop_photos/shop_name/IMG_20181015_134000.jpg"}}, {"model": "shops.shopphoto", "pk": 9, "fields": {"shop_name": 15, "shop_photo": "shop_photos/shop_name/IMG_20181228_134608.jpg"}}, {"model": "shops.shopphoto", "pk": 10, "fields": {"shop_name": 16, "shop_photo": "shop_photos/shop_name/IMG_20190107_125442.jpg"}}, {"model": "shops.shopphoto", "pk": 11, "fields": {"shop_name": 18, "shop_photo": "shop_photos/shop_name/IMG-20190105-WA0000.jpg"}}, {"model": "shops.shopphoto", "pk": 12, "fields": {"shop_name": 19, "shop_photo": "shop_photos/shop_name/IMG_20190107_151316.jpg"}}, {"model": "shops.shopdocument", "pk": 1, "fields": {"shop_name": 2, "shop_document_type": "gstin", "shop_document_number": "7845896", "shop_document_photo": "shop_photos/shop_name/documents/super-bamati-rice.png"}}, {"model": "shops.shopdocument", "pk": 2, "fields": {"shop_name": 3, "shop_document_type": "gstin", "shop_document_number": "123433", "shop_document_photo": "shop_photos/shop_name/documents/super-bamati-rice.png"}}, {"model": "shops.shopdocument", "pk": 6, "fields": {"shop_name": 9, "shop_document_type": "uidai", "shop_document_number": "5525 6325 8542", "shop_document_photo": "shop_photos/shop_name/documents/IMG-20190105-WA0001.jpg"}}, {"model": "shops.shopdocument", "pk": 8, "fields": {"shop_name": 11, "shop_document_type": "gstin", "shop_document_number": "Jsjsksmsms", "shop_document_photo": "shop_photos/shop_name/documents/IMG_20190106_233744.jpg"}}, {"model": "shops.shopdocument", "pk": 10, "fields": {"shop_name": 13, "shop_document_type": "sln", "shop_document_number": "12345asdfgh", "shop_document_photo": "shop_photos/shop_name/documents/IMG_20190107_114750.jpg"}}, {"model": "shops.shopdocument", "pk": 11, "fields": {"shop_name": 14, "shop_document_type": "uidai", "shop_document_number": "567812348901", "shop_document_photo": "shop_photos/shop_name/documents/Back_to_school_coffee7901_rectangle.jpg"}}, {"model": "shops.shopdocument", "pk": 12, "fields": {"shop_name": 15, "shop_document_type": "uidai", "shop_document_number": "376535287538", "shop_document_photo": "shop_photos/shop_name/documents/IMG_20181228_134608.jpg"}}, {"model": "shops.shopdocument", "pk": 13, "fields": {"shop_name": 16, "shop_document_type": "gstin", "shop_document_number": "83833838", "shop_document_photo": "shop_photos/shop_name/documents/IMG_20190107_125556.jpg"}}, {"model": "shops.shopdocument", "pk": 14, "fields": {"shop_name": 18, "shop_document_type": "bill", "shop_document_number": "BSES58652BJBH", "shop_document_photo": "shop_photos/shop_name/documents/IMG-20190105-WA0000.jpg"}}, {"model": "shops.shopdocument", "pk": 15, "fields": {"shop_name": 19, "shop_document_type": "sln", "shop_document_number": "4567ffghjj-fghh/gghh", "shop_document_photo": "shop_photos/shop_name/documents/IMG_20190107_151532.jpg"}}, {"model": "shops.parentretailermapping", "pk": 6, "fields": {"parent": 1, "retailer": 9, "created_at": "2019-01-06T12:05:54.978", "modified_at": "2019-01-06T12:05:54.979", "status": true}}, {"model": "shops.parentretailermapping", "pk": 10, "fields": {"parent": 1, "retailer": 14, "created_at": "2019-01-07T11:49:23.637", "modified_at": "2019-01-07T13:38:16.366", "status": false}}, {"model": "shops.parentretailermapping", "pk": 11, "fields": {"parent": 1, "retailer": 13, "created_at": "2019-01-07T11:49:31.313", "modified_at": "2019-01-07T14:04:06.286", "status": true}}, {"model": "shops.parentretailermapping", "pk": 12, "fields": {"parent": 1, "retailer": 15, "created_at": "2019-01-07T11:57:04.966", "modified_at": "2019-01-07T11:57:04.966", "status": true}}, {"model": "shops.parentretailermapping", "pk": 13, "fields": {"parent": 1, "retailer": 16, "created_at": "2019-01-07T12:59:04.906", "modified_at": "2019-01-07T12:59:04.906", "status": true}}, {"model": "shops.parentretailermapping", "pk": 14, "fields": {"parent": 17, "retailer": 14, "created_at": "2019-01-07T13:38:16.373", "modified_at": "2019-01-07T13:38:16.373", "status": true}}, {"model": "shops.parentretailermapping", "pk": 15, "fields": {"parent": 17, "retailer": 13, "created_at": "2019-01-07T13:40:47.932", "modified_at": "2019-01-07T14:03:13.218", "status": false}}, {"model": "shops.parentretailermapping", "pk": 16, "fields": {"parent": 1, "retailer": 18, "created_at": "2019-01-07T14:26:32.228", "modified_at": "2019-01-07T14:26:32.228", "status": true}}, {"model": "brand.vendor", "pk": 1, "fields": {"company_name": "Varun Bevrages", "vendor_name": "Varun", "contact_person_name": null, "telephone_no": null, "mobile": "987654321", "designation": "TL", "address_line1": "SECTOR 15", "state": 1, "city": 1, "pincode": "120012", "payment_terms": "", "vendor_registion_free": null, "sku_listing_free": null, "return_policy": "", "GST_number": "34235346434", "MSMED_reg_no": null, "MSMED_reg_document": "", "fssai_licence": "", "GST_document": "vendor/gst_doc/Address_screens.pdf", "pan_card": "vendor/pan_card/Complete_screen_flow-from_navigation_menu_1.pdf", "cancelled_cheque": "vendor/cancelled_cheque/Address_screens.pdf", "list_of_sku_in_NPI_formate": "", "vendor_form": "", "vendor_products_csv": ""}}, {"model": "brand.vendor", "pk": 2, "fields": {"company_name": "HINDUSTAN COCA-COLA BEVERAGES PVT LTD", "vendor_name": "HINDUSTAN COCA-COLA BEVERAGES PVT LTD", "contact_person_name": null, "telephone_no": "9766008720", "mobile": "9766008720", "designation": "ASM", "address_line1": "5 Km Mile Stone masuri Gulawthi Road Dasna Tehlil  Hapur-201009,Uttar Pradesh", "state": 1, "city": 1, "pincode": "120012", "payment_terms": "", "vendor_registion_free": null, "sku_listing_free": null, "return_policy": "", "GST_number": "34235346434", "MSMED_reg_no": null, "MSMED_reg_document": "", "fssai_licence": "", "GST_document": "vendor/gst_doc/Complete_screen_flow-from_navigation_menu_1.pdf", "pan_card": "vendor/pan_card/Address_screens.pdf", "cancelled_cheque": "vendor/cancelled_cheque/Complete_screen_flow-from_navigation_menu_1.pdf", "list_of_sku_in_NPI_formate": "", "vendor_form": "", "vendor_products_csv": ""}}, {"model": "brand.vendor", "pk": 3, "fields": {"company_name": "Maddy Store", "vendor_name": "Atul", "contact_person_name": null, "telephone_no": null, "mobile": "8956748515", "designation": "MANAGER", "address_line1": "Sector 5,Noida", "state": 2, "city": 5, "pincode": "158963", "payment_terms": "", "vendor_registion_free": null, "sku_listing_free": null, "return_policy": "", "GST_number": "1485", "MSMED_reg_no": null, "MSMED_reg_document": "", "fssai_licence": "", "GST_document": "vendor/gst_doc/Complete_screen_flow-from_navigation_menu_1.pdf", "pan_card": "vendor/pan_card/Address_screens.pdf", "cancelled_cheque": "vendor/cancelled_cheque/Complete_screen_flow-from_navigation_menu_1.pdf", "list_of_sku_in_NPI_formate": "", "vendor_form": "", "vendor_products_csv": ""}}, {"model": "brand.brand", "pk": 1, "fields": {"brand_name": "Fortune", "brand_slug": "fortune", "brand_logo": "Fortune_Oil_LOGO_2_-min_copy.jpg", "brand_parent": null, "brand_description": "FORTUNE OIL AND FOOD", "brand_code": "FRT", "created_at": "2019-01-04T12:40:06.694", "updated_at": "2019-01-04T12:40:06.694", "active_status": 1}}, {"model": "brand.brand", "pk": 2, "fields": {"brand_name": "Pepsi", "brand_slug": "pepsi", "brand_logo": "logo-4.png", "brand_parent": null, "brand_description": "", "brand_code": "PEP", "created_at": "2019-01-04T12:40:47.606", "updated_at": "2019-01-04T12:40:47.606", "active_status": 1}}, {"model": "brand.brand", "pk": 3, "fields": {"brand_name": "Bounty", "brand_slug": "bounty", "brand_logo": "logo-8.png", "brand_parent": null, "brand_description": "Bounty", "brand_code": "BOU", "created_at": "2019-01-04T12:41:44.698", "updated_at": "2019-01-04T12:41:44.698", "active_status": 1}}, {"model": "brand.brand", "pk": 4, "fields": {"brand_name": "Pamperr", "brand_slug": "pamperr", "brand_logo": "logo-1.png", "brand_parent": null, "brand_description": "", "brand_code": "PAM", "created_at": "2019-01-04T12:50:39.939", "updated_at": "2019-01-04T12:52:28.674", "active_status": 1}}, {"model": "brand.brand", "pk": 5, "fields": {"brand_name": "Oral B", "brand_slug": "oral-b", "brand_logo": "logo-2.png", "brand_parent": null, "brand_description": "oral B", "brand_code": "ORB", "created_at": "2019-01-04T12:51:42.348", "updated_at": "2019-01-04T12:52:37.157", "active_status": 1}}, {"model": "brand.brand", "pk": 6, "fields": {"brand_name": "Heinz", "brand_slug": "heinz", "brand_logo": "logo-7.png", "brand_parent": null, "brand_description": "Heinz", "brand_code": "HEI", "created_at": "2019-01-04T12:53:08.972", "updated_at": "2019-01-04T12:53:08.972", "active_status": 1}}, {"model": "brand.brand", "pk": 7, "fields": {"brand_name": "Sunfeast", "brand_slug": "sunfeast", "brand_logo": "logo-5.png", "brand_parent": null, "brand_description": "sunfeast", "brand_code": "SUN", "created_at": "2019-01-04T12:53:44.559", "updated_at": "2019-01-04T12:53:44.559", "active_status": 1}}, {"model": "brand.brand", "pk": 8, "fields": {"brand_name": "Gillette", "brand_slug": "gillette", "brand_logo": "logo-6.png", "brand_parent": null, "brand_description": "Gillette", "brand_code": "GIL", "created_at": "2019-01-04T12:56:57.434", "updated_at": "2019-01-04T12:56:57.435", "active_status": 1}}, {"model": "brand.brand", "pk": 9, "fields": {"brand_name": "Fresh Express", "brand_slug": "fresh-express", "brand_logo": "logo-912.png", "brand_parent": null, "brand_description": "Fresh Express", "brand_code": "FRE", "created_at": "2019-01-04T12:57:32.820", "updated_at": "2019-01-04T12:57:32.820", "active_status": 1}}, {"model": "brand.brand", "pk": 10, "fields": {"brand_name": "Ariel", "brand_slug": "ariel", "brand_logo": "logo-9.png", "brand_parent": null, "brand_description": "Ariel", "brand_code": "ARE", "created_at": "2019-01-04T12:58:13.329", "updated_at": "2019-01-04T12:58:13.329", "active_status": 1}}, {"model": "brand.brand", "pk": 11, "fields": {"brand_name": "Tropicana", "brand_slug": "tropicana", "brand_logo": "tropicana.png", "brand_parent": 2, "brand_description": "", "brand_code": "TRO", "created_at": "2019-01-07T12:41:14.943", "updated_at": "2019-01-07T12:41:14.943", "active_status": 1}}, {"model": "brand.brandposition", "pk": 1, "fields": {"position_name": "HomePage", "brand_position_order": 1}}, {"model": "brand.branddata", "pk": 1, "fields": {"slot": 1, "brand_data": 1, "brand_data_order": 1}}, {"model": "brand.branddata", "pk": 2, "fields": {"slot": 1, "brand_data": 2, "brand_data_order": 2}}, {"model": "brand.branddata", "pk": 3, "fields": {"slot": 1, "brand_data": 3, "brand_data_order": 3}}, {"model": "brand.branddata", "pk": 4, "fields": {"slot": 1, "brand_data": 4, "brand_data_order": 4}}, {"model": "brand.branddata", "pk": 5, "fields": {"slot": 1, "brand_data": 5, "brand_data_order": 5}}, {"model": "brand.branddata", "pk": 6, "fields": {"slot": 1, "brand_data": 6, "brand_data_order": 6}}, {"model": "brand.branddata", "pk": 7, "fields": {"slot": 1, "brand_data": 7, "brand_data_order": 7}}, {"model": "brand.branddata", "pk": 8, "fields": {"slot": 1, "brand_data": 8, "brand_data_order": 8}}, {"model": "brand.branddata", "pk": 9, "fields": {"slot": 1, "brand_data": 9, "brand_data_order": 9}}, {"model": "brand.branddata", "pk": 10, "fields": {"slot": 1, "brand_data": 10, "brand_data_order": 10}}, {"model": "brand.branddata", "pk": 11, "fields": {"slot": 1, "brand_data": 11, "brand_data_order": 11}}, {"model": "banner.banner", "pk": 1, "fields": {"name": "Marico", "image": "banner_78.png", "created_at": "2019-01-04T12:42:56.912", "updated_at": "2019-01-04T12:42:56.912", "banner_start_date": "2019-01-01T12:00:00", "banner_end_date": "2019-05-16T18:00:00", "status": true, "alt_text": "marico", "text_below_image": null}}, {"model": "banner.banner", "pk": 2, "fields": {"name": "Goldee", "image": "banner_I6.png", "created_at": "2019-01-04T12:59:48.040", "updated_at": "2019-01-04T12:59:48.040", "banner_start_date": "2019-01-01T18:00:00", "banner_end_date": "2019-06-14T12:00:00", "status": true, "alt_text": "goldee", "text_below_image": null}}, {"model": "banner.banner", "pk": 3, "fields": {"name": "GramFactory", "image": "banner_56.png", "created_at": "2019-01-04T13:00:27.669", "updated_at": "2019-01-04T13:00:27.669", "banner_start_date": "2019-01-02T18:00:00", "banner_end_date": "2019-04-12T12:00:00", "status": true, "alt_text": "GramFactory", "text_below_image": null}}, {"model": "banner.banner", "pk": 4, "fields": {"name": "lyzol", "image": "banner_60.png", "created_at": "2019-01-04T13:01:06.981", "updated_at": "2019-01-04T13:01:06.981", "banner_start_date": "2019-01-03T12:00:00", "banner_end_date": "2019-09-14T12:00:00", "status": true, "alt_text": "lyzol", "text_below_image": null}}, {"model": "banner.banner", "pk": 5, "fields": {"name": "snacks", "image": "banner_24.png", "created_at": "2019-01-04T13:01:44.786", "updated_at": "2019-01-04T13:01:44.786", "banner_start_date": "2019-01-02T12:00:00", "banner_end_date": "2019-06-01T12:00:00", "status": true, "alt_text": "snacks", "text_below_image": null}}, {"model": "banner.banner", "pk": 6, "fields": {"name": "cream", "image": "banner_37.png", "created_at": "2019-01-04T13:02:25.516", "updated_at": "2019-01-04T13:02:25.516", "banner_start_date": "2019-01-03T06:00:00", "banner_end_date": "2019-04-16T06:00:00", "status": true, "alt_text": "cream", "text_below_image": null}}, {"model": "banner.page", "pk": 1, "fields": {"name": "HomePage"}}, {"model": "banner.bannerslot", "pk": 1, "fields": {"page": 1, "name": "homepage-slot1"}}, {"model": "banner.bannerposition", "pk": 1, "fields": {"page": 1, "bannerslot": 1, "banner_position_order": 1}}, {"model": "banner.bannerdata", "pk": 1, "fields": {"slot": 1, "banner_data": 1, "banner_data_order": 1}}, {"model": "banner.bannerdata", "pk": 2, "fields": {"slot": 1, "banner_data": 2, "banner_data_order": 2}}, {"model": "banner.bannerdata", "pk": 3, "fields": {"slot": 1, "banner_data": 3, "banner_data_order": 3}}, {"model": "banner.bannerdata", "pk": 4, "fields": {"slot": 1, "banner_data": 4, "banner_data_order": 4}}, {"model": "banner.bannerdata", "pk": 5, "fields": {"slot": 1, "banner_data": 5, "banner_data_order": 5}}, {"model": "banner.bannerdata", "pk": 6, "fields": {"slot": 1, "banner_data": 6, "banner_data_order": 6}}, {"model": "gram_to_brand.cartproductmapping", "pk": 2, "fields": {"cart": 2, "cart_product": 2, "inner_case_size": 12, "case_size": 4, "number_of_cases": 10, "qty": 480, "scheme": 0.0, "price": 180.0, "total_price": 86400}}, {"model": "gram_to_brand.cartproductmapping", "pk": 3, "fields": {"cart": 2, "cart_product": 3, "inner_case_size": 15, "case_size": 5, "number_of_cases": 10, "qty": 750, "scheme": 0.0, "price": 200.0, "total_price": 150000}}, {"model": "gram_to_brand.cartproductmapping", "pk": 4, "fields": {"cart": 2, "cart_product": 4, "inner_case_size": 4, "case_size": 2, "number_of_cases": 10, "qty": 80, "scheme": 0.0, "price": 224.0, "total_price": 17920}}, {"model": "gram_to_brand.cartproductmapping", "pk": 5, "fields": {"cart": 3, "cart_product": 2, "inner_case_size": 12, "case_size": 4, "number_of_cases": 10, "qty": 480, "scheme": 0.0, "price": 180.0, "total_price": 86400}}, {"model": "gram_to_brand.cartproductmapping", "pk": 6, "fields": {"cart": 4, "cart_product": 2, "inner_case_size": 12, "case_size": 4, "number_of_cases": 10, "qty": 480, "scheme": 0.0, "price": 180.0, "total_price": 86400}}, {"model": "gram_to_brand.cartproductmapping", "pk": 7, "fields": {"cart": 4, "cart_product": 3, "inner_case_size": 15, "case_size": 5, "number_of_cases": 10, "qty": 750, "scheme": 0.0, "price": 200.0, "total_price": 150000}}, {"model": "gram_to_brand.cartproductmapping", "pk": 8, "fields": {"cart": 4, "cart_product": 4, "inner_case_size": 4, "case_size": 2, "number_of_cases": 10, "qty": 80, "scheme": 0.0, "price": 224.0, "total_price": 17920}}, {"model": "gram_to_brand.cartproductmapping", "pk": 9, "fields": {"cart": 5, "cart_product": 4, "inner_case_size": 4, "case_size": 2, "number_of_cases": 10, "qty": 80, "scheme": 0.0, "price": 224.0, "total_price": 17920}}, {"model": "gram_to_brand.cartproductmapping", "pk": 10, "fields": {"cart": 5, "cart_product": 3, "inner_case_size": 15, "case_size": 5, "number_of_cases": 10, "qty": 750, "scheme": 0.0, "price": 200.0, "total_price": 150000}}, {"model": "gram_to_brand.cartproductmapping", "pk": 11, "fields": {"cart": 5, "cart_product": 2, "inner_case_size": 12, "case_size": 4, "number_of_cases": 10, "qty": 480, "scheme": 0.0, "price": 180.0, "total_price": 86400}}, {"model": "gram_to_brand.cartproductmapping", "pk": 12, "fields": {"cart": 6, "cart_product": 1, "inner_case_size": 12, "case_size": 20, "number_of_cases": 20, "qty": 4800, "scheme": 0.0, "price": 85.0, "total_price": 408000}}, {"model": "gram_to_brand.cartproductmapping", "pk": 13, "fields": {"cart": 7, "cart_product": 4, "inner_case_size": 4, "case_size": 10, "number_of_cases": 10, "qty": 400, "scheme": 0.0, "price": 224.0, "total_price": 89600}}, {"model": "gram_to_brand.cartproductmapping", "pk": 14, "fields": {"cart": 7, "cart_product": 1, "inner_case_size": 12, "case_size": 20, "number_of_cases": 20, "qty": 4800, "scheme": 0.0, "price": 85.0, "total_price": 408000}}, {"model": "gram_to_brand.cartproductmapping", "pk": 15, "fields": {"cart": 7, "cart_product": 2, "inner_case_size": 12, "case_size": 4, "number_of_cases": 20, "qty": 960, "scheme": 0.0, "price": 180.0, "total_price": 172800}}, {"model": "gram_to_brand.cartproductmapping", "pk": 16, "fields": {"cart": 8, "cart_product": 4, "inner_case_size": 4, "case_size": 2, "number_of_cases": 10, "qty": 80, "scheme": 0.0, "price": 224.0, "total_price": 17920}}, {"model": "gram_to_brand.cartproductmapping", "pk": 17, "fields": {"cart": 8, "cart_product": 3, "inner_case_size": 15, "case_size": 5, "number_of_cases": 10, "qty": 750, "scheme": 0.0, "price": 200.0, "total_price": 150000}}, {"model": "gram_to_brand.cartproductmapping", "pk": 18, "fields": {"cart": 8, "cart_product": 2, "inner_case_size": 12, "case_size": 4, "number_of_cases": 10, "qty": 480, "scheme": 0.0, "price": 180.0, "total_price": 86400}}, {"model": "gram_to_brand.cartproductmapping", "pk": 19, "fields": {"cart": 9, "cart_product": 4, "inner_case_size": 2, "case_size": 5, "number_of_cases": 2, "qty": 40, "scheme": 0.0, "price": 400.0, "total_price": 16000}}, {"model": "gram_to_brand.cartproductmapping", "pk": 20, "fields": {"cart": 9, "cart_product": 3, "inner_case_size": 6, "case_size": 6, "number_of_cases": 4, "qty": 360, "scheme": 0.0, "price": 300.0, "total_price": 108000}}, {"model": "gram_to_brand.cartproductmapping", "pk": 21, "fields": {"cart": 9, "cart_product": 2, "inner_case_size": 20, "case_size": 14, "number_of_cases": 3, "qty": 504, "scheme": 0.0, "price": 200.0, "total_price": 100800}}, {"model": "gram_to_brand.orderedproductreserved", "pk": 86, "fields": {"order_product_reserved": 7, "product": 2, "cart": 17, "reserved_qty": 3, "order_reserve_end_time": "2019-01-07T15:23:02.028", "created_at": "2019-01-07T10:44:02.831", "modified_at": "2019-01-07T15:15:02.028", "reserve_status": "free"}}, {"model": "gram_to_brand.orderedproductreserved", "pk": 87, "fields": {"order_product_reserved": 6, "product": 2, "cart": 17, "reserved_qty": 3, "order_reserve_end_time": "2019-01-07T15:23:02.100", "created_at": "2019-01-07T10:44:02.848", "modified_at": "2019-01-07T15:15:02.101", "reserve_status": "free"}}, {"model": "gram_to_brand.orderedproductreserved", "pk": 88, "fields": {"order_product_reserved": 1, "product": 2, "cart": 17, "reserved_qty": 3, "order_reserve_end_time": "2019-01-07T15:23:01.974", "created_at": "2019-01-07T10:44:02.863", "modified_at": "2019-01-07T15:15:01.974", "reserve_status": "free"}}, {"model": "gram_to_brand.orderedproductreserved", "pk": 89, "fields": {"order_product_reserved": 3, "product": 2, "cart": 17, "reserved_qty": 3, "order_reserve_end_time": "2019-01-07T15:23:01.956", "created_at": "2019-01-07T10:44:02.879", "modified_at": "2019-01-07T15:15:01.956", "reserve_status": "free"}}, {"model": "gram_to_brand.orderedproductreserved", "pk": 90, "fields": {"order_product_reserved": 8, "product": 4, "cart": 17, "reserved_qty": 3, "order_reserve_end_time": "2019-01-07T15:23:02.149", "created_at": "2019-01-07T10:44:03.061", "modified_at": "2019-01-07T15:15:02.149", "reserve_status": "free"}}, {"model": "gram_to_brand.orderedproductreserved", "pk": 91, "fields": {"order_product_reserved": 2, "product": 4, "cart": 17, "reserved_qty": 3, "order_reserve_end_time": "2019-01-07T15:23:02.133", "created_at": "2019-01-07T10:44:03.076", "modified_at": "2019-01-07T15:15:02.133", "reserve_status": "free"}}, {"model": "gram_to_brand.orderedproductreserved", "pk": 92, "fields": {"order_product_reserved": 9, "product": 3, "cart": 17, "reserved_qty": 3, "order_reserve_end_time": "2019-01-07T15:23:02.066", "created_at": "2019-01-07T10:44:03.339", "modified_at": "2019-01-07T15:15:02.066", "reserve_status": "free"}}, {"model": "gram_to_brand.orderedproductreserved", "pk": 93, "fields": {"order_product_reserved": 4, "product": 3, "cart": 17, "reserved_qty": 3, "order_reserve_end_time": "2019-01-07T15:23:02.046", "created_at": "2019-01-07T10:44:03.354", "modified_at": "2019-01-07T15:15:02.047", "reserve_status": "free"}}, {"model": "gram_to_brand.orderedproductreserved", "pk": 94, "fields": {"order_product_reserved": 7, "product": 2, "cart": 18, "reserved_qty": 5, "order_reserve_end_time": "2019-01-07T15:22:02.672", "created_at": "2019-01-07T10:45:27.441", "modified_at": "2019-01-07T15:14:02.672", "reserve_status": "free"}}, {"model": "gram_to_brand.orderedproductreserved", "pk": 95, "fields": {"order_product_reserved": 14, "product": 2, "cart": 18, "reserved_qty": 5, "order_reserve_end_time": "2019-01-07T15:22:03.253", "created_at": "2019-01-07T10:45:27.456", "modified_at": "2019-01-07T15:14:03.253", "reserve_status": "free"}}, {"model": "gram_to_brand.orderedproductreserved", "pk": 96, "fields": {"order_product_reserved": 4, "product": 3, "cart": 18, "reserved_qty": 1, "order_reserve_end_time": "2019-01-07T15:22:03.207", "created_at": "2019-01-07T10:45:27.649", "modified_at": "2019-01-07T15:14:03.208", "reserve_status": "free"}}, {"model": "gram_to_brand.orderedproductreserved", "pk": 97, "fields": {"order_product_reserved": 9, "product": 3, "cart": 18, "reserved_qty": 1, "order_reserve_end_time": "2019-01-07T15:22:02.943", "created_at": "2019-01-07T10:45:27.664", "modified_at": "2019-01-07T15:14:02.943", "reserve_status": "free"}}, {"model": "gram_to_brand.orderedproductreserved", "pk": 98, "fields": {"order_product_reserved": 12, "product": 4, "cart": 18, "reserved_qty": 2, "order_reserve_end_time": "2019-01-07T15:22:02.563", "created_at": "2019-01-07T10:45:27.859", "modified_at": "2019-01-07T15:14:02.563", "reserve_status": "free"}}, {"model": "gram_to_brand.orderedproductreserved", "pk": 99, "fields": {"order_product_reserved": 2, "product": 4, "cart": 18, "reserved_qty": 2, "order_reserve_end_time": "2019-01-07T15:22:02.692", "created_at": "2019-01-07T10:45:27.877", "modified_at": "2019-01-07T15:14:02.692", "reserve_status": "free"}}, {"model": "gram_to_brand.orderedproductreserved", "pk": 100, "fields": {"order_product_reserved": 1, "product": 2, "cart": 18, "reserved_qty": 5, "order_reserve_end_time": "2019-01-07T15:22:03.193", "created_at": "2019-01-07T10:45:31.863", "modified_at": "2019-01-07T15:14:03.193", "reserve_status": "free"}}, {"model": "gram_to_brand.orderedproductreserved", "pk": 101, "fields": {"order_product_reserved": 3, "product": 2, "cart": 18, "reserved_qty": 5, "order_reserve_end_time": "2019-01-07T15:21:01.926", "created_at": "2019-01-07T10:45:31.879", "modified_at": "2019-01-07T15:13:01.926", "reserve_status": "free"}}, {"model": "gram_to_brand.orderedproductreserved", "pk": 102, "fields": {"order_product_reserved": 8, "product": 4, "cart": 18, "reserved_qty": 2, "order_reserve_end_time": "2019-01-07T15:21:01.838", "created_at": "2019-01-07T10:45:32.231", "modified_at": "2019-01-07T15:13:01.839", "reserve_status": "free"}}, {"model": "gram_to_brand.orderedproductreserved", "pk": 103, "fields": {"order_product_reserved": 12, "product": 4, "cart": 18, "reserved_qty": 2, "order_reserve_end_time": "2019-01-07T15:21:01.857", "created_at": "2019-01-07T10:45:32.246", "modified_at": "2019-01-07T15:13:01.857", "reserve_status": "free"}}, {"model": "gram_to_brand.orderedproductreserved", "pk": 104, "fields": {"order_product_reserved": 2, "product": 4, "cart": 18, "reserved_qty": 2, "order_reserve_end_time": "2019-01-07T15:22:02.594", "created_at": "2019-01-07T10:45:32.261", "modified_at": "2019-01-07T15:14:02.594", "reserve_status": "free"}}, {"model": "gram_to_brand.orderedproductreserved", "pk": 105, "fields": {"order_product_reserved": 8, "product": 4, "cart": 18, "reserved_qty": 2, "order_reserve_end_time": "2019-01-07T15:28:01.919", "created_at": "2019-01-07T10:45:41.655", "modified_at": "2019-01-07T15:20:01.919", "reserve_status": "free"}}, {"model": "gram_to_brand.orderedproductreserved", "pk": 106, "fields": {"order_product_reserved": 12, "product": 4, "cart": 18, "reserved_qty": 2, "order_reserve_end_time": "2019-01-07T15:22:02.798", "created_at": "2019-01-07T10:45:41.671", "modified_at": "2019-01-07T15:14:02.798", "reserve_status": "free"}}, {"model": "gram_to_brand.orderedproductreserved", "pk": 107, "fields": {"order_product_reserved": 2, "product": 4, "cart": 18, "reserved_qty": 2, "order_reserve_end_time": "2019-01-07T15:28:01.899", "created_at": "2019-01-07T10:45:41.687", "modified_at": "2019-01-07T15:20:01.899", "reserve_status": "free"}}, {"model": "gram_to_brand.orderedproductreserved", "pk": 108, "fields": {"order_product_reserved": 7, "product": 2, "cart": 18, "reserved_qty": 3, "order_reserve_end_time": "2019-01-07T15:22:03.087", "created_at": "2019-01-07T10:45:41.861", "modified_at": "2019-01-07T15:14:03.088", "reserve_status": "free"}}, {"model": "gram_to_brand.orderedproductreserved", "pk": 109, "fields": {"order_product_reserved": 3, "product": 2, "cart": 18, "reserved_qty": 3, "order_reserve_end_time": "2019-01-07T15:22:03.238", "created_at": "2019-01-07T10:45:41.876", "modified_at": "2019-01-07T15:14:03.238", "reserve_status": "free"}}, {"model": "gram_to_brand.orderedproductreserved", "pk": 110, "fields": {"order_product_reserved": 2, "product": 4, "cart": 18, "reserved_qty": 2, "order_reserve_end_time": "2019-01-07T15:22:02.959", "created_at": "2019-01-07T10:50:11.965", "modified_at": "2019-01-07T15:14:02.959", "reserve_status": "free"}}, {"model": "gram_to_brand.orderedproductreserved", "pk": 111, "fields": {"order_product_reserved": 1, "product": 2, "cart": 18, "reserved_qty": 3, "order_reserve_end_time": "2019-01-07T15:22:03.313", "created_at": "2019-01-07T10:50:12.147", "modified_at": "2019-01-07T15:14:03.313", "reserve_status": "free"}}, {"model": "gram_to_brand.orderedproductreserved", "pk": 112, "fields": {"order_product_reserved": 3, "product": 2, "cart": 18, "reserved_qty": 3, "order_reserve_end_time": "2019-01-07T15:22:03.298", "created_at": "2019-01-07T10:50:12.161", "modified_at": "2019-01-07T15:14:03.298", "reserve_status": "free"}}, {"model": "gram_to_brand.orderedproductreserved", "pk": 113, "fields": {"order_product_reserved": 2, "product": 4, "cart": 18, "reserved_qty": 3, "order_reserve_end_time": "2019-01-07T15:22:02.547", "created_at": "2019-01-07T10:50:40.791", "modified_at": "2019-01-07T15:14:02.547", "reserve_status": "free"}}, {"model": "gram_to_brand.orderedproductreserved", "pk": 114, "fields": {"order_product_reserved": 11, "product": 2, "cart": 18, "reserved_qty": 4, "order_reserve_end_time": "2019-01-07T15:22:03.008", "created_at": "2019-01-07T10:50:40.978", "modified_at": "2019-01-07T15:14:03.008", "reserve_status": "free"}}, {"model": "gram_to_brand.orderedproductreserved", "pk": 115, "fields": {"order_product_reserved": 1, "product": 2, "cart": 18, "reserved_qty": 4, "order_reserve_end_time": "2019-01-07T15:22:03.072", "created_at": "2019-01-07T10:50:40.993", "modified_at": "2019-01-07T15:14:03.072", "reserve_status": "free"}}, {"model": "gram_to_brand.orderedproductreserved", "pk": 116, "fields": {"order_product_reserved": 3, "product": 2, "cart": 18, "reserved_qty": 4, "order_reserve_end_time": "2019-01-07T15:22:03.102", "created_at": "2019-01-07T10:50:41.009", "modified_at": "2019-01-07T15:14:03.102", "reserve_status": "free"}}, {"model": "gram_to_brand.orderedproductreserved", "pk": 117, "fields": {"order_product_reserved": 2, "product": 4, "cart": 18, "reserved_qty": 3, "order_reserve_end_time": "2019-01-07T15:22:03.163", "created_at": "2019-01-07T10:50:49.747", "modified_at": "2019-01-07T15:14:03.163", "reserve_status": "free"}}, {"model": "gram_to_brand.orderedproductreserved", "pk": 118, "fields": {"order_product_reserved": 3, "product": 2, "cart": 18, "reserved_qty": 4, "order_reserve_end_time": "2019-01-07T15:22:03.178", "created_at": "2019-01-07T10:50:49.932", "modified_at": "2019-01-07T15:14:03.178", "reserve_status": "free"}}, {"model": "gram_to_brand.orderedproductreserved", "pk": 119, "fields": {"order_product_reserved": 2, "product": 4, "cart": 18, "reserved_qty": 3, "order_reserve_end_time": "2019-01-07T15:28:01.818", "created_at": "2019-01-07T10:50:58.216", "modified_at": "2019-01-07T15:20:01.821", "reserve_status": "free"}}, {"model": "gram_to_brand.orderedproductreserved", "pk": 120, "fields": {"order_product_reserved": 8, "product": 4, "cart": 18, "reserved_qty": 2, "order_reserve_end_time": "2019-01-07T15:22:02.895", "created_at": "2019-01-07T10:50:58.233", "modified_at": "2019-01-07T15:14:02.895", "reserve_status": "free"}}, {"model": "gram_to_brand.orderedproductreserved", "pk": 121, "fields": {"order_product_reserved": 12, "product": 4, "cart": 18, "reserved_qty": 2, "order_reserve_end_time": "2019-01-07T15:28:01.763", "created_at": "2019-01-07T10:50:58.247", "modified_at": "2019-01-07T15:20:01.763", "reserve_status": "free"}}, {"model": "gram_to_brand.orderedproductreserved", "pk": 122, "fields": {"order_product_reserved": 3, "product": 2, "cart": 18, "reserved_qty": 4, "order_reserve_end_time": "2019-01-07T15:28:01.725", "created_at": "2019-01-07T10:50:58.430", "modified_at": "2019-01-07T15:20:01.725", "reserve_status": "free"}}, {"model": "gram_to_brand.orderedproductreserved", "pk": 123, "fields": {"order_product_reserved": 2, "product": 4, "cart": 18, "reserved_qty": 1, "order_reserve_end_time": "2019-01-07T15:21:01.874", "created_at": "2019-01-07T10:51:15.527", "modified_at": "2019-01-07T15:13:01.874", "reserve_status": "free"}}, {"model": "gram_to_brand.orderedproductreserved", "pk": 124, "fields": {"order_product_reserved": 8, "product": 4, "cart": 18, "reserved_qty": 1, "order_reserve_end_time": "2019-01-07T15:22:02.729", "created_at": "2019-01-07T10:51:15.543", "modified_at": "2019-01-07T15:14:02.729", "reserve_status": "free"}}, {"model": "gram_to_brand.orderedproductreserved", "pk": 125, "fields": {"order_product_reserved": 12, "product": 4, "cart": 18, "reserved_qty": 1, "order_reserve_end_time": "2019-01-07T15:22:02.771", "created_at": "2019-01-07T10:51:15.558", "modified_at": "2019-01-07T15:14:02.771", "reserve_status": "free"}}, {"model": "gram_to_brand.orderedproductreserved", "pk": 126, "fields": {"order_product_reserved": 3, "product": 2, "cart": 18, "reserved_qty": 4, "order_reserve_end_time": "2019-01-07T15:22:03.268", "created_at": "2019-01-07T10:51:15.743", "modified_at": "2019-01-07T15:14:03.268", "reserve_status": "free"}}, {"model": "gram_to_brand.orderedproductreserved", "pk": 127, "fields": {"order_product_reserved": 3, "product": 2, "cart": 18, "reserved_qty": 3, "order_reserve_end_time": "2019-01-07T15:28:01.568", "created_at": "2019-01-07T10:51:30.900", "modified_at": "2019-01-07T15:20:01.568", "reserve_status": "free"}}, {"model": "gram_to_brand.orderedproductreserved", "pk": 128, "fields": {"order_product_reserved": 8, "product": 4, "cart": 18, "reserved_qty": 62, "order_reserve_end_time": "2019-01-07T15:22:02.578", "created_at": "2019-01-07T11:04:15.340", "modified_at": "2019-01-07T15:14:02.578", "reserve_status": "free"}}, {"model": "gram_to_brand.orderedproductreserved", "pk": 129, "fields": {"order_product_reserved": 12, "product": 4, "cart": 18, "reserved_qty": 62, "order_reserve_end_time": "2019-01-07T15:22:02.625", "created_at": "2019-01-07T11:04:15.357", "modified_at": "2019-01-07T15:14:02.625", "reserve_status": "free"}}, {"model": "gram_to_brand.orderedproductreserved", "pk": 130, "fields": {"order_product_reserved": 2, "product": 4, "cart": 18, "reserved_qty": 62, "order_reserve_end_time": "2019-01-07T15:22:02.515", "created_at": "2019-01-07T11:04:15.372", "modified_at": "2019-01-07T15:14:02.515", "reserve_status": "free"}}, {"model": "gram_to_brand.orderedproductreserved", "pk": 131, "fields": {"order_product_reserved": 4, "product": 3, "cart": 18, "reserved_qty": 16, "order_reserve_end_time": "2019-01-07T15:22:03.133", "created_at": "2019-01-07T11:04:15.565", "modified_at": "2019-01-07T15:14:03.133", "reserve_status": "free"}}, {"model": "gram_to_brand.orderedproductreserved", "pk": 132, "fields": {"order_product_reserved": 9, "product": 3, "cart": 18, "reserved_qty": 16, "order_reserve_end_time": "2019-01-07T15:22:03.148", "created_at": "2019-01-07T11:04:15.581", "modified_at": "2019-01-07T15:14:03.148", "reserve_status": "free"}}, {"model": "gram_to_brand.orderedproductreserved", "pk": 133, "fields": {"order_product_reserved": 3, "product": 2, "cart": 18, "reserved_qty": 245, "order_reserve_end_time": "2019-01-07T15:22:02.712", "created_at": "2019-01-07T11:04:15.762", "modified_at": "2019-01-07T15:14:02.713", "reserve_status": "free"}}, {"model": "gram_to_brand.orderedproductreserved", "pk": 134, "fields": {"order_product_reserved": 6, "product": 2, "cart": 18, "reserved_qty": 245, "order_reserve_end_time": "2019-01-07T15:22:02.976", "created_at": "2019-01-07T11:04:15.778", "modified_at": "2019-01-07T15:14:02.977", "reserve_status": "free"}}, {"model": "gram_to_brand.orderedproductreserved", "pk": 135, "fields": {"order_product_reserved": 14, "product": 2, "cart": 18, "reserved_qty": 245, "order_reserve_end_time": "2019-01-07T15:22:03.328", "created_at": "2019-01-07T11:04:15.793", "modified_at": "2019-01-07T15:14:03.328", "reserve_status": "free"}}, {"model": "gram_to_brand.orderedproductreserved", "pk": 136, "fields": {"order_product_reserved": 11, "product": 2, "cart": 18, "reserved_qty": 245, "order_reserve_end_time": "2019-01-07T15:22:02.532", "created_at": "2019-01-07T11:04:15.807", "modified_at": "2019-01-07T15:14:02.532", "reserve_status": "free"}}, {"model": "gram_to_brand.orderedproductreserved", "pk": 137, "fields": {"order_product_reserved": 1, "product": 2, "cart": 18, "reserved_qty": 245, "order_reserve_end_time": "2019-01-07T15:22:03.026", "created_at": "2019-01-07T11:04:15.824", "modified_at": "2019-01-07T15:14:03.026", "reserve_status": "free"}}, {"model": "gram_to_brand.orderedproductreserved", "pk": 138, "fields": {"order_product_reserved": 7, "product": 2, "cart": 18, "reserved_qty": 245, "order_reserve_end_time": "2019-01-07T15:24:02.037", "created_at": "2019-01-07T11:04:15.839", "modified_at": "2019-01-07T15:16:02.037", "reserve_status": "free"}}, {"model": "gram_to_brand.orderedproductreserved", "pk": 139, "fields": {"order_product_reserved": 5, "product": 2, "cart": 18, "reserved_qty": 245, "order_reserve_end_time": "2019-01-07T15:22:03.057", "created_at": "2019-01-07T11:04:15.855", "modified_at": "2019-01-07T15:14:03.057", "reserve_status": "free"}}, {"model": "gram_to_brand.orderedproductreserved", "pk": 140, "fields": {"order_product_reserved": 3, "product": 2, "cart": 18, "reserved_qty": 2, "order_reserve_end_time": "2019-01-07T15:22:03.223", "created_at": "2019-01-07T11:11:01.757", "modified_at": "2019-01-07T15:14:03.223", "reserve_status": "free"}}, {"model": "gram_to_brand.orderedproductreserved", "pk": 141, "fields": {"order_product_reserved": 4, "product": 3, "cart": 18, "reserved_qty": 1, "order_reserve_end_time": "2019-01-07T15:22:02.641", "created_at": "2019-01-07T11:11:15.928", "modified_at": "2019-01-07T15:14:02.641", "reserve_status": "free"}}, {"model": "gram_to_brand.orderedproductreserved", "pk": 142, "fields": {"order_product_reserved": 14, "product": 2, "cart": 18, "reserved_qty": 2, "order_reserve_end_time": "2019-01-07T15:28:01.585", "created_at": "2019-01-07T11:11:16.062", "modified_at": "2019-01-07T15:20:01.586", "reserve_status": "free"}}, {"model": "gram_to_brand.orderedproductreserved", "pk": 143, "fields": {"order_product_reserved": 3, "product": 2, "cart": 19, "reserved_qty": 1, "order_reserve_end_time": "2019-01-07T15:28:01.780", "created_at": "2019-01-07T11:14:23.347", "modified_at": "2019-01-07T15:20:01.780", "reserve_status": "free"}}, {"model": "gram_to_brand.orderedproductreserved", "pk": 144, "fields": {"order_product_reserved": 4, "product": 3, "cart": 19, "reserved_qty": 6, "order_reserve_end_time": "2019-01-07T15:28:01.798", "created_at": "2019-01-07T11:14:23.492", "modified_at": "2019-01-07T15:20:01.799", "reserve_status": "free"}}, {"model": "gram_to_brand.orderedproductreserved", "pk": 145, "fields": {"order_product_reserved": 8, "product": 4, "cart": 16, "reserved_qty": 1, "order_reserve_end_time": "2019-01-07T15:23:02.010", "created_at": "2019-01-07T11:14:48.986", "modified_at": "2019-01-07T15:15:02.010", "reserve_status": "free"}}, {"model": "gram_to_brand.orderedproductreserved", "pk": 146, "fields": {"order_product_reserved": 9, "product": 3, "cart": 18, "reserved_qty": 1, "order_reserve_end_time": "2019-01-07T15:28:01.848", "created_at": "2019-01-07T11:15:16.259", "modified_at": "2019-01-07T15:20:01.848", "reserve_status": "free"}}, {"model": "gram_to_brand.orderedproductreserved", "pk": 147, "fields": {"order_product_reserved": 1, "product": 2, "cart": 18, "reserved_qty": 2, "order_reserve_end_time": "2019-01-07T15:28:01.869", "created_at": "2019-01-07T11:15:16.418", "modified_at": "2019-01-07T15:20:01.869", "reserve_status": "free"}}, {"model": "gram_to_brand.orderedproductreserved", "pk": 148, "fields": {"order_product_reserved": 4, "product": 3, "cart": 18, "reserved_qty": 1, "order_reserve_end_time": "2019-01-07T15:22:02.815", "created_at": "2019-01-07T11:17:32.254", "modified_at": "2019-01-07T15:14:02.815", "reserve_status": "free"}}, {"model": "gram_to_brand.orderedproductreserved", "pk": 149, "fields": {"order_product_reserved": 15, "product": 2, "cart": 18, "reserved_qty": 2, "order_reserve_end_time": "2019-01-07T15:28:01.743", "created_at": "2019-01-07T11:17:32.398", "modified_at": "2019-01-07T15:20:01.744", "reserve_status": "free"}}, {"model": "gram_to_brand.orderedproductreserved", "pk": 150, "fields": {"order_product_reserved": 9, "product": 3, "cart": 18, "reserved_qty": 1, "order_reserve_end_time": "2019-01-07T15:22:02.657", "created_at": "2019-01-07T11:20:33.884", "modified_at": "2019-01-07T15:14:02.657", "reserve_status": "free"}}, {"model": "gram_to_brand.orderedproductreserved", "pk": 151, "fields": {"order_product_reserved": 15, "product": 2, "cart": 18, "reserved_qty": 2, "order_reserve_end_time": "2019-01-07T15:22:03.283", "created_at": "2019-01-07T11:20:34.067", "modified_at": "2019-01-07T15:14:03.284", "reserve_status": "free"}}, {"model": "gram_to_brand.orderedproductreserved", "pk": 152, "fields": {"order_product_reserved": 12, "product": 4, "cart": 18, "reserved_qty": 11, "order_reserve_end_time": "2019-01-07T15:22:02.848", "created_at": "2019-01-07T11:20:34.248", "modified_at": "2019-01-07T15:14:02.848", "reserve_status": "free"}}, {"model": "gram_to_brand.orderedproductreserved", "pk": 153, "fields": {"order_product_reserved": 2, "product": 4, "cart": 16, "reserved_qty": 1, "order_reserve_end_time": "2019-01-07T15:23:01.990", "created_at": "2019-01-07T11:21:19.627", "modified_at": "2019-01-07T15:15:01.991", "reserve_status": "free"}}, {"model": "gram_to_brand.orderedproductreserved", "pk": 154, "fields": {"order_product_reserved": 13, "product": 1, "cart": 19, "reserved_qty": 12, "order_reserve_end_time": "2019-01-07T15:22:02.878", "created_at": "2019-01-07T11:32:19.044", "modified_at": "2019-01-07T15:14:02.878", "reserve_status": "free"}}, {"model": "gram_to_brand.orderedproductreserved", "pk": 155, "fields": {"order_product_reserved": 15, "product": 2, "cart": 19, "reserved_qty": 6, "order_reserve_end_time": "2019-01-07T15:22:02.862", "created_at": "2019-01-07T11:32:19.311", "modified_at": "2019-01-07T15:14:02.862", "reserve_status": "free"}}, {"model": "gram_to_brand.orderedproductreserved", "pk": 156, "fields": {"order_product_reserved": 14, "product": 2, "cart": 19, "reserved_qty": 2, "order_reserve_end_time": "2019-01-07T15:22:03.118", "created_at": "2019-01-07T11:32:19.326", "modified_at": "2019-01-07T15:14:03.119", "reserve_status": "free"}}, {"model": "gram_to_brand.orderedproductreserved", "pk": 157, "fields": {"order_product_reserved": 12, "product": 4, "cart": 19, "reserved_qty": 11, "order_reserve_end_time": "2019-01-07T15:21:01.908", "created_at": "2019-01-07T11:32:19.500", "modified_at": "2019-01-07T15:13:01.908", "reserve_status": "free"}}, {"model": "gram_to_brand.orderedproductreserved", "pk": 158, "fields": {"order_product_reserved": 2, "product": 4, "cart": 16, "reserved_qty": 1, "order_reserve_end_time": "2019-01-07T15:23:02.117", "created_at": "2019-01-07T11:54:45.420", "modified_at": "2019-01-07T15:15:02.117", "reserve_status": "free"}}, {"model": "gram_to_brand.orderedproductreserved", "pk": 159, "fields": {"order_product_reserved": 3, "product": 2, "cart": 18, "reserved_qty": 2, "order_reserve_end_time": "2019-01-07T15:21:01.891", "created_at": "2019-01-07T11:55:30.710", "modified_at": "2019-01-07T15:13:01.891", "reserve_status": "free"}}, {"model": "gram_to_brand.orderedproductreserved", "pk": 160, "fields": {"order_product_reserved": 4, "product": 3, "cart": 18, "reserved_qty": 2, "order_reserve_end_time": "2019-01-07T15:22:02.910", "created_at": "2019-01-07T11:55:30.846", "modified_at": "2019-01-07T15:14:02.911", "reserve_status": "free"}}, {"model": "gram_to_brand.orderedproductreserved", "pk": 161, "fields": {"order_product_reserved": 4, "product": 3, "cart": 20, "reserved_qty": 1, "order_reserve_end_time": "2019-01-07T15:28:01.674", "created_at": "2019-01-07T11:57:44.978", "modified_at": "2019-01-07T15:20:01.674", "reserve_status": "free"}}, {"model": "gram_to_brand.orderedproductreserved", "pk": 162, "fields": {"order_product_reserved": 8, "product": 4, "cart": 20, "reserved_qty": 1, "order_reserve_end_time": "2019-01-07T15:23:01.937", "created_at": "2019-01-07T11:57:45.266", "modified_at": "2019-01-07T15:15:01.938", "reserve_status": "free"}}, {"model": "gram_to_brand.orderedproductreserved", "pk": 163, "fields": {"order_product_reserved": 11, "product": 2, "cart": 20, "reserved_qty": 1, "order_reserve_end_time": "2019-01-07T15:23:01.917", "created_at": "2019-01-07T11:57:45.450", "modified_at": "2019-01-07T15:15:01.917", "reserve_status": "free"}}, {"model": "gram_to_brand.orderedproductreserved", "pk": 164, "fields": {"order_product_reserved": 9, "product": 3, "cart": 20, "reserved_qty": 1, "order_reserve_end_time": "2019-01-07T15:28:01.639", "created_at": "2019-01-07T11:59:03.838", "modified_at": "2019-01-07T15:20:01.639", "reserve_status": "free"}}, {"model": "gram_to_brand.orderedproductreserved", "pk": 165, "fields": {"order_product_reserved": 2, "product": 4, "cart": 20, "reserved_qty": 1, "order_reserve_end_time": "2019-01-07T15:28:01.603", "created_at": "2019-01-07T11:59:04.024", "modified_at": "2019-01-07T15:20:01.603", "reserve_status": "free"}}, {"model": "gram_to_brand.orderedproductreserved", "pk": 166, "fields": {"order_product_reserved": 6, "product": 2, "cart": 20, "reserved_qty": 1, "order_reserve_end_time": "2019-01-07T15:28:01.621", "created_at": "2019-01-07T11:59:04.208", "modified_at": "2019-01-07T15:20:01.621", "reserve_status": "free"}}, {"model": "gram_to_brand.orderedproductreserved", "pk": 167, "fields": {"order_product_reserved": 4, "product": 3, "cart": 19, "reserved_qty": 6, "order_reserve_end_time": "2019-01-07T15:22:02.610", "created_at": "2019-01-07T11:59:58.627", "modified_at": "2019-01-07T15:14:02.610", "reserve_status": "free"}}, {"model": "gram_to_brand.orderedproductreserved", "pk": 168, "fields": {"order_product_reserved": 1, "product": 2, "cart": 18, "reserved_qty": 2, "order_reserve_end_time": "2019-01-07T15:22:02.744", "created_at": "2019-01-07T12:00:42.822", "modified_at": "2019-01-07T15:14:02.744", "reserve_status": "free"}}, {"model": "gram_to_brand.orderedproductreserved", "pk": 169, "fields": {"order_product_reserved": 4, "product": 3, "cart": 18, "reserved_qty": 2, "order_reserve_end_time": "2019-01-07T15:22:02.831", "created_at": "2019-01-07T12:00:42.955", "modified_at": "2019-01-07T15:14:02.831", "reserve_status": "free"}}, {"model": "gram_to_brand.orderedproductreserved", "pk": 170, "fields": {"order_product_reserved": 11, "product": 2, "cart": 21, "reserved_qty": 1, "order_reserve_end_time": "2019-01-07T15:28:01.708", "created_at": "2019-01-07T12:00:44.870", "modified_at": "2019-01-07T15:20:01.708", "reserve_status": "free"}}, {"model": "gram_to_brand.orderedproductreserved", "pk": 171, "fields": {"order_product_reserved": 4, "product": 3, "cart": 21, "reserved_qty": 1, "order_reserve_end_time": "2019-01-07T15:28:01.691", "created_at": "2019-01-07T12:00:45.160", "modified_at": "2019-01-07T15:20:01.691", "reserve_status": "free"}}, {"model": "gram_to_brand.orderedproductreserved", "pk": 172, "fields": {"order_product_reserved": 8, "product": 4, "cart": 21, "reserved_qty": 1, "order_reserve_end_time": "2019-01-07T15:28:01.657", "created_at": "2019-01-07T12:00:45.334", "modified_at": "2019-01-07T15:20:01.657", "reserve_status": "free"}}, {"model": "gram_to_brand.orderedproductreserved", "pk": 173, "fields": {"order_product_reserved": 4, "product": 3, "cart": 19, "reserved_qty": 6, "order_reserve_end_time": "2019-01-07T15:22:02.992", "created_at": "2019-01-07T12:00:57.605", "modified_at": "2019-01-07T15:14:02.992", "reserve_status": "free"}}, {"model": "gram_to_brand.orderedproductreserved", "pk": 174, "fields": {"order_product_reserved": 7, "product": 2, "cart": 18, "reserved_qty": 2, "order_reserve_end_time": "2019-01-07T15:22:02.927", "created_at": "2019-01-07T12:04:38.405", "modified_at": "2019-01-07T15:14:02.927", "reserve_status": "free"}}, {"model": "gram_to_brand.orderedproductreserved", "pk": 175, "fields": {"order_product_reserved": 9, "product": 3, "cart": 18, "reserved_qty": 2, "order_reserve_end_time": "2019-01-07T15:22:03.041", "created_at": "2019-01-07T12:04:38.541", "modified_at": "2019-01-07T15:14:03.041", "reserve_status": "free"}}, {"model": "gram_to_brand.orderedproductreserved", "pk": 176, "fields": {"order_product_reserved": 4, "product": 3, "cart": 23, "reserved_qty": 10, "order_reserve_end_time": "2019-01-07T15:23:02.083", "created_at": "2019-01-07T12:05:55.207", "modified_at": "2019-01-07T15:15:02.083", "reserve_status": "free"}}, {"model": "gram_to_brand.orderedproductreserved", "pk": 177, "fields": {"order_product_reserved": 15, "product": 2, "cart": 23, "reserved_qty": 6, "order_reserve_end_time": "2019-01-07T15:23:01.896", "created_at": "2019-01-07T12:05:55.361", "modified_at": "2019-01-07T15:15:01.896", "reserve_status": "free"}}, {"model": "gram_to_brand.orderedproductreserved", "pk": 178, "fields": {"order_product_reserved": 17, "product": 3, "cart": 24, "reserved_qty": 7, "order_reserve_end_time": "2019-01-07T15:28:02.091", "created_at": "2019-01-07T12:07:41.949", "modified_at": "2019-01-07T15:20:02.091", "reserve_status": "free"}}, {"model": "gram_to_brand.orderedproductreserved", "pk": 179, "fields": {"order_product_reserved": 4, "product": 3, "cart": 24, "reserved_qty": 4, "order_reserve_end_time": "2019-01-07T15:28:02.109", "created_at": "2019-01-07T12:07:41.966", "modified_at": "2019-01-07T15:20:02.109", "reserve_status": "free"}}, {"model": "gram_to_brand.orderedproductreserved", "pk": 180, "fields": {"order_product_reserved": 4, "product": 3, "cart": 24, "reserved_qty": 7, "order_reserve_end_time": "2019-01-07T15:28:02.126", "created_at": "2019-01-07T12:08:25.804", "modified_at": "2019-01-07T15:20:02.126", "reserve_status": "free"}}, {"model": "gram_to_brand.orderedproductreserved", "pk": 181, "fields": {"order_product_reserved": 9, "product": 3, "cart": 22, "reserved_qty": 1, "order_reserve_end_time": "2019-01-07T15:22:03.418", "created_at": "2019-01-07T12:44:04.382", "modified_at": "2019-01-07T15:14:03.418", "reserve_status": "free"}}, {"model": "gram_to_brand.orderedproductreserved", "pk": 182, "fields": {"order_product_reserved": 2, "product": 4, "cart": 22, "reserved_qty": 1, "order_reserve_end_time": "2019-01-07T15:22:03.357", "created_at": "2019-01-07T12:44:04.526", "modified_at": "2019-01-07T15:14:03.357", "reserve_status": "free"}}, {"model": "gram_to_brand.orderedproductreserved", "pk": 183, "fields": {"order_product_reserved": 14, "product": 2, "cart": 18, "reserved_qty": 2, "order_reserve_end_time": "2019-01-07T15:24:02.112", "created_at": "2019-01-07T12:44:51.940", "modified_at": "2019-01-07T15:16:02.112", "reserve_status": "free"}}, {"model": "gram_to_brand.orderedproductreserved", "pk": 184, "fields": {"order_product_reserved": 17, "product": 3, "cart": 18, "reserved_qty": 2, "order_reserve_end_time": "2019-01-07T15:24:02.129", "created_at": "2019-01-07T12:44:52.080", "modified_at": "2019-01-07T15:16:02.129", "reserve_status": "free"}}, {"model": "gram_to_brand.orderedproductreserved", "pk": 185, "fields": {"order_product_reserved": 2, "product": 4, "cart": 22, "reserved_qty": 1, "order_reserve_end_time": "2019-01-07T15:24:01.762", "created_at": "2019-01-07T12:47:10.792", "modified_at": "2019-01-07T15:16:01.763", "reserve_status": "free"}}, {"model": "gram_to_brand.orderedproductreserved", "pk": 186, "fields": {"order_product_reserved": 17, "product": 3, "cart": 22, "reserved_qty": 1, "order_reserve_end_time": "2019-01-07T15:24:01.895", "created_at": "2019-01-07T12:47:11.041", "modified_at": "2019-01-07T15:16:01.895", "reserve_status": "free"}}, {"model": "gram_to_brand.orderedproductreserved", "pk": 187, "fields": {"order_product_reserved": 8, "product": 4, "cart": 22, "reserved_qty": 1, "order_reserve_end_time": "2019-01-07T15:28:01.974", "created_at": "2019-01-07T12:59:07.330", "modified_at": "2019-01-07T15:20:01.974", "reserve_status": "free"}}, {"model": "gram_to_brand.orderedproductreserved", "pk": 188, "fields": {"order_product_reserved": 9, "product": 3, "cart": 22, "reserved_qty": 1, "order_reserve_end_time": "2019-01-07T15:28:02.016", "created_at": "2019-01-07T12:59:07.529", "modified_at": "2019-01-07T15:20:02.016", "reserve_status": "free"}}, {"model": "gram_to_brand.orderedproductreserved", "pk": 189, "fields": {"order_product_reserved": 7, "product": 2, "cart": 22, "reserved_qty": 1, "order_reserve_end_time": "2019-01-07T15:28:02.035", "created_at": "2019-01-07T12:59:07.721", "modified_at": "2019-01-07T15:20:02.035", "reserve_status": "free"}}, {"model": "gram_to_brand.orderedproductreserved", "pk": 190, "fields": {"order_product_reserved": 2, "product": 4, "cart": 22, "reserved_qty": 1, "order_reserve_end_time": "2019-01-07T15:29:01.802", "created_at": "2019-01-07T13:00:14.460", "modified_at": "2019-01-07T15:21:01.802", "reserve_status": "free"}}, {"model": "gram_to_brand.orderedproductreserved", "pk": 191, "fields": {"order_product_reserved": 17, "product": 3, "cart": 22, "reserved_qty": 1, "order_reserve_end_time": "2019-01-07T15:29:01.819", "created_at": "2019-01-07T13:00:14.650", "modified_at": "2019-01-07T15:21:01.819", "reserve_status": "free"}}, {"model": "gram_to_brand.orderedproductreserved", "pk": 192, "fields": {"order_product_reserved": 11, "product": 2, "cart": 22, "reserved_qty": 1, "order_reserve_end_time": "2019-01-07T15:29:01.933", "created_at": "2019-01-07T13:00:14.941", "modified_at": "2019-01-07T15:21:01.933", "reserve_status": "free"}}, {"model": "gram_to_brand.orderedproductreserved", "pk": 193, "fields": {"order_product_reserved": 16, "product": 4, "cart": 22, "reserved_qty": 1, "order_reserve_end_time": "2019-01-07T15:22:03.342", "created_at": "2019-01-07T13:01:24.925", "modified_at": "2019-01-07T15:14:03.342", "reserve_status": "free"}}, {"model": "gram_to_brand.orderedproductreserved", "pk": 194, "fields": {"order_product_reserved": 17, "product": 3, "cart": 22, "reserved_qty": 1, "order_reserve_end_time": "2019-01-07T15:22:03.494", "created_at": "2019-01-07T13:01:25.140", "modified_at": "2019-01-07T15:14:03.494", "reserve_status": "free"}}, {"model": "gram_to_brand.orderedproductreserved", "pk": 195, "fields": {"order_product_reserved": 11, "product": 2, "cart": 22, "reserved_qty": 1, "order_reserve_end_time": "2019-01-07T15:22:03.387", "created_at": "2019-01-07T13:01:25.326", "modified_at": "2019-01-07T15:14:03.387", "reserve_status": "free"}}, {"model": "gram_to_brand.orderedproductreserved", "pk": 196, "fields": {"order_product_reserved": 16, "product": 4, "cart": 22, "reserved_qty": 1, "order_reserve_end_time": "2019-01-07T15:22:03.448", "created_at": "2019-01-07T13:02:04.228", "modified_at": "2019-01-07T15:14:03.448", "reserve_status": "free"}}, {"model": "gram_to_brand.orderedproductreserved", "pk": 197, "fields": {"order_product_reserved": 17, "product": 3, "cart": 22, "reserved_qty": 1, "order_reserve_end_time": "2019-01-07T15:22:03.464", "created_at": "2019-01-07T13:02:04.414", "modified_at": "2019-01-07T15:14:03.464", "reserve_status": "free"}}, {"model": "gram_to_brand.orderedproductreserved", "pk": 198, "fields": {"order_product_reserved": 7, "product": 2, "cart": 22, "reserved_qty": 1, "order_reserve_end_time": "2019-01-07T15:22:03.403", "created_at": "2019-01-07T13:02:04.593", "modified_at": "2019-01-07T15:14:03.403", "reserve_status": "free"}}, {"model": "gram_to_brand.orderedproductreserved", "pk": 199, "fields": {"order_product_reserved": 2, "product": 4, "cart": 22, "reserved_qty": 1, "order_reserve_end_time": "2019-01-07T15:24:01.851", "created_at": "2019-01-07T13:04:43.991", "modified_at": "2019-01-07T15:16:01.851", "reserve_status": "free"}}, {"model": "gram_to_brand.orderedproductreserved", "pk": 200, "fields": {"order_product_reserved": 4, "product": 3, "cart": 22, "reserved_qty": 1, "order_reserve_end_time": "2019-01-07T15:24:01.873", "created_at": "2019-01-07T13:04:44.183", "modified_at": "2019-01-07T15:16:01.873", "reserve_status": "free"}}, {"model": "gram_to_brand.orderedproductreserved", "pk": 201, "fields": {"order_product_reserved": 7, "product": 2, "cart": 22, "reserved_qty": 1, "order_reserve_end_time": "2019-01-07T15:24:01.918", "created_at": "2019-01-07T13:04:44.361", "modified_at": "2019-01-07T15:16:01.918", "reserve_status": "free"}}, {"model": "gram_to_brand.orderedproductreserved", "pk": 202, "fields": {"order_product_reserved": 2, "product": 4, "cart": 22, "reserved_qty": 1, "order_reserve_end_time": "2019-01-07T15:24:01.798", "created_at": "2019-01-07T13:07:17.250", "modified_at": "2019-01-07T15:16:01.798", "reserve_status": "free"}}, {"model": "gram_to_brand.orderedproductreserved", "pk": 203, "fields": {"order_product_reserved": 9, "product": 3, "cart": 22, "reserved_qty": 1, "order_reserve_end_time": "2019-01-07T15:24:01.989", "created_at": "2019-01-07T13:07:17.432", "modified_at": "2019-01-07T15:16:01.989", "reserve_status": "free"}}, {"model": "gram_to_brand.orderedproductreserved", "pk": 204, "fields": {"order_product_reserved": 1, "product": 2, "cart": 22, "reserved_qty": 1, "order_reserve_end_time": "2019-01-07T15:24:01.779", "created_at": "2019-01-07T13:07:17.608", "modified_at": "2019-01-07T15:16:01.780", "reserve_status": "free"}}, {"model": "gram_to_brand.orderedproductreserved", "pk": 205, "fields": {"order_product_reserved": 2, "product": 4, "cart": 22, "reserved_qty": 1, "order_reserve_end_time": "2019-01-07T15:29:01.721", "created_at": "2019-01-07T13:08:21.541", "modified_at": "2019-01-07T15:21:01.721", "reserve_status": "free"}}, {"model": "gram_to_brand.orderedproductreserved", "pk": 206, "fields": {"order_product_reserved": 17, "product": 3, "cart": 22, "reserved_qty": 1, "order_reserve_end_time": "2019-01-07T15:29:01.737", "created_at": "2019-01-07T13:08:21.745", "modified_at": "2019-01-07T15:21:01.737", "reserve_status": "free"}}, {"model": "gram_to_brand.orderedproductreserved", "pk": 207, "fields": {"order_product_reserved": 1, "product": 2, "cart": 22, "reserved_qty": 1, "order_reserve_end_time": "2019-01-07T15:29:01.769", "created_at": "2019-01-07T13:08:21.955", "modified_at": "2019-01-07T15:21:01.769", "reserve_status": "free"}}, {"model": "gram_to_brand.orderedproductreserved", "pk": 208, "fields": {"order_product_reserved": 3, "product": 2, "cart": 25, "reserved_qty": 3, "order_reserve_end_time": "2019-01-07T15:28:01.937", "created_at": "2019-01-07T13:09:37.399", "modified_at": "2019-01-07T15:20:01.937", "reserve_status": "free"}}, {"model": "gram_to_brand.orderedproductreserved", "pk": 209, "fields": {"order_product_reserved": 12, "product": 4, "cart": 25, "reserved_qty": 8, "order_reserve_end_time": "2019-01-07T15:28:01.955", "created_at": "2019-01-07T13:09:37.539", "modified_at": "2019-01-07T15:20:01.955", "reserve_status": "free"}}, {"model": "gram_to_brand.orderedproductreserved", "pk": 210, "fields": {"order_product_reserved": 12, "product": 4, "cart": 22, "reserved_qty": 1, "order_reserve_end_time": "2019-01-07T15:23:02.164", "created_at": "2019-01-07T13:12:54.658", "modified_at": "2019-01-07T15:15:02.165", "reserve_status": "free"}}, {"model": "gram_to_brand.orderedproductreserved", "pk": 211, "fields": {"order_product_reserved": 4, "product": 3, "cart": 22, "reserved_qty": 1, "order_reserve_end_time": "2019-01-07T15:23:02.181", "created_at": "2019-01-07T13:12:54.859", "modified_at": "2019-01-07T15:15:02.181", "reserve_status": "free"}}, {"model": "gram_to_brand.orderedproductreserved", "pk": 212, "fields": {"order_product_reserved": 6, "product": 2, "cart": 22, "reserved_qty": 1, "order_reserve_end_time": "2019-01-07T15:24:02.145", "created_at": "2019-01-07T13:12:55.068", "modified_at": "2019-01-07T15:16:02.146", "reserve_status": "free"}}, {"model": "gram_to_brand.orderedproductreserved", "pk": 213, "fields": {"order_product_reserved": 12, "product": 4, "cart": 22, "reserved_qty": 1, "order_reserve_end_time": "2019-01-07T15:27:01.884", "created_at": "2019-01-07T13:33:59.453", "modified_at": "2019-01-07T15:19:01.884", "reserve_status": "free"}}, {"model": "gram_to_brand.orderedproductreserved", "pk": 214, "fields": {"order_product_reserved": 17, "product": 3, "cart": 22, "reserved_qty": 1, "order_reserve_end_time": "2019-01-07T15:27:01.900", "created_at": "2019-01-07T13:33:59.639", "modified_at": "2019-01-07T15:19:01.900", "reserve_status": "free"}}, {"model": "gram_to_brand.orderedproductreserved", "pk": 215, "fields": {"order_product_reserved": 14, "product": 2, "cart": 22, "reserved_qty": 1, "order_reserve_end_time": "2019-01-07T15:27:01.917", "created_at": "2019-01-07T13:33:59.818", "modified_at": "2019-01-07T15:19:01.917", "reserve_status": "free"}}, {"model": "gram_to_brand.orderedproductreserved", "pk": 216, "fields": {"order_product_reserved": 16, "product": 4, "cart": 22, "reserved_qty": 1, "order_reserve_end_time": "2019-01-07T15:27:01.933", "created_at": "2019-01-07T13:42:47.005", "modified_at": "2019-01-07T15:19:01.933", "reserve_status": "free"}}, {"model": "gram_to_brand.orderedproductreserved", "pk": 217, "fields": {"order_product_reserved": 4, "product": 3, "cart": 22, "reserved_qty": 1, "order_reserve_end_time": "2019-01-07T15:27:01.951", "created_at": "2019-01-07T13:42:47.192", "modified_at": "2019-01-07T15:19:01.951", "reserve_status": "free"}}, {"model": "gram_to_brand.orderedproductreserved", "pk": 218, "fields": {"order_product_reserved": 3, "product": 2, "cart": 22, "reserved_qty": 1, "order_reserve_end_time": "2019-01-07T15:27:01.968", "created_at": "2019-01-07T13:42:47.378", "modified_at": "2019-01-07T15:19:01.968", "reserve_status": "free"}}, {"model": "gram_to_brand.orderedproductreserved", "pk": 219, "fields": {"order_product_reserved": 13, "product": 1, "cart": 16, "reserved_qty": 1, "order_reserve_end_time": "2019-01-07T15:29:01.704", "created_at": "2019-01-07T13:43:29.143", "modified_at": "2019-01-07T15:21:01.704", "reserve_status": "free"}}, {"model": "gram_to_brand.orderedproductreserved", "pk": 220, "fields": {"order_product_reserved": 6, "product": 2, "cart": 16, "reserved_qty": 2, "order_reserve_end_time": "2019-01-07T15:29:01.950", "created_at": "2019-01-07T13:43:29.427", "modified_at": "2019-01-07T15:21:01.950", "reserve_status": "free"}}, {"model": "gram_to_brand.orderedproductreserved", "pk": 221, "fields": {"order_product_reserved": 8, "product": 4, "cart": 16, "reserved_qty": 1, "order_reserve_end_time": "2019-01-07T15:29:01.785", "created_at": "2019-01-07T13:43:29.609", "modified_at": "2019-01-07T15:21:01.785", "reserve_status": "free"}}, {"model": "gram_to_brand.orderedproductreserved", "pk": 222, "fields": {"order_product_reserved": 8, "product": 4, "cart": 22, "reserved_qty": 1, "order_reserve_end_time": "2019-01-07T15:28:02.054", "created_at": "2019-01-07T13:44:08.424", "modified_at": "2019-01-07T15:20:02.054", "reserve_status": "free"}}, {"model": "gram_to_brand.orderedproductreserved", "pk": 223, "fields": {"order_product_reserved": 9, "product": 3, "cart": 22, "reserved_qty": 1, "order_reserve_end_time": "2019-01-07T15:28:02.074", "created_at": "2019-01-07T13:44:08.610", "modified_at": "2019-01-07T15:20:02.074", "reserve_status": "free"}}, {"model": "gram_to_brand.orderedproductreserved", "pk": 224, "fields": {"order_product_reserved": 3, "product": 2, "cart": 22, "reserved_qty": 1, "order_reserve_end_time": "2019-01-07T15:29:01.966", "created_at": "2019-01-07T13:44:08.793", "modified_at": "2019-01-07T15:21:01.967", "reserve_status": "free"}}, {"model": "gram_to_brand.orderedproductreserved", "pk": 225, "fields": {"order_product_reserved": 8, "product": 4, "cart": 22, "reserved_qty": 1, "order_reserve_end_time": "2019-01-07T15:29:01.753", "created_at": "2019-01-07T13:44:56.168", "modified_at": "2019-01-07T15:21:01.753", "reserve_status": "free"}}, {"model": "gram_to_brand.orderedproductreserved", "pk": 226, "fields": {"order_product_reserved": 9, "product": 3, "cart": 22, "reserved_qty": 1, "order_reserve_end_time": "2019-01-07T15:28:01.994", "created_at": "2019-01-07T13:44:56.453", "modified_at": "2019-01-07T15:20:01.994", "reserve_status": "free"}}, {"model": "gram_to_brand.orderedproductreserved", "pk": 227, "fields": {"order_product_reserved": 7, "product": 2, "cart": 22, "reserved_qty": 1, "order_reserve_end_time": "2019-01-07T15:29:01.983", "created_at": "2019-01-07T13:44:56.634", "modified_at": "2019-01-07T15:21:01.983", "reserve_status": "free"}}, {"model": "gram_to_brand.orderedproductreserved", "pk": 228, "fields": {"order_product_reserved": 16, "product": 4, "cart": 22, "reserved_qty": 1, "order_reserve_end_time": "2019-01-07T15:24:01.743", "created_at": "2019-01-07T13:47:13.268", "modified_at": "2019-01-07T15:16:01.743", "reserve_status": "free"}}, {"model": "gram_to_brand.orderedproductreserved", "pk": 229, "fields": {"order_product_reserved": 17, "product": 3, "cart": 22, "reserved_qty": 1, "order_reserve_end_time": "2019-01-07T15:22:03.433", "created_at": "2019-01-07T13:47:13.447", "modified_at": "2019-01-07T15:14:03.433", "reserve_status": "free"}}, {"model": "gram_to_brand.orderedproductreserved", "pk": 230, "fields": {"order_product_reserved": 15, "product": 2, "cart": 22, "reserved_qty": 1, "order_reserve_end_time": "2019-01-07T15:24:02.017", "created_at": "2019-01-07T13:47:13.619", "modified_at": "2019-01-07T15:16:02.017", "reserve_status": "free"}}, {"model": "gram_to_brand.orderedproductreserved", "pk": 231, "fields": {"order_product_reserved": 12, "product": 4, "cart": 22, "reserved_qty": 1, "order_reserve_end_time": "2019-01-07T15:24:01.941", "created_at": "2019-01-07T13:49:44.267", "modified_at": "2019-01-07T15:16:01.941", "reserve_status": "free"}}, {"model": "gram_to_brand.orderedproductreserved", "pk": 232, "fields": {"order_product_reserved": 20, "product": 3, "cart": 22, "reserved_qty": 1, "order_reserve_end_time": "2019-01-07T15:24:02.060", "created_at": "2019-01-07T13:49:44.477", "modified_at": "2019-01-07T15:16:02.060", "reserve_status": "free"}}, {"model": "gram_to_brand.orderedproductreserved", "pk": 233, "fields": {"order_product_reserved": 9, "product": 3, "cart": 22, "reserved_qty": 1, "order_reserve_end_time": "2019-01-07T15:24:02.078", "created_at": "2019-01-07T13:49:44.492", "modified_at": "2019-01-07T15:16:02.078", "reserve_status": "free"}}, {"model": "gram_to_brand.orderedproductreserved", "pk": 234, "fields": {"order_product_reserved": 14, "product": 2, "cart": 22, "reserved_qty": 1, "order_reserve_end_time": "2019-01-07T15:24:02.094", "created_at": "2019-01-07T13:49:44.673", "modified_at": "2019-01-07T15:16:02.095", "reserve_status": "free"}}, {"model": "gram_to_brand.orderedproductreserved", "pk": 235, "fields": {"order_product_reserved": 19, "product": 4, "cart": 22, "reserved_qty": 1, "order_reserve_end_time": "2019-01-07T15:22:03.479", "created_at": "2019-01-07T13:55:40.294", "modified_at": "2019-01-07T15:14:03.479", "reserve_status": "free"}}, {"model": "gram_to_brand.orderedproductreserved", "pk": 236, "fields": {"order_product_reserved": 8, "product": 4, "cart": 22, "reserved_qty": 1, "order_reserve_end_time": "2019-01-07T15:22:03.511", "created_at": "2019-01-07T13:55:40.310", "modified_at": "2019-01-07T15:14:03.511", "reserve_status": "free"}}, {"model": "gram_to_brand.orderedproductreserved", "pk": 237, "fields": {"order_product_reserved": 4, "product": 3, "cart": 22, "reserved_qty": 1, "order_reserve_end_time": "2019-01-07T15:22:03.528", "created_at": "2019-01-07T13:55:40.491", "modified_at": "2019-01-07T15:14:03.528", "reserve_status": "free"}}, {"model": "gram_to_brand.orderedproductreserved", "pk": 238, "fields": {"order_product_reserved": 18, "product": 2, "cart": 22, "reserved_qty": 1, "order_reserve_end_time": "2019-01-07T15:22:03.548", "created_at": "2019-01-07T13:55:40.666", "modified_at": "2019-01-07T15:14:03.549", "reserve_status": "free"}}, {"model": "gram_to_brand.orderedproductreserved", "pk": 239, "fields": {"order_product_reserved": 3, "product": 2, "cart": 22, "reserved_qty": 1, "order_reserve_end_time": "2019-01-07T15:22:03.372", "created_at": "2019-01-07T13:55:40.681", "modified_at": "2019-01-07T15:14:03.372", "reserve_status": "free"}}, {"model": "gram_to_brand.orderedproductreserved", "pk": 240, "fields": {"order_product_reserved": 2, "product": 4, "cart": 16, "reserved_qty": 1, "order_reserve_end_time": "2019-01-07T15:29:01.837", "created_at": "2019-01-07T14:27:56.622", "modified_at": "2019-01-07T15:21:01.837", "reserve_status": "free"}}, {"model": "gram_to_brand.orderedproductreserved", "pk": 241, "fields": {"order_product_reserved": 11, "product": 2, "cart": 16, "reserved_qty": 1, "order_reserve_end_time": "2019-01-07T15:29:01.853", "created_at": "2019-01-07T14:27:56.848", "modified_at": "2019-01-07T15:21:01.853", "reserve_status": "free"}}, {"model": "gram_to_brand.orderedproductreserved", "pk": 242, "fields": {"order_product_reserved": 13, "product": 1, "cart": 16, "reserved_qty": 1, "order_reserve_end_time": "2019-01-07T15:29:01.898", "created_at": "2019-01-07T14:27:57.072", "modified_at": "2019-01-07T15:21:01.898", "reserve_status": "free"}}, {"model": "gram_to_brand.orderedproductreserved", "pk": 243, "fields": {"order_product_reserved": 9, "product": 3, "cart": 16, "reserved_qty": 1, "order_reserve_end_time": "2019-01-07T15:29:01.916", "created_at": "2019-01-07T14:27:57.295", "modified_at": "2019-01-07T15:21:01.916", "reserve_status": "free"}}, {"model": "gram_to_brand.picklist", "pk": 2, "fields": {"order": 1, "cart": 8, "created_at": "2019-01-06T13:23:17.763", "modified_at": "2019-01-06T13:24:25.803", "status": true}}, {"model": "gram_to_brand.picklist", "pk": 3, "fields": {"order": 2, "cart": 9, "created_at": "2019-01-06T13:26:05.352", "modified_at": "2019-01-06T13:28:11.834", "status": true}}, {"model": "gram_to_brand.picklist", "pk": 4, "fields": {"order": 3, "cart": 10, "created_at": "2019-01-06T14:24:21.771", "modified_at": "2019-01-06T14:28:30.520", "status": true}}, {"model": "gram_to_brand.picklist", "pk": 5, "fields": {"order": 4, "cart": 11, "created_at": "2019-01-06T14:43:08.945", "modified_at": "2019-01-06T14:43:23.264", "status": true}}, {"model": "gram_to_brand.picklist", "pk": 6, "fields": {"order": 5, "cart": 12, "created_at": "2019-01-06T14:44:06.157", "modified_at": "2019-01-06T14:44:23.201", "status": true}}, {"model": "gram_to_brand.picklist", "pk": 7, "fields": {"order": 6, "cart": 13, "created_at": "2019-01-06T16:16:18.020", "modified_at": "2019-01-06T16:17:09.674", "status": true}}, {"model": "gram_to_brand.picklist", "pk": 8, "fields": {"order": 7, "cart": 14, "created_at": "2019-01-06T18:43:12.003", "modified_at": "2019-01-06T18:43:18.282", "status": true}}, {"model": "gram_to_brand.picklist", "pk": 9, "fields": {"order": 8, "cart": 15, "created_at": "2019-01-06T18:43:40.124", "modified_at": "2019-01-06T18:43:54.083", "status": true}}, {"model": "gram_to_brand.picklist", "pk": 12, "fields": {"order": 18, "cart": 18, "created_at": "2019-01-07T10:45:27.416", "modified_at": "2019-01-07T12:45:12.739", "status": true}}, {"model": "gram_to_brand.picklist", "pk": 14, "fields": {"order": 13, "cart": 16, "created_at": "2019-01-07T11:14:48.959", "modified_at": "2019-01-07T14:27:56.598", "status": true}}, {"model": "gram_to_brand.picklist", "pk": 15, "fields": {"order": 14, "cart": 20, "created_at": "2019-01-07T11:57:44.953", "modified_at": "2019-01-07T11:59:14.574", "status": true}}, {"model": "gram_to_brand.picklist", "pk": 16, "fields": {"order": 16, "cart": 19, "created_at": "2019-01-07T11:59:58.601", "modified_at": "2019-01-07T12:01:14.035", "status": true}}, {"model": "gram_to_brand.picklist", "pk": 17, "fields": {"order": 15, "cart": 21, "created_at": "2019-01-07T12:00:44.845", "modified_at": "2019-01-07T12:00:52.675", "status": true}}, {"model": "gram_to_brand.picklist", "pk": 18, "fields": {"order": 17, "cart": 23, "created_at": "2019-01-07T12:05:55.181", "modified_at": "2019-01-07T12:06:04.086", "status": true}}, {"model": "gram_to_brand.picklist", "pk": 19, "fields": {"order": null, "cart": 24, "created_at": "2019-01-07T12:07:41.924", "modified_at": "2019-01-07T12:08:25.784", "status": false}}, {"model": "gram_to_brand.picklist", "pk": 20, "fields": {"order": null, "cart": 22, "created_at": "2019-01-07T12:44:04.357", "modified_at": "2019-01-07T13:55:40.273", "status": false}}, {"model": "gram_to_brand.picklist", "pk": 21, "fields": {"order": null, "cart": 25, "created_at": "2019-01-07T13:09:37.374", "modified_at": "2019-01-07T13:50:03.149", "status": true}}, {"model": "gram_to_brand.picklistitems", "pk": 16, "fields": {"pick_list": 2, "grn_order": 13, "product": 4, "pick_qty": 1, "return_qty": 0, "damage_qty": 0, "created_at": "2019-01-06T13:23:17.796", "modified_at": "2019-01-06T13:23:17.796"}}, {"model": "gram_to_brand.picklistitems", "pk": 17, "fields": {"pick_list": 2, "grn_order": 13, "product": 3, "pick_qty": 1, "return_qty": 0, "damage_qty": 0, "created_at": "2019-01-06T13:23:17.938", "modified_at": "2019-01-06T13:23:17.938"}}, {"model": "gram_to_brand.picklistitems", "pk": 18, "fields": {"pick_list": 2, "grn_order": 13, "product": 4, "pick_qty": 1, "return_qty": 0, "damage_qty": 0, "created_at": "2019-01-06T13:24:07.197", "modified_at": "2019-01-06T13:24:07.197"}}, {"model": "gram_to_brand.picklistitems", "pk": 19, "fields": {"pick_list": 2, "grn_order": 13, "product": 3, "pick_qty": 1, "return_qty": 0, "damage_qty": 0, "created_at": "2019-01-06T13:24:07.333", "modified_at": "2019-01-06T13:24:07.333"}}, {"model": "gram_to_brand.picklistitems", "pk": 20, "fields": {"pick_list": 3, "grn_order": 13, "product": 4, "pick_qty": 1, "return_qty": 0, "damage_qty": 0, "created_at": "2019-01-06T13:26:05.385", "modified_at": "2019-01-06T13:26:05.385"}}, {"model": "gram_to_brand.picklistitems", "pk": 21, "fields": {"pick_list": 3, "grn_order": 13, "product": 4, "pick_qty": 1, "return_qty": 0, "damage_qty": 0, "created_at": "2019-01-06T13:27:00.655", "modified_at": "2019-01-06T13:27:00.655"}}, {"model": "gram_to_brand.picklistitems", "pk": 22, "fields": {"pick_list": 3, "grn_order": 13, "product": 3, "pick_qty": 1, "return_qty": 0, "damage_qty": 0, "created_at": "2019-01-06T13:27:00.791", "modified_at": "2019-01-06T13:27:00.791"}}, {"model": "gram_to_brand.picklistitems", "pk": 23, "fields": {"pick_list": 4, "grn_order": 13, "product": 3, "pick_qty": 1, "return_qty": 0, "damage_qty": 0, "created_at": "2019-01-06T14:24:21.804", "modified_at": "2019-01-06T14:24:21.804"}}, {"model": "gram_to_brand.picklistitems", "pk": 24, "fields": {"pick_list": 5, "grn_order": 13, "product": 3, "pick_qty": 1, "return_qty": 0, "damage_qty": 0, "created_at": "2019-01-06T14:43:08.977", "modified_at": "2019-01-06T14:43:08.977"}}, {"model": "gram_to_brand.picklistitems", "pk": 25, "fields": {"pick_list": 5, "grn_order": 13, "product": 4, "pick_qty": 1, "return_qty": 0, "damage_qty": 0, "created_at": "2019-01-06T14:43:09.124", "modified_at": "2019-01-06T14:43:09.124"}}, {"model": "gram_to_brand.picklistitems", "pk": 26, "fields": {"pick_list": 6, "grn_order": 13, "product": 4, "pick_qty": 1, "return_qty": 0, "damage_qty": 0, "created_at": "2019-01-06T14:44:06.192", "modified_at": "2019-01-06T14:44:06.192"}}, {"model": "gram_to_brand.picklistitems", "pk": 27, "fields": {"pick_list": 7, "grn_order": 13, "product": 3, "pick_qty": 1, "return_qty": 0, "damage_qty": 0, "created_at": "2019-01-06T16:16:18.060", "modified_at": "2019-01-06T16:16:18.060"}}, {"model": "gram_to_brand.picklistitems", "pk": 28, "fields": {"pick_list": 8, "grn_order": 13, "product": 4, "pick_qty": 1, "return_qty": 0, "damage_qty": 0, "created_at": "2019-01-06T18:43:12.040", "modified_at": "2019-01-06T18:43:12.040"}}, {"model": "gram_to_brand.picklistitems", "pk": 29, "fields": {"pick_list": 9, "grn_order": 13, "product": 3, "pick_qty": 1, "return_qty": 0, "damage_qty": 0, "created_at": "2019-01-06T18:43:40.157", "modified_at": "2019-01-06T18:43:40.157"}}, {"model": "gram_to_brand.picklistitems", "pk": 94, "fields": {"pick_list": 12, "grn_order": 16, "product": 2, "pick_qty": 5, "return_qty": 0, "damage_qty": 0, "created_at": "2019-01-07T10:45:27.446", "modified_at": "2019-01-07T10:45:27.446"}}, {"model": "gram_to_brand.picklistitems", "pk": 95, "fields": {"pick_list": 12, "grn_order": 19, "product": 2, "pick_qty": 5, "return_qty": 0, "damage_qty": 0, "created_at": "2019-01-07T10:45:27.462", "modified_at": "2019-01-07T10:45:27.462"}}, {"model": "gram_to_brand.picklistitems", "pk": 96, "fields": {"pick_list": 12, "grn_order": 13, "product": 3, "pick_qty": 1, "return_qty": 0, "damage_qty": 0, "created_at": "2019-01-07T10:45:27.654", "modified_at": "2019-01-07T10:45:27.654"}}, {"model": "gram_to_brand.picklistitems", "pk": 97, "fields": {"pick_list": 12, "grn_order": 16, "product": 3, "pick_qty": 1, "return_qty": 0, "damage_qty": 0, "created_at": "2019-01-07T10:45:27.670", "modified_at": "2019-01-07T10:45:27.670"}}, {"model": "gram_to_brand.picklistitems", "pk": 98, "fields": {"pick_list": 12, "grn_order": 18, "product": 4, "pick_qty": 2, "return_qty": 0, "damage_qty": 0, "created_at": "2019-01-07T10:45:27.864", "modified_at": "2019-01-07T10:45:27.864"}}, {"model": "gram_to_brand.picklistitems", "pk": 99, "fields": {"pick_list": 12, "grn_order": 13, "product": 4, "pick_qty": 2, "return_qty": 0, "damage_qty": 0, "created_at": "2019-01-07T10:45:27.882", "modified_at": "2019-01-07T10:45:27.882"}}, {"model": "gram_to_brand.picklistitems", "pk": 100, "fields": {"pick_list": 12, "grn_order": 12, "product": 2, "pick_qty": 5, "return_qty": 0, "damage_qty": 0, "created_at": "2019-01-07T10:45:31.869", "modified_at": "2019-01-07T10:45:31.869"}}, {"model": "gram_to_brand.picklistitems", "pk": 101, "fields": {"pick_list": 12, "grn_order": 13, "product": 2, "pick_qty": 5, "return_qty": 0, "damage_qty": 0, "created_at": "2019-01-07T10:45:31.885", "modified_at": "2019-01-07T10:45:31.885"}}, {"model": "gram_to_brand.picklistitems", "pk": 102, "fields": {"pick_list": 12, "grn_order": 16, "product": 4, "pick_qty": 2, "return_qty": 0, "damage_qty": 0, "created_at": "2019-01-07T10:45:32.237", "modified_at": "2019-01-07T10:45:32.237"}}, {"model": "gram_to_brand.picklistitems", "pk": 103, "fields": {"pick_list": 12, "grn_order": 18, "product": 4, "pick_qty": 2, "return_qty": 0, "damage_qty": 0, "created_at": "2019-01-07T10:45:32.251", "modified_at": "2019-01-07T10:45:32.251"}}, {"model": "gram_to_brand.picklistitems", "pk": 104, "fields": {"pick_list": 12, "grn_order": 13, "product": 4, "pick_qty": 2, "return_qty": 0, "damage_qty": 0, "created_at": "2019-01-07T10:45:32.266", "modified_at": "2019-01-07T10:45:32.266"}}, {"model": "gram_to_brand.picklistitems", "pk": 105, "fields": {"pick_list": 12, "grn_order": 16, "product": 4, "pick_qty": 2, "return_qty": 0, "damage_qty": 0, "created_at": "2019-01-07T10:45:41.661", "modified_at": "2019-01-07T10:45:41.661"}}, {"model": "gram_to_brand.picklistitems", "pk": 106, "fields": {"pick_list": 12, "grn_order": 18, "product": 4, "pick_qty": 2, "return_qty": 0, "damage_qty": 0, "created_at": "2019-01-07T10:45:41.677", "modified_at": "2019-01-07T10:45:41.677"}}, {"model": "gram_to_brand.picklistitems", "pk": 107, "fields": {"pick_list": 12, "grn_order": 13, "product": 4, "pick_qty": 2, "return_qty": 0, "damage_qty": 0, "created_at": "2019-01-07T10:45:41.692", "modified_at": "2019-01-07T10:45:41.692"}}, {"model": "gram_to_brand.picklistitems", "pk": 108, "fields": {"pick_list": 12, "grn_order": 16, "product": 2, "pick_qty": 3, "return_qty": 0, "damage_qty": 0, "created_at": "2019-01-07T10:45:41.867", "modified_at": "2019-01-07T10:45:41.867"}}, {"model": "gram_to_brand.picklistitems", "pk": 109, "fields": {"pick_list": 12, "grn_order": 13, "product": 2, "pick_qty": 3, "return_qty": 0, "damage_qty": 0, "created_at": "2019-01-07T10:45:41.882", "modified_at": "2019-01-07T10:45:41.882"}}, {"model": "gram_to_brand.picklistitems", "pk": 110, "fields": {"pick_list": 12, "grn_order": 13, "product": 4, "pick_qty": 2, "return_qty": 0, "damage_qty": 0, "created_at": "2019-01-07T10:50:11.972", "modified_at": "2019-01-07T10:50:11.972"}}, {"model": "gram_to_brand.picklistitems", "pk": 111, "fields": {"pick_list": 12, "grn_order": 12, "product": 2, "pick_qty": 3, "return_qty": 0, "damage_qty": 0, "created_at": "2019-01-07T10:50:12.152", "modified_at": "2019-01-07T10:50:12.152"}}, {"model": "gram_to_brand.picklistitems", "pk": 112, "fields": {"pick_list": 12, "grn_order": 13, "product": 2, "pick_qty": 3, "return_qty": 0, "damage_qty": 0, "created_at": "2019-01-07T10:50:12.169", "modified_at": "2019-01-07T10:50:12.169"}}, {"model": "gram_to_brand.picklistitems", "pk": 113, "fields": {"pick_list": 12, "grn_order": 13, "product": 4, "pick_qty": 3, "return_qty": 0, "damage_qty": 0, "created_at": "2019-01-07T10:50:40.799", "modified_at": "2019-01-07T10:50:40.799"}}, {"model": "gram_to_brand.picklistitems", "pk": 114, "fields": {"pick_list": 12, "grn_order": 18, "product": 2, "pick_qty": 4, "return_qty": 0, "damage_qty": 0, "created_at": "2019-01-07T10:50:40.983", "modified_at": "2019-01-07T10:50:40.983"}}, {"model": "gram_to_brand.picklistitems", "pk": 115, "fields": {"pick_list": 12, "grn_order": 12, "product": 2, "pick_qty": 4, "return_qty": 0, "damage_qty": 0, "created_at": "2019-01-07T10:50:40.999", "modified_at": "2019-01-07T10:50:40.999"}}, {"model": "gram_to_brand.picklistitems", "pk": 116, "fields": {"pick_list": 12, "grn_order": 13, "product": 2, "pick_qty": 4, "return_qty": 0, "damage_qty": 0, "created_at": "2019-01-07T10:50:41.014", "modified_at": "2019-01-07T10:50:41.014"}}, {"model": "gram_to_brand.picklistitems", "pk": 117, "fields": {"pick_list": 12, "grn_order": 13, "product": 4, "pick_qty": 3, "return_qty": 0, "damage_qty": 0, "created_at": "2019-01-07T10:50:49.754", "modified_at": "2019-01-07T10:50:49.754"}}, {"model": "gram_to_brand.picklistitems", "pk": 118, "fields": {"pick_list": 12, "grn_order": 13, "product": 2, "pick_qty": 4, "return_qty": 0, "damage_qty": 0, "created_at": "2019-01-07T10:50:49.937", "modified_at": "2019-01-07T10:50:49.937"}}, {"model": "gram_to_brand.picklistitems", "pk": 119, "fields": {"pick_list": 12, "grn_order": 13, "product": 4, "pick_qty": 3, "return_qty": 0, "damage_qty": 0, "created_at": "2019-01-07T10:50:58.223", "modified_at": "2019-01-07T10:50:58.223"}}, {"model": "gram_to_brand.picklistitems", "pk": 120, "fields": {"pick_list": 12, "grn_order": 16, "product": 4, "pick_qty": 2, "return_qty": 0, "damage_qty": 0, "created_at": "2019-01-07T10:50:58.238", "modified_at": "2019-01-07T10:50:58.238"}}, {"model": "gram_to_brand.picklistitems", "pk": 121, "fields": {"pick_list": 12, "grn_order": 18, "product": 4, "pick_qty": 2, "return_qty": 0, "damage_qty": 0, "created_at": "2019-01-07T10:50:58.253", "modified_at": "2019-01-07T10:50:58.253"}}, {"model": "gram_to_brand.picklistitems", "pk": 122, "fields": {"pick_list": 12, "grn_order": 13, "product": 2, "pick_qty": 4, "return_qty": 0, "damage_qty": 0, "created_at": "2019-01-07T10:50:58.437", "modified_at": "2019-01-07T10:50:58.437"}}, {"model": "gram_to_brand.picklistitems", "pk": 123, "fields": {"pick_list": 12, "grn_order": 13, "product": 4, "pick_qty": 1, "return_qty": 0, "damage_qty": 0, "created_at": "2019-01-07T10:51:15.533", "modified_at": "2019-01-07T10:51:15.533"}}, {"model": "gram_to_brand.picklistitems", "pk": 124, "fields": {"pick_list": 12, "grn_order": 16, "product": 4, "pick_qty": 1, "return_qty": 0, "damage_qty": 0, "created_at": "2019-01-07T10:51:15.548", "modified_at": "2019-01-07T10:51:15.548"}}, {"model": "gram_to_brand.picklistitems", "pk": 125, "fields": {"pick_list": 12, "grn_order": 18, "product": 4, "pick_qty": 1, "return_qty": 0, "damage_qty": 0, "created_at": "2019-01-07T10:51:15.566", "modified_at": "2019-01-07T10:51:15.566"}}, {"model": "gram_to_brand.picklistitems", "pk": 126, "fields": {"pick_list": 12, "grn_order": 13, "product": 2, "pick_qty": 4, "return_qty": 0, "damage_qty": 0, "created_at": "2019-01-07T10:51:15.749", "modified_at": "2019-01-07T10:51:15.749"}}, {"model": "gram_to_brand.picklistitems", "pk": 127, "fields": {"pick_list": 12, "grn_order": 13, "product": 2, "pick_qty": 3, "return_qty": 0, "damage_qty": 0, "created_at": "2019-01-07T10:51:30.905", "modified_at": "2019-01-07T10:51:30.905"}}, {"model": "gram_to_brand.picklistitems", "pk": 128, "fields": {"pick_list": 12, "grn_order": 16, "product": 4, "pick_qty": 62, "return_qty": 0, "damage_qty": 0, "created_at": "2019-01-07T11:04:15.346", "modified_at": "2019-01-07T11:04:15.346"}}, {"model": "gram_to_brand.picklistitems", "pk": 129, "fields": {"pick_list": 12, "grn_order": 18, "product": 4, "pick_qty": 62, "return_qty": 0, "damage_qty": 0, "created_at": "2019-01-07T11:04:15.363", "modified_at": "2019-01-07T11:04:15.363"}}, {"model": "gram_to_brand.picklistitems", "pk": 130, "fields": {"pick_list": 12, "grn_order": 13, "product": 4, "pick_qty": 62, "return_qty": 0, "damage_qty": 0, "created_at": "2019-01-07T11:04:15.378", "modified_at": "2019-01-07T11:04:15.378"}}, {"model": "gram_to_brand.picklistitems", "pk": 131, "fields": {"pick_list": 12, "grn_order": 13, "product": 3, "pick_qty": 16, "return_qty": 0, "damage_qty": 0, "created_at": "2019-01-07T11:04:15.571", "modified_at": "2019-01-07T11:04:15.571"}}, {"model": "gram_to_brand.picklistitems", "pk": 132, "fields": {"pick_list": 12, "grn_order": 16, "product": 3, "pick_qty": 16, "return_qty": 0, "damage_qty": 0, "created_at": "2019-01-07T11:04:15.586", "modified_at": "2019-01-07T11:04:15.586"}}, {"model": "gram_to_brand.picklistitems", "pk": 133, "fields": {"pick_list": 12, "grn_order": 13, "product": 2, "pick_qty": 245, "return_qty": 0, "damage_qty": 0, "created_at": "2019-01-07T11:04:15.768", "modified_at": "2019-01-07T11:04:15.768"}}, {"model": "gram_to_brand.picklistitems", "pk": 134, "fields": {"pick_list": 12, "grn_order": 15, "product": 2, "pick_qty": 245, "return_qty": 0, "damage_qty": 0, "created_at": "2019-01-07T11:04:15.783", "modified_at": "2019-01-07T11:04:15.783"}}, {"model": "gram_to_brand.picklistitems", "pk": 135, "fields": {"pick_list": 12, "grn_order": 19, "product": 2, "pick_qty": 245, "return_qty": 0, "damage_qty": 0, "created_at": "2019-01-07T11:04:15.798", "modified_at": "2019-01-07T11:04:15.798"}}, {"model": "gram_to_brand.picklistitems", "pk": 136, "fields": {"pick_list": 12, "grn_order": 18, "product": 2, "pick_qty": 245, "return_qty": 0, "damage_qty": 0, "created_at": "2019-01-07T11:04:15.813", "modified_at": "2019-01-07T11:04:15.813"}}, {"model": "gram_to_brand.picklistitems", "pk": 137, "fields": {"pick_list": 12, "grn_order": 12, "product": 2, "pick_qty": 245, "return_qty": 0, "damage_qty": 0, "created_at": "2019-01-07T11:04:15.830", "modified_at": "2019-01-07T11:04:15.830"}}, {"model": "gram_to_brand.picklistitems", "pk": 138, "fields": {"pick_list": 12, "grn_order": 16, "product": 2, "pick_qty": 245, "return_qty": 0, "damage_qty": 0, "created_at": "2019-01-07T11:04:15.845", "modified_at": "2019-01-07T11:04:15.845"}}, {"model": "gram_to_brand.picklistitems", "pk": 139, "fields": {"pick_list": 12, "grn_order": 14, "product": 2, "pick_qty": 245, "return_qty": 0, "damage_qty": 0, "created_at": "2019-01-07T11:04:15.860", "modified_at": "2019-01-07T11:04:15.860"}}, {"model": "gram_to_brand.picklistitems", "pk": 140, "fields": {"pick_list": 12, "grn_order": 13, "product": 2, "pick_qty": 2, "return_qty": 0, "damage_qty": 0, "created_at": "2019-01-07T11:11:01.764", "modified_at": "2019-01-07T11:11:01.764"}}, {"model": "gram_to_brand.picklistitems", "pk": 141, "fields": {"pick_list": 12, "grn_order": 13, "product": 3, "pick_qty": 1, "return_qty": 0, "damage_qty": 0, "created_at": "2019-01-07T11:11:15.934", "modified_at": "2019-01-07T11:11:15.934"}}, {"model": "gram_to_brand.picklistitems", "pk": 142, "fields": {"pick_list": 12, "grn_order": 19, "product": 2, "pick_qty": 2, "return_qty": 0, "damage_qty": 0, "created_at": "2019-01-07T11:11:16.068", "modified_at": "2019-01-07T11:11:16.068"}}, {"model": "gram_to_brand.picklistitems", "pk": 145, "fields": {"pick_list": 14, "grn_order": 16, "product": 4, "pick_qty": 1, "return_qty": 0, "damage_qty": 0, "created_at": "2019-01-07T11:14:48.992", "modified_at": "2019-01-07T11:14:48.992"}}, {"model": "gram_to_brand.picklistitems", "pk": 146, "fields": {"pick_list": 12, "grn_order": 16, "product": 3, "pick_qty": 1, "return_qty": 0, "damage_qty": 0, "created_at": "2019-01-07T11:15:16.274", "modified_at": "2019-01-07T11:15:16.274"}}, {"model": "gram_to_brand.picklistitems", "pk": 147, "fields": {"pick_list": 12, "grn_order": 12, "product": 2, "pick_qty": 2, "return_qty": 0, "damage_qty": 0, "created_at": "2019-01-07T11:15:16.423", "modified_at": "2019-01-07T11:15:16.423"}}, {"model": "gram_to_brand.picklistitems", "pk": 148, "fields": {"pick_list": 12, "grn_order": 13, "product": 3, "pick_qty": 1, "return_qty": 0, "damage_qty": 0, "created_at": "2019-01-07T11:17:32.262", "modified_at": "2019-01-07T11:17:32.262"}}, {"model": "gram_to_brand.picklistitems", "pk": 149, "fields": {"pick_list": 12, "grn_order": 20, "product": 2, "pick_qty": 2, "return_qty": 0, "damage_qty": 0, "created_at": "2019-01-07T11:17:32.404", "modified_at": "2019-01-07T11:17:32.404"}}, {"model": "gram_to_brand.picklistitems", "pk": 150, "fields": {"pick_list": 12, "grn_order": 16, "product": 3, "pick_qty": 1, "return_qty": 0, "damage_qty": 0, "created_at": "2019-01-07T11:20:33.890", "modified_at": "2019-01-07T11:20:33.890"}}, {"model": "gram_to_brand.picklistitems", "pk": 151, "fields": {"pick_list": 12, "grn_order": 20, "product": 2, "pick_qty": 2, "return_qty": 0, "damage_qty": 0, "created_at": "2019-01-07T11:20:34.073", "modified_at": "2019-01-07T11:20:34.073"}}, {"model": "gram_to_brand.picklistitems", "pk": 152, "fields": {"pick_list": 12, "grn_order": 18, "product": 4, "pick_qty": 11, "return_qty": 0, "damage_qty": 0, "created_at": "2019-01-07T11:20:34.254", "modified_at": "2019-01-07T11:20:34.254"}}, {"model": "gram_to_brand.picklistitems", "pk": 153, "fields": {"pick_list": 14, "grn_order": 13, "product": 4, "pick_qty": 1, "return_qty": 0, "damage_qty": 0, "created_at": "2019-01-07T11:21:19.633", "modified_at": "2019-01-07T11:21:19.633"}}, {"model": "gram_to_brand.picklistitems", "pk": 158, "fields": {"pick_list": 14, "grn_order": 13, "product": 4, "pick_qty": 1, "return_qty": 0, "damage_qty": 0, "created_at": "2019-01-07T11:54:45.426", "modified_at": "2019-01-07T11:54:45.426"}}, {"model": "gram_to_brand.picklistitems", "pk": 159, "fields": {"pick_list": 12, "grn_order": 13, "product": 2, "pick_qty": 2, "return_qty": 0, "damage_qty": 0, "created_at": "2019-01-07T11:55:30.716", "modified_at": "2019-01-07T11:55:30.716"}}, {"model": "gram_to_brand.picklistitems", "pk": 160, "fields": {"pick_list": 12, "grn_order": 13, "product": 3, "pick_qty": 2, "return_qty": 0, "damage_qty": 0, "created_at": "2019-01-07T11:55:30.852", "modified_at": "2019-01-07T11:55:30.852"}}, {"model": "gram_to_brand.picklistitems", "pk": 161, "fields": {"pick_list": 15, "grn_order": 13, "product": 3, "pick_qty": 1, "return_qty": 0, "damage_qty": 0, "created_at": "2019-01-07T11:57:44.984", "modified_at": "2019-01-07T11:57:44.984"}}, {"model": "gram_to_brand.picklistitems", "pk": 162, "fields": {"pick_list": 15, "grn_order": 16, "product": 4, "pick_qty": 1, "return_qty": 0, "damage_qty": 0, "created_at": "2019-01-07T11:57:45.271", "modified_at": "2019-01-07T11:57:45.271"}}, {"model": "gram_to_brand.picklistitems", "pk": 163, "fields": {"pick_list": 15, "grn_order": 18, "product": 2, "pick_qty": 1, "return_qty": 0, "damage_qty": 0, "created_at": "2019-01-07T11:57:45.456", "modified_at": "2019-01-07T11:57:45.456"}}, {"model": "gram_to_brand.picklistitems", "pk": 164, "fields": {"pick_list": 15, "grn_order": 16, "product": 3, "pick_qty": 1, "return_qty": 0, "damage_qty": 0, "created_at": "2019-01-07T11:59:03.844", "modified_at": "2019-01-07T11:59:03.845"}}, {"model": "gram_to_brand.picklistitems", "pk": 165, "fields": {"pick_list": 15, "grn_order": 13, "product": 4, "pick_qty": 1, "return_qty": 0, "damage_qty": 0, "created_at": "2019-01-07T11:59:04.030", "modified_at": "2019-01-07T11:59:04.030"}}, {"model": "gram_to_brand.picklistitems", "pk": 166, "fields": {"pick_list": 15, "grn_order": 15, "product": 2, "pick_qty": 1, "return_qty": 0, "damage_qty": 0, "created_at": "2019-01-07T11:59:04.214", "modified_at": "2019-01-07T11:59:04.214"}}, {"model": "gram_to_brand.picklistitems", "pk": 167, "fields": {"pick_list": 16, "grn_order": 13, "product": 3, "pick_qty": 6, "return_qty": 0, "damage_qty": 0, "created_at": "2019-01-07T11:59:58.633", "modified_at": "2019-01-07T11:59:58.633"}}, {"model": "gram_to_brand.picklistitems", "pk": 168, "fields": {"pick_list": 12, "grn_order": 12, "product": 2, "pick_qty": 2, "return_qty": 0, "damage_qty": 0, "created_at": "2019-01-07T12:00:42.828", "modified_at": "2019-01-07T12:00:42.828"}}, {"model": "gram_to_brand.picklistitems", "pk": 169, "fields": {"pick_list": 12, "grn_order": 13, "product": 3, "pick_qty": 2, "return_qty": 0, "damage_qty": 0, "created_at": "2019-01-07T12:00:42.961", "modified_at": "2019-01-07T12:00:42.961"}}, {"model": "gram_to_brand.picklistitems", "pk": 170, "fields": {"pick_list": 17, "grn_order": 18, "product": 2, "pick_qty": 1, "return_qty": 0, "damage_qty": 0, "created_at": "2019-01-07T12:00:44.876", "modified_at": "2019-01-07T12:00:44.876"}}, {"model": "gram_to_brand.picklistitems", "pk": 171, "fields": {"pick_list": 17, "grn_order": 13, "product": 3, "pick_qty": 1, "return_qty": 0, "damage_qty": 0, "created_at": "2019-01-07T12:00:45.165", "modified_at": "2019-01-07T12:00:45.165"}}, {"model": "gram_to_brand.picklistitems", "pk": 172, "fields": {"pick_list": 17, "grn_order": 16, "product": 4, "pick_qty": 1, "return_qty": 0, "damage_qty": 0, "created_at": "2019-01-07T12:00:45.339", "modified_at": "2019-01-07T12:00:45.339"}}, {"model": "gram_to_brand.picklistitems", "pk": 173, "fields": {"pick_list": 16, "grn_order": 13, "product": 3, "pick_qty": 6, "return_qty": 0, "damage_qty": 0, "created_at": "2019-01-07T12:00:57.611", "modified_at": "2019-01-07T12:00:57.611"}}, {"model": "gram_to_brand.picklistitems", "pk": 174, "fields": {"pick_list": 12, "grn_order": 16, "product": 2, "pick_qty": 2, "return_qty": 0, "damage_qty": 0, "created_at": "2019-01-07T12:04:38.411", "modified_at": "2019-01-07T12:04:38.411"}}, {"model": "gram_to_brand.picklistitems", "pk": 175, "fields": {"pick_list": 12, "grn_order": 16, "product": 3, "pick_qty": 2, "return_qty": 0, "damage_qty": 0, "created_at": "2019-01-07T12:04:38.546", "modified_at": "2019-01-07T12:04:38.546"}}, {"model": "gram_to_brand.picklistitems", "pk": 176, "fields": {"pick_list": 18, "grn_order": 13, "product": 3, "pick_qty": 10, "return_qty": 0, "damage_qty": 0, "created_at": "2019-01-07T12:05:55.213", "modified_at": "2019-01-07T12:05:55.213"}}, {"model": "gram_to_brand.picklistitems", "pk": 177, "fields": {"pick_list": 18, "grn_order": 20, "product": 2, "pick_qty": 6, "return_qty": 0, "damage_qty": 0, "created_at": "2019-01-07T12:05:55.367", "modified_at": "2019-01-07T12:05:55.367"}}, {"model": "gram_to_brand.picklistitems", "pk": 178, "fields": {"pick_list": 19, "grn_order": 20, "product": 3, "pick_qty": 7, "return_qty": 0, "damage_qty": 0, "created_at": "2019-01-07T12:07:41.955", "modified_at": "2019-01-07T12:07:41.956"}}, {"model": "gram_to_brand.picklistitems", "pk": 179, "fields": {"pick_list": 19, "grn_order": 13, "product": 3, "pick_qty": 4, "return_qty": 0, "damage_qty": 0, "created_at": "2019-01-07T12:07:41.972", "modified_at": "2019-01-07T12:07:41.972"}}, {"model": "gram_to_brand.picklistitems", "pk": 180, "fields": {"pick_list": 19, "grn_order": 13, "product": 3, "pick_qty": 7, "return_qty": 0, "damage_qty": 0, "created_at": "2019-01-07T12:08:25.810", "modified_at": "2019-01-07T12:08:25.811"}}, {"model": "gram_to_brand.picklistitems", "pk": 181, "fields": {"pick_list": 20, "grn_order": 16, "product": 3, "pick_qty": 1, "return_qty": 0, "damage_qty": 0, "created_at": "2019-01-07T12:44:04.389", "modified_at": "2019-01-07T12:44:04.389"}}, {"model": "gram_to_brand.picklistitems", "pk": 182, "fields": {"pick_list": 20, "grn_order": 13, "product": 4, "pick_qty": 1, "return_qty": 0, "damage_qty": 0, "created_at": "2019-01-07T12:44:04.531", "modified_at": "2019-01-07T12:44:04.531"}}, {"model": "gram_to_brand.picklistitems", "pk": 183, "fields": {"pick_list": 12, "grn_order": 19, "product": 2, "pick_qty": 2, "return_qty": 0, "damage_qty": 0, "created_at": "2019-01-07T12:44:51.947", "modified_at": "2019-01-07T12:44:51.947"}}, {"model": "gram_to_brand.picklistitems", "pk": 184, "fields": {"pick_list": 12, "grn_order": 20, "product": 3, "pick_qty": 2, "return_qty": 0, "damage_qty": 0, "created_at": "2019-01-07T12:44:52.086", "modified_at": "2019-01-07T12:44:52.086"}}, {"model": "gram_to_brand.picklistitems", "pk": 185, "fields": {"pick_list": 20, "grn_order": 13, "product": 4, "pick_qty": 1, "return_qty": 0, "damage_qty": 0, "created_at": "2019-01-07T12:47:10.800", "modified_at": "2019-01-07T12:47:10.800"}}, {"model": "gram_to_brand.picklistitems", "pk": 186, "fields": {"pick_list": 20, "grn_order": 20, "product": 3, "pick_qty": 1, "return_qty": 0, "damage_qty": 0, "created_at": "2019-01-07T12:47:11.046", "modified_at": "2019-01-07T12:47:11.046"}}, {"model": "gram_to_brand.picklistitems", "pk": 187, "fields": {"pick_list": 20, "grn_order": 16, "product": 4, "pick_qty": 1, "return_qty": 0, "damage_qty": 0, "created_at": "2019-01-07T12:59:07.336", "modified_at": "2019-01-07T12:59:07.336"}}, {"model": "gram_to_brand.picklistitems", "pk": 188, "fields": {"pick_list": 20, "grn_order": 16, "product": 3, "pick_qty": 1, "return_qty": 0, "damage_qty": 0, "created_at": "2019-01-07T12:59:07.534", "modified_at": "2019-01-07T12:59:07.534"}}, {"model": "gram_to_brand.picklistitems", "pk": 189, "fields": {"pick_list": 20, "grn_order": 16, "product": 2, "pick_qty": 1, "return_qty": 0, "damage_qty": 0, "created_at": "2019-01-07T12:59:07.727", "modified_at": "2019-01-07T12:59:07.727"}}, {"model": "gram_to_brand.picklistitems", "pk": 190, "fields": {"pick_list": 20, "grn_order": 13, "product": 4, "pick_qty": 1, "return_qty": 0, "damage_qty": 0, "created_at": "2019-01-07T13:00:14.466", "modified_at": "2019-01-07T13:00:14.466"}}, {"model": "gram_to_brand.picklistitems", "pk": 191, "fields": {"pick_list": 20, "grn_order": 20, "product": 3, "pick_qty": 1, "return_qty": 0, "damage_qty": 0, "created_at": "2019-01-07T13:00:14.656", "modified_at": "2019-01-07T13:00:14.656"}}, {"model": "gram_to_brand.picklistitems", "pk": 192, "fields": {"pick_list": 20, "grn_order": 18, "product": 2, "pick_qty": 1, "return_qty": 0, "damage_qty": 0, "created_at": "2019-01-07T13:00:14.946", "modified_at": "2019-01-07T13:00:14.946"}}, {"model": "gram_to_brand.picklistitems", "pk": 193, "fields": {"pick_list": 20, "grn_order": 20, "product": 4, "pick_qty": 1, "return_qty": 0, "damage_qty": 0, "created_at": "2019-01-07T13:01:24.931", "modified_at": "2019-01-07T13:01:24.931"}}, {"model": "gram_to_brand.picklistitems", "pk": 194, "fields": {"pick_list": 20, "grn_order": 20, "product": 3, "pick_qty": 1, "return_qty": 0, "damage_qty": 0, "created_at": "2019-01-07T13:01:25.146", "modified_at": "2019-01-07T13:01:25.146"}}, {"model": "gram_to_brand.picklistitems", "pk": 195, "fields": {"pick_list": 20, "grn_order": 18, "product": 2, "pick_qty": 1, "return_qty": 0, "damage_qty": 0, "created_at": "2019-01-07T13:01:25.331", "modified_at": "2019-01-07T13:01:25.331"}}, {"model": "gram_to_brand.picklistitems", "pk": 196, "fields": {"pick_list": 20, "grn_order": 20, "product": 4, "pick_qty": 1, "return_qty": 0, "damage_qty": 0, "created_at": "2019-01-07T13:02:04.234", "modified_at": "2019-01-07T13:02:04.234"}}, {"model": "gram_to_brand.picklistitems", "pk": 197, "fields": {"pick_list": 20, "grn_order": 20, "product": 3, "pick_qty": 1, "return_qty": 0, "damage_qty": 0, "created_at": "2019-01-07T13:02:04.420", "modified_at": "2019-01-07T13:02:04.420"}}, {"model": "gram_to_brand.picklistitems", "pk": 198, "fields": {"pick_list": 20, "grn_order": 16, "product": 2, "pick_qty": 1, "return_qty": 0, "damage_qty": 0, "created_at": "2019-01-07T13:02:04.598", "modified_at": "2019-01-07T13:02:04.598"}}, {"model": "gram_to_brand.picklistitems", "pk": 199, "fields": {"pick_list": 20, "grn_order": 13, "product": 4, "pick_qty": 1, "return_qty": 0, "damage_qty": 0, "created_at": "2019-01-07T13:04:43.997", "modified_at": "2019-01-07T13:04:43.997"}}, {"model": "gram_to_brand.picklistitems", "pk": 200, "fields": {"pick_list": 20, "grn_order": 13, "product": 3, "pick_qty": 1, "return_qty": 0, "damage_qty": 0, "created_at": "2019-01-07T13:04:44.189", "modified_at": "2019-01-07T13:04:44.189"}}, {"model": "gram_to_brand.picklistitems", "pk": 201, "fields": {"pick_list": 20, "grn_order": 16, "product": 2, "pick_qty": 1, "return_qty": 0, "damage_qty": 0, "created_at": "2019-01-07T13:04:44.366", "modified_at": "2019-01-07T13:04:44.367"}}, {"model": "gram_to_brand.picklistitems", "pk": 202, "fields": {"pick_list": 20, "grn_order": 13, "product": 4, "pick_qty": 1, "return_qty": 0, "damage_qty": 0, "created_at": "2019-01-07T13:07:17.256", "modified_at": "2019-01-07T13:07:17.256"}}, {"model": "gram_to_brand.picklistitems", "pk": 203, "fields": {"pick_list": 20, "grn_order": 16, "product": 3, "pick_qty": 1, "return_qty": 0, "damage_qty": 0, "created_at": "2019-01-07T13:07:17.437", "modified_at": "2019-01-07T13:07:17.437"}}, {"model": "gram_to_brand.picklistitems", "pk": 204, "fields": {"pick_list": 20, "grn_order": 12, "product": 2, "pick_qty": 1, "return_qty": 0, "damage_qty": 0, "created_at": "2019-01-07T13:07:17.614", "modified_at": "2019-01-07T13:07:17.614"}}, {"model": "gram_to_brand.picklistitems", "pk": 205, "fields": {"pick_list": 20, "grn_order": 13, "product": 4, "pick_qty": 1, "return_qty": 0, "damage_qty": 0, "created_at": "2019-01-07T13:08:21.547", "modified_at": "2019-01-07T13:08:21.547"}}, {"model": "gram_to_brand.picklistitems", "pk": 206, "fields": {"pick_list": 20, "grn_order": 20, "product": 3, "pick_qty": 1, "return_qty": 0, "damage_qty": 0, "created_at": "2019-01-07T13:08:21.750", "modified_at": "2019-01-07T13:08:21.750"}}, {"model": "gram_to_brand.picklistitems", "pk": 207, "fields": {"pick_list": 20, "grn_order": 12, "product": 2, "pick_qty": 1, "return_qty": 0, "damage_qty": 0, "created_at": "2019-01-07T13:08:21.962", "modified_at": "2019-01-07T13:08:21.962"}}, {"model": "gram_to_brand.picklistitems", "pk": 208, "fields": {"pick_list": 21, "grn_order": 13, "product": 2, "pick_qty": 3, "return_qty": 0, "damage_qty": 0, "created_at": "2019-01-07T13:09:37.405", "modified_at": "2019-01-07T13:09:37.405"}}, {"model": "gram_to_brand.picklistitems", "pk": 209, "fields": {"pick_list": 21, "grn_order": 18, "product": 4, "pick_qty": 8, "return_qty": 0, "damage_qty": 0, "created_at": "2019-01-07T13:09:37.545", "modified_at": "2019-01-07T13:09:37.545"}}, {"model": "gram_to_brand.picklistitems", "pk": 210, "fields": {"pick_list": 20, "grn_order": 18, "product": 4, "pick_qty": 1, "return_qty": 0, "damage_qty": 0, "created_at": "2019-01-07T13:12:54.664", "modified_at": "2019-01-07T13:12:54.664"}}, {"model": "gram_to_brand.picklistitems", "pk": 211, "fields": {"pick_list": 20, "grn_order": 13, "product": 3, "pick_qty": 1, "return_qty": 0, "damage_qty": 0, "created_at": "2019-01-07T13:12:54.864", "modified_at": "2019-01-07T13:12:54.864"}}, {"model": "gram_to_brand.picklistitems", "pk": 212, "fields": {"pick_list": 20, "grn_order": 15, "product": 2, "pick_qty": 1, "return_qty": 0, "damage_qty": 0, "created_at": "2019-01-07T13:12:55.074", "modified_at": "2019-01-07T13:12:55.074"}}, {"model": "gram_to_brand.picklistitems", "pk": 213, "fields": {"pick_list": 20, "grn_order": 18, "product": 4, "pick_qty": 1, "return_qty": 0, "damage_qty": 0, "created_at": "2019-01-07T13:33:59.460", "modified_at": "2019-01-07T13:33:59.460"}}, {"model": "gram_to_brand.picklistitems", "pk": 214, "fields": {"pick_list": 20, "grn_order": 20, "product": 3, "pick_qty": 1, "return_qty": 0, "damage_qty": 0, "created_at": "2019-01-07T13:33:59.645", "modified_at": "2019-01-07T13:33:59.645"}}, {"model": "gram_to_brand.picklistitems", "pk": 215, "fields": {"pick_list": 20, "grn_order": 19, "product": 2, "pick_qty": 1, "return_qty": 0, "damage_qty": 0, "created_at": "2019-01-07T13:33:59.824", "modified_at": "2019-01-07T13:33:59.824"}}, {"model": "gram_to_brand.picklistitems", "pk": 216, "fields": {"pick_list": 20, "grn_order": 20, "product": 4, "pick_qty": 1, "return_qty": 0, "damage_qty": 0, "created_at": "2019-01-07T13:42:47.012", "modified_at": "2019-01-07T13:42:47.012"}}, {"model": "gram_to_brand.picklistitems", "pk": 217, "fields": {"pick_list": 20, "grn_order": 13, "product": 3, "pick_qty": 1, "return_qty": 0, "damage_qty": 0, "created_at": "2019-01-07T13:42:47.198", "modified_at": "2019-01-07T13:42:47.198"}}, {"model": "gram_to_brand.picklistitems", "pk": 218, "fields": {"pick_list": 20, "grn_order": 13, "product": 2, "pick_qty": 1, "return_qty": 0, "damage_qty": 0, "created_at": "2019-01-07T13:42:47.384", "modified_at": "2019-01-07T13:42:47.384"}}, {"model": "gram_to_brand.picklistitems", "pk": 219, "fields": {"pick_list": 14, "grn_order": 19, "product": 1, "pick_qty": 1, "return_qty": 0, "damage_qty": 0, "created_at": "2019-01-07T13:43:29.150", "modified_at": "2019-01-07T13:43:29.150"}}, {"model": "gram_to_brand.picklistitems", "pk": 220, "fields": {"pick_list": 14, "grn_order": 15, "product": 2, "pick_qty": 2, "return_qty": 0, "damage_qty": 0, "created_at": "2019-01-07T13:43:29.432", "modified_at": "2019-01-07T13:43:29.432"}}, {"model": "gram_to_brand.picklistitems", "pk": 221, "fields": {"pick_list": 14, "grn_order": 16, "product": 4, "pick_qty": 1, "return_qty": 0, "damage_qty": 0, "created_at": "2019-01-07T13:43:29.615", "modified_at": "2019-01-07T13:43:29.615"}}, {"model": "gram_to_brand.picklistitems", "pk": 222, "fields": {"pick_list": 20, "grn_order": 16, "product": 4, "pick_qty": 1, "return_qty": 0, "damage_qty": 0, "created_at": "2019-01-07T13:44:08.430", "modified_at": "2019-01-07T13:44:08.430"}}, {"model": "gram_to_brand.picklistitems", "pk": 223, "fields": {"pick_list": 20, "grn_order": 16, "product": 3, "pick_qty": 1, "return_qty": 0, "damage_qty": 0, "created_at": "2019-01-07T13:44:08.616", "modified_at": "2019-01-07T13:44:08.616"}}, {"model": "gram_to_brand.picklistitems", "pk": 224, "fields": {"pick_list": 20, "grn_order": 13, "product": 2, "pick_qty": 1, "return_qty": 0, "damage_qty": 0, "created_at": "2019-01-07T13:44:08.799", "modified_at": "2019-01-07T13:44:08.799"}}, {"model": "gram_to_brand.picklistitems", "pk": 225, "fields": {"pick_list": 20, "grn_order": 16, "product": 4, "pick_qty": 1, "return_qty": 0, "damage_qty": 0, "created_at": "2019-01-07T13:44:56.175", "modified_at": "2019-01-07T13:44:56.175"}}, {"model": "gram_to_brand.picklistitems", "pk": 226, "fields": {"pick_list": 20, "grn_order": 16, "product": 3, "pick_qty": 1, "return_qty": 0, "damage_qty": 0, "created_at": "2019-01-07T13:44:56.458", "modified_at": "2019-01-07T13:44:56.458"}}, {"model": "gram_to_brand.picklistitems", "pk": 227, "fields": {"pick_list": 20, "grn_order": 16, "product": 2, "pick_qty": 1, "return_qty": 0, "damage_qty": 0, "created_at": "2019-01-07T13:44:56.639", "modified_at": "2019-01-07T13:44:56.639"}}, {"model": "gram_to_brand.picklistitems", "pk": 228, "fields": {"pick_list": 20, "grn_order": 20, "product": 4, "pick_qty": 1, "return_qty": 0, "damage_qty": 0, "created_at": "2019-01-07T13:47:13.274", "modified_at": "2019-01-07T13:47:13.274"}}, {"model": "gram_to_brand.picklistitems", "pk": 229, "fields": {"pick_list": 20, "grn_order": 20, "product": 3, "pick_qty": 1, "return_qty": 0, "damage_qty": 0, "created_at": "2019-01-07T13:47:13.452", "modified_at": "2019-01-07T13:47:13.452"}}, {"model": "gram_to_brand.picklistitems", "pk": 230, "fields": {"pick_list": 20, "grn_order": 20, "product": 2, "pick_qty": 1, "return_qty": 0, "damage_qty": 0, "created_at": "2019-01-07T13:47:13.625", "modified_at": "2019-01-07T13:47:13.625"}}, {"model": "gram_to_brand.picklistitems", "pk": 231, "fields": {"pick_list": 20, "grn_order": 18, "product": 4, "pick_qty": 1, "return_qty": 0, "damage_qty": 0, "created_at": "2019-01-07T13:49:44.273", "modified_at": "2019-01-07T13:49:44.273"}}, {"model": "gram_to_brand.picklistitems", "pk": 232, "fields": {"pick_list": 20, "grn_order": 21, "product": 3, "pick_qty": 1, "return_qty": 0, "damage_qty": 0, "created_at": "2019-01-07T13:49:44.482", "modified_at": "2019-01-07T13:49:44.482"}}, {"model": "gram_to_brand.picklistitems", "pk": 233, "fields": {"pick_list": 20, "grn_order": 16, "product": 3, "pick_qty": 1, "return_qty": 0, "damage_qty": 0, "created_at": "2019-01-07T13:49:44.497", "modified_at": "2019-01-07T13:49:44.497"}}, {"model": "gram_to_brand.picklistitems", "pk": 234, "fields": {"pick_list": 20, "grn_order": 19, "product": 2, "pick_qty": 1, "return_qty": 0, "damage_qty": 0, "created_at": "2019-01-07T13:49:44.679", "modified_at": "2019-01-07T13:49:44.679"}}, {"model": "gram_to_brand.picklistitems", "pk": 235, "fields": {"pick_list": 20, "grn_order": 21, "product": 4, "pick_qty": 1, "return_qty": 0, "damage_qty": 0, "created_at": "2019-01-07T13:55:40.300", "modified_at": "2019-01-07T13:55:40.300"}}, {"model": "gram_to_brand.picklistitems", "pk": 236, "fields": {"pick_list": 20, "grn_order": 16, "product": 4, "pick_qty": 1, "return_qty": 0, "damage_qty": 0, "created_at": "2019-01-07T13:55:40.316", "modified_at": "2019-01-07T13:55:40.316"}}, {"model": "gram_to_brand.picklistitems", "pk": 237, "fields": {"pick_list": 20, "grn_order": 13, "product": 3, "pick_qty": 1, "return_qty": 0, "damage_qty": 0, "created_at": "2019-01-07T13:55:40.496", "modified_at": "2019-01-07T13:55:40.496"}}, {"model": "gram_to_brand.picklistitems", "pk": 238, "fields": {"pick_list": 20, "grn_order": 21, "product": 2, "pick_qty": 1, "return_qty": 0, "damage_qty": 0, "created_at": "2019-01-07T13:55:40.672", "modified_at": "2019-01-07T13:55:40.672"}}, {"model": "gram_to_brand.picklistitems", "pk": 239, "fields": {"pick_list": 20, "grn_order": 13, "product": 2, "pick_qty": 1, "return_qty": 0, "damage_qty": 0, "created_at": "2019-01-07T13:55:40.687", "modified_at": "2019-01-07T13:55:40.687"}}, {"model": "gram_to_brand.picklistitems", "pk": 240, "fields": {"pick_list": 14, "grn_order": 13, "product": 4, "pick_qty": 1, "return_qty": 0, "damage_qty": 0, "created_at": "2019-01-07T14:27:56.629", "modified_at": "2019-01-07T14:27:56.629"}}, {"model": "gram_to_brand.picklistitems", "pk": 241, "fields": {"pick_list": 14, "grn_order": 18, "product": 2, "pick_qty": 1, "return_qty": 0, "damage_qty": 0, "created_at": "2019-01-07T14:27:56.854", "modified_at": "2019-01-07T14:27:56.854"}}, {"model": "gram_to_brand.picklistitems", "pk": 242, "fields": {"pick_list": 14, "grn_order": 19, "product": 1, "pick_qty": 1, "return_qty": 0, "damage_qty": 0, "created_at": "2019-01-07T14:27:57.078", "modified_at": "2019-01-07T14:27:57.078"}}, {"model": "gram_to_brand.picklistitems", "pk": 243, "fields": {"pick_list": 14, "grn_order": 16, "product": 3, "pick_qty": 1, "return_qty": 0, "damage_qty": 0, "created_at": "2019-01-07T14:27:57.301", "modified_at": "2019-01-07T14:27:57.301"}}, {"model": "retailer_to_sp.cartproductmapping", "pk": 1, "fields": {"cart": 1, "cart_product": 1, "qty": 1, "qty_error_msg": null, "created_at": "2019-01-05T17:09:00.703", "modified_at": "2019-01-05T17:09:00.703"}}, {"model": "retailer_to_sp.cartproductmapping", "pk": 2, "fields": {"cart": 2, "cart_product": 2, "qty": 8, "qty_error_msg": null, "created_at": "2019-01-07T13:39:08.018", "modified_at": "2019-01-07T13:40:00.517"}}, {"model": "retailer_to_sp.cartproductmapping", "pk": 3, "fields": {"cart": 2, "cart_product": 3, "qty": 13, "qty_error_msg": null, "created_at": "2019-01-07T13:39:10.559", "modified_at": "2019-01-07T13:40:02.574"}}, {"model": "retailer_to_sp.cartproductmapping", "pk": 4, "fields": {"cart": 3, "cart_product": 2, "qty": 2, "qty_error_msg": null, "created_at": "2019-01-07T13:41:15.492", "modified_at": "2019-01-07T13:41:15.496"}}, {"model": "retailer_to_sp.payment", "pk": 1, "fields": {"order_id": 1, "name": "Payment/1", "paid_amount": "234.0000", "payment_choice": "neft", "neft_reference_number": "000111", "payment_status": "payment_done_approval_pending"}}, {"model": "retailer_to_sp.payment", "pk": 2, "fields": {"order_id": 1, "name": "Payment/2", "paid_amount": "3400.0000", "payment_choice": "neft", "neft_reference_number": "1222", "payment_status": "payment_done_approval_pending"}}, {"model": "retailer_to_gram.cartproductmapping", "pk": 43, "fields": {"cart": 6, "cart_product": 2, "qty": 3, "qty_error_msg": "", "created_at": "2019-01-05T17:12:22.418", "modified_at": "2019-01-06T20:07:54.149"}}, {"model": "retailer_to_gram.cartproductmapping", "pk": 47, "fields": {"cart": 6, "cart_product": 4, "qty": 3, "qty_error_msg": "", "created_at": "2019-01-05T20:45:39.109", "modified_at": "2019-01-06T20:07:53.950"}}, {"model": "retailer_to_gram.cartproductmapping", "pk": 49, "fields": {"cart": 8, "cart_product": 3, "qty": 1, "qty_error_msg": "", "created_at": "2019-01-06T12:08:04.190", "modified_at": "2019-01-06T13:24:07.315"}}, {"model": "retailer_to_gram.cartproductmapping", "pk": 50, "fields": {"cart": 8, "cart_product": 4, "qty": 1, "qty_error_msg": "", "created_at": "2019-01-06T13:17:35.450", "modified_at": "2019-01-06T13:24:07.179"}}, {"model": "retailer_to_gram.cartproductmapping", "pk": 52, "fields": {"cart": 9, "cart_product": 4, "qty": 1, "qty_error_msg": "", "created_at": "2019-01-06T13:25:49.357", "modified_at": "2019-01-06T13:27:00.637"}}, {"model": "retailer_to_gram.cartproductmapping", "pk": 53, "fields": {"cart": 9, "cart_product": 3, "qty": 1, "qty_error_msg": "", "created_at": "2019-01-06T13:26:13.613", "modified_at": "2019-01-06T13:27:00.773"}}, {"model": "retailer_to_gram.cartproductmapping", "pk": 54, "fields": {"cart": 10, "cart_product": 3, "qty": 1, "qty_error_msg": "", "created_at": "2019-01-06T14:24:16.838", "modified_at": "2019-01-06T14:24:21.785"}}, {"model": "retailer_to_gram.cartproductmapping", "pk": 55, "fields": {"cart": 11, "cart_product": 3, "qty": 1, "qty_error_msg": "", "created_at": "2019-01-06T14:43:02.746", "modified_at": "2019-01-06T14:43:08.959"}}, {"model": "retailer_to_gram.cartproductmapping", "pk": 56, "fields": {"cart": 11, "cart_product": 4, "qty": 1, "qty_error_msg": "", "created_at": "2019-01-06T14:43:04.833", "modified_at": "2019-01-06T14:43:09.105"}}, {"model": "retailer_to_gram.cartproductmapping", "pk": 57, "fields": {"cart": 12, "cart_product": 4, "qty": 1, "qty_error_msg": "", "created_at": "2019-01-06T14:44:04.091", "modified_at": "2019-01-06T14:44:06.172"}}, {"model": "retailer_to_gram.cartproductmapping", "pk": 58, "fields": {"cart": 13, "cart_product": 3, "qty": 1, "qty_error_msg": "", "created_at": "2019-01-06T16:16:13.646", "modified_at": "2019-01-06T16:16:18.034"}}, {"model": "retailer_to_gram.cartproductmapping", "pk": 59, "fields": {"cart": 14, "cart_product": 4, "qty": 1, "qty_error_msg": "", "created_at": "2019-01-06T18:43:08.411", "modified_at": "2019-01-06T18:43:12.021"}}, {"model": "retailer_to_gram.cartproductmapping", "pk": 60, "fields": {"cart": 15, "cart_product": 3, "qty": 1, "qty_error_msg": "", "created_at": "2019-01-06T18:43:36.765", "modified_at": "2019-01-06T18:43:40.138"}}, {"model": "retailer_to_gram.cartproductmapping", "pk": 61, "fields": {"cart": 16, "cart_product": 4, "qty": 1, "qty_error_msg": "", "created_at": "2019-01-06T19:13:44.260", "modified_at": "2019-01-07T14:27:56.608"}}, {"model": "retailer_to_gram.cartproductmapping", "pk": 62, "fields": {"cart": 6, "cart_product": 3, "qty": 1, "qty_error_msg": "", "created_at": "2019-01-06T19:43:45.957", "modified_at": "2019-01-06T20:07:54.371"}}, {"model": "retailer_to_gram.cartproductmapping", "pk": 65, "fields": {"cart": 7, "cart_product": 4, "qty": 6, "qty_error_msg": "", "created_at": "2019-01-06T19:54:59.915", "modified_at": "2019-01-06T19:58:41.042"}}, {"model": "retailer_to_gram.cartproductmapping", "pk": 66, "fields": {"cart": 7, "cart_product": 3, "qty": 10, "qty_error_msg": "", "created_at": "2019-01-06T19:55:07.553", "modified_at": "2019-01-06T19:58:40.855"}}, {"model": "retailer_to_gram.cartproductmapping", "pk": 67, "fields": {"cart": 7, "cart_product": 2, "qty": 6, "qty_error_msg": "", "created_at": "2019-01-06T19:58:36.488", "modified_at": "2019-01-06T19:58:40.610"}}, {"model": "retailer_to_gram.cartproductmapping", "pk": 82, "fields": {"cart": 18, "cart_product": 2, "qty": 2, "qty_error_msg": "", "created_at": "2019-01-07T11:55:01.600", "modified_at": "2019-01-07T14:07:04.790"}}, {"model": "retailer_to_gram.cartproductmapping", "pk": 83, "fields": {"cart": 18, "cart_product": 3, "qty": 2, "qty_error_msg": "", "created_at": "2019-01-07T11:55:05.137", "modified_at": "2019-01-07T12:44:52.068"}}, {"model": "retailer_to_gram.cartproductmapping", "pk": 84, "fields": {"cart": 20, "cart_product": 2, "qty": 1, "qty_error_msg": "", "created_at": "2019-01-07T11:57:25.451", "modified_at": "2019-01-07T11:59:04.196"}}, {"model": "retailer_to_gram.cartproductmapping", "pk": 85, "fields": {"cart": 20, "cart_product": 3, "qty": 1, "qty_error_msg": "", "created_at": "2019-01-07T11:57:27.316", "modified_at": "2019-01-07T11:59:03.826"}}, {"model": "retailer_to_gram.cartproductmapping", "pk": 86, "fields": {"cart": 20, "cart_product": 4, "qty": 1, "qty_error_msg": "", "created_at": "2019-01-07T11:57:29.084", "modified_at": "2019-01-07T11:59:04.011"}}, {"model": "retailer_to_gram.cartproductmapping", "pk": 87, "fields": {"cart": 19, "cart_product": 3, "qty": 6, "qty_error_msg": "", "created_at": "2019-01-07T11:59:50.206", "modified_at": "2019-01-07T12:00:57.594"}}, {"model": "retailer_to_gram.cartproductmapping", "pk": 88, "fields": {"cart": 21, "cart_product": 2, "qty": 1, "qty_error_msg": "", "created_at": "2019-01-07T12:00:37.947", "modified_at": "2019-01-07T12:00:44.858"}}, {"model": "retailer_to_gram.cartproductmapping", "pk": 89, "fields": {"cart": 21, "cart_product": 3, "qty": 1, "qty_error_msg": "", "created_at": "2019-01-07T12:00:39.630", "modified_at": "2019-01-07T12:00:45.148"}}, {"model": "retailer_to_gram.cartproductmapping", "pk": 90, "fields": {"cart": 21, "cart_product": 4, "qty": 1, "qty_error_msg": "", "created_at": "2019-01-07T12:00:41.447", "modified_at": "2019-01-07T12:00:45.322"}}, {"model": "retailer_to_gram.cartproductmapping", "pk": 91, "fields": {"cart": 22, "cart_product": 3, "qty": 1, "qty_error_msg": "", "created_at": "2019-01-07T12:01:33.458", "modified_at": "2019-01-07T13:55:40.479"}}, {"model": "retailer_to_gram.cartproductmapping", "pk": 92, "fields": {"cart": 23, "cart_product": 3, "qty": 10, "qty_error_msg": "", "created_at": "2019-01-07T12:05:13.560", "modified_at": "2019-01-07T12:05:55.195"}}, {"model": "retailer_to_gram.cartproductmapping", "pk": 93, "fields": {"cart": 23, "cart_product": 2, "qty": 6, "qty_error_msg": "", "created_at": "2019-01-07T12:05:30.193", "modified_at": "2019-01-07T12:05:55.350"}}, {"model": "retailer_to_gram.cartproductmapping", "pk": 98, "fields": {"cart": 16, "cart_product": 1, "qty": 1, "qty_error_msg": "", "created_at": "2019-01-07T12:32:46.567", "modified_at": "2019-01-07T14:27:57.060"}}, {"model": "retailer_to_gram.cartproductmapping", "pk": 99, "fields": {"cart": 16, "cart_product": 2, "qty": 1, "qty_error_msg": "", "created_at": "2019-01-07T12:32:48.335", "modified_at": "2019-01-07T14:27:56.836"}}, {"model": "retailer_to_gram.cartproductmapping", "pk": 100, "fields": {"cart": 22, "cart_product": 4, "qty": 1, "qty_error_msg": "", "created_at": "2019-01-07T12:44:01.035", "modified_at": "2019-01-07T13:55:40.282"}}, {"model": "retailer_to_gram.cartproductmapping", "pk": 101, "fields": {"cart": 17, "cart_product": 3, "qty": 6, "qty_error_msg": null, "created_at": "2019-01-07T12:49:02.503", "modified_at": "2019-01-07T12:49:02.507"}}, {"model": "retailer_to_gram.cartproductmapping", "pk": 102, "fields": {"cart": 22, "cart_product": 2, "qty": 1, "qty_error_msg": "", "created_at": "2019-01-07T12:59:02.159", "modified_at": "2019-01-07T13:55:40.655"}}, {"model": "retailer_to_gram.cartproductmapping", "pk": 106, "fields": {"cart": 24, "cart_product": 3, "qty": 5, "qty_error_msg": null, "created_at": "2019-01-07T13:17:15.815", "modified_at": "2019-01-07T13:17:15.819"}}, {"model": "retailer_to_gram.cartproductmapping", "pk": 107, "fields": {"cart": 24, "cart_product": 4, "qty": 7, "qty_error_msg": null, "created_at": "2019-01-07T13:17:18.256", "modified_at": "2019-01-07T13:17:18.263"}}, {"model": "retailer_to_gram.cartproductmapping", "pk": 108, "fields": {"cart": 16, "cart_product": 3, "qty": 1, "qty_error_msg": "", "created_at": "2019-01-07T13:57:34.314", "modified_at": "2019-01-07T14:27:57.283"}}, {"model": "retailer_to_gram.cartproductmapping", "pk": 109, "fields": {"cart": 18, "cart_product": 4, "qty": 1, "qty_error_msg": null, "created_at": "2019-01-07T14:07:31.462", "modified_at": "2019-01-07T14:07:31.466"}}, {"model": "retailer_to_gram.cartproductmapping", "pk": 112, "fields": {"cart": 25, "cart_product": 3, "qty": 1, "qty_error_msg": null, "created_at": "2019-01-07T15:12:10.084", "modified_at": "2019-01-07T15:12:10.094"}}, {"model": "retailer_to_gram.payment", "pk": 6, "fields": {"order_id": 6, "name": null, "paid_amount": "3600.0000", "payment_choice": "neft", "neft_reference_number": "000111", "payment_status": "payment_done_approval_pending"}}, {"model": "retailer_to_gram.payment", "pk": 8, "fields": {"order_id": 6, "name": "Payment/8", "paid_amount": "3600.0000", "payment_choice": "neft", "neft_reference_number": "000111", "payment_status": "payment_done_approval_pending"}}, {"model": "retailer_to_gram.payment", "pk": 9, "fields": {"order_id": 2, "name": "Payment/9", "paid_amount": "27.0000", "payment_choice": "neft", "neft_reference_number": "weqe", "payment_status": "payment_done_approval_pending"}}, {"model": "retailer_to_gram.payment", "pk": 10, "fields": {"order_id": 7, "name": "Payment/10", "paid_amount": "712.0000", "payment_choice": "cash_on_delivery", "neft_reference_number": "", "payment_status": "payment_done_approval_pending"}}, {"model": "retailer_to_gram.payment", "pk": 11, "fields": {"order_id": 8, "name": "Payment/11", "paid_amount": "3600.0000", "payment_choice": "neft", "neft_reference_number": "Neft542588bvvjfcv", "payment_status": "payment_done_approval_pending"}}, {"model": "retailer_to_gram.payment", "pk": 17, "fields": {"order_id": 13, "name": "Payment/17", "paid_amount": "712.0000", "payment_choice": "cash_on_delivery", "neft_reference_number": "", "payment_status": "payment_done_approval_pending"}}, {"model": "retailer_to_gram.payment", "pk": 18, "fields": {"order_id": 14, "name": "Payment/18", "paid_amount": "6352.0000", "payment_choice": "cash_on_delivery", "neft_reference_number": "", "payment_status": "payment_done_approval_pending"}}, {"model": "retailer_to_gram.payment", "pk": 19, "fields": {"order_id": 15, "name": "Payment/19", "paid_amount": "6352.0000", "payment_choice": "cash_on_delivery", "neft_reference_number": "", "payment_status": "payment_done_approval_pending"}}, {"model": "retailer_to_gram.payment", "pk": 20, "fields": {"order_id": 16, "name": "Payment/20", "paid_amount": "21600.0000", "payment_choice": "cash_on_delivery", "neft_reference_number": "", "payment_status": "payment_done_approval_pending"}}, {"model": "retailer_to_gram.payment", "pk": 21, "fields": {"order_id": 17, "name": "Payment/21", "paid_amount": "48240.0000", "payment_choice": "cash_on_delivery", "neft_reference_number": "", "payment_status": "payment_done_approval_pending"}}, {"model": "retailer_to_gram.payment", "pk": 22, "fields": {"order_id": 18, "name": "Payment/22", "paid_amount": "11280.0000", "payment_choice": "cash_on_delivery", "neft_reference_number": "", "payment_status": "payment_done_approval_pending"}}, {"model": "retailer_to_gram.payment", "pk": 23, "fields": {"order_id": 18, "name": "Payment/23", "paid_amount": "11280.0000", "payment_choice": "neft", "neft_reference_number": "QWERTY000000099765", "payment_status": "payment_done_approval_pending"}}, {"model": "auth.permission", "pk": 1, "fields": {"name": "Can add log entry", "content_type": 1, "codename": "add_logentry"}}, {"model": "auth.permission", "pk": 2, "fields": {"name": "Can change log entry", "content_type": 1, "codename": "change_logentry"}}, {"model": "auth.permission", "pk": 3, "fields": {"name": "Can delete log entry", "content_type": 1, "codename": "delete_logentry"}}, {"model": "auth.permission", "pk": 4, "fields": {"name": "Can view log entry", "content_type": 1, "codename": "view_logentry"}}, {"model": "auth.permission", "pk": 5, "fields": {"name": "Can add group", "content_type": 2, "codename": "add_group"}}, {"model": "auth.permission", "pk": 6, "fields": {"name": "Can change group", "content_type": 2, "codename": "change_group"}}, {"model": "auth.permission", "pk": 7, "fields": {"name": "Can delete group", "content_type": 2, "codename": "delete_group"}}, {"model": "auth.permission", "pk": 8, "fields": {"name": "Can view group", "content_type": 2, "codename": "view_group"}}, {"model": "auth.permission", "pk": 9, "fields": {"name": "Can add permission", "content_type": 3, "codename": "add_permission"}}, {"model": "auth.permission", "pk": 10, "fields": {"name": "Can change permission", "content_type": 3, "codename": "change_permission"}}, {"model": "auth.permission", "pk": 11, "fields": {"name": "Can delete permission", "content_type": 3, "codename": "delete_permission"}}, {"model": "auth.permission", "pk": 12, "fields": {"name": "Can view permission", "content_type": 3, "codename": "view_permission"}}, {"model": "auth.permission", "pk": 13, "fields": {"name": "Can add content type", "content_type": 4, "codename": "add_contenttype"}}, {"model": "auth.permission", "pk": 14, "fields": {"name": "Can change content type", "content_type": 4, "codename": "change_contenttype"}}, {"model": "auth.permission", "pk": 15, "fields": {"name": "Can delete content type", "content_type": 4, "codename": "delete_contenttype"}}, {"model": "auth.permission", "pk": 16, "fields": {"name": "Can view content type", "content_type": 4, "codename": "view_contenttype"}}, {"model": "auth.permission", "pk": 17, "fields": {"name": "Can add session", "content_type": 5, "codename": "add_session"}}, {"model": "auth.permission", "pk": 18, "fields": {"name": "Can change session", "content_type": 5, "codename": "change_session"}}, {"model": "auth.permission", "pk": 19, "fields": {"name": "Can delete session", "content_type": 5, "codename": "delete_session"}}, {"model": "auth.permission", "pk": 20, "fields": {"name": "Can view session", "content_type": 5, "codename": "view_session"}}, {"model": "auth.permission", "pk": 21, "fields": {"name": "Can add Token", "content_type": 6, "codename": "add_token"}}, {"model": "auth.permission", "pk": 22, "fields": {"name": "Can change Token", "content_type": 6, "codename": "change_token"}}, {"model": "auth.permission", "pk": 23, "fields": {"name": "Can delete Token", "content_type": 6, "codename": "delete_token"}}, {"model": "auth.permission", "pk": 24, "fields": {"name": "Can view Token", "content_type": 6, "codename": "view_token"}}, {"model": "auth.permission", "pk": 25, "fields": {"name": "Can add site", "content_type": 7, "codename": "add_site"}}, {"model": "auth.permission", "pk": 26, "fields": {"name": "Can change site", "content_type": 7, "codename": "change_site"}}, {"model": "auth.permission", "pk": 27, "fields": {"name": "Can delete site", "content_type": 7, "codename": "delete_site"}}, {"model": "auth.permission", "pk": 28, "fields": {"name": "Can view site", "content_type": 7, "codename": "view_site"}}, {"model": "auth.permission", "pk": 29, "fields": {"name": "Can add social account", "content_type": 8, "codename": "add_socialaccount"}}, {"model": "auth.permission", "pk": 30, "fields": {"name": "Can change social account", "content_type": 8, "codename": "change_socialaccount"}}, {"model": "auth.permission", "pk": 31, "fields": {"name": "Can delete social account", "content_type": 8, "codename": "delete_socialaccount"}}, {"model": "auth.permission", "pk": 32, "fields": {"name": "Can view social account", "content_type": 8, "codename": "view_socialaccount"}}, {"model": "auth.permission", "pk": 33, "fields": {"name": "Can add social application token", "content_type": 9, "codename": "add_socialtoken"}}, {"model": "auth.permission", "pk": 34, "fields": {"name": "Can change social application token", "content_type": 9, "codename": "change_socialtoken"}}, {"model": "auth.permission", "pk": 35, "fields": {"name": "Can delete social application token", "content_type": 9, "codename": "delete_socialtoken"}}, {"model": "auth.permission", "pk": 36, "fields": {"name": "Can view social application token", "content_type": 9, "codename": "view_socialtoken"}}, {"model": "auth.permission", "pk": 37, "fields": {"name": "Can add social application", "content_type": 10, "codename": "add_socialapp"}}, {"model": "auth.permission", "pk": 38, "fields": {"name": "Can change social application", "content_type": 10, "codename": "change_socialapp"}}, {"model": "auth.permission", "pk": 39, "fields": {"name": "Can delete social application", "content_type": 10, "codename": "delete_socialapp"}}, {"model": "auth.permission", "pk": 40, "fields": {"name": "Can view social application", "content_type": 10, "codename": "view_socialapp"}}, {"model": "auth.permission", "pk": 41, "fields": {"name": "Can add email address", "content_type": 11, "codename": "add_emailaddress"}}, {"model": "auth.permission", "pk": 42, "fields": {"name": "Can change email address", "content_type": 11, "codename": "change_emailaddress"}}, {"model": "auth.permission", "pk": 43, "fields": {"name": "Can delete email address", "content_type": 11, "codename": "delete_emailaddress"}}, {"model": "auth.permission", "pk": 44, "fields": {"name": "Can view email address", "content_type": 11, "codename": "view_emailaddress"}}, {"model": "auth.permission", "pk": 45, "fields": {"name": "Can add email confirmation", "content_type": 12, "codename": "add_emailconfirmation"}}, {"model": "auth.permission", "pk": 46, "fields": {"name": "Can change email confirmation", "content_type": 12, "codename": "change_emailconfirmation"}}, {"model": "auth.permission", "pk": 47, "fields": {"name": "Can delete email confirmation", "content_type": 12, "codename": "delete_emailconfirmation"}}, {"model": "auth.permission", "pk": 48, "fields": {"name": "Can view email confirmation", "content_type": 12, "codename": "view_emailconfirmation"}}, {"model": "auth.permission", "pk": 49, "fields": {"name": "Can add user", "content_type": 13, "codename": "add_user"}}, {"model": "auth.permission", "pk": 50, "fields": {"name": "Can change user", "content_type": 13, "codename": "change_user"}}, {"model": "auth.permission", "pk": 51, "fields": {"name": "Can delete user", "content_type": 13, "codename": "delete_user"}}, {"model": "auth.permission", "pk": 52, "fields": {"name": "Can view user", "content_type": 13, "codename": "view_user"}}, {"model": "auth.permission", "pk": 53, "fields": {"name": "Can add user document", "content_type": 14, "codename": "add_userdocument"}}, {"model": "auth.permission", "pk": 54, "fields": {"name": "Can change user document", "content_type": 14, "codename": "change_userdocument"}}, {"model": "auth.permission", "pk": 55, "fields": {"name": "Can delete user document", "content_type": 14, "codename": "delete_userdocument"}}, {"model": "auth.permission", "pk": 56, "fields": {"name": "Can view user document", "content_type": 14, "codename": "view_userdocument"}}, {"model": "auth.permission", "pk": 57, "fields": {"name": "Can add Phone OTP", "content_type": 15, "codename": "add_phoneotp"}}, {"model": "auth.permission", "pk": 58, "fields": {"name": "Can change Phone OTP", "content_type": 15, "codename": "change_phoneotp"}}, {"model": "auth.permission", "pk": 59, "fields": {"name": "Can delete Phone OTP", "content_type": 15, "codename": "delete_phoneotp"}}, {"model": "auth.permission", "pk": 60, "fields": {"name": "Can view Phone OTP", "content_type": 15, "codename": "view_phoneotp"}}, {"model": "auth.permission", "pk": 61, "fields": {"name": "Can add category data", "content_type": 16, "codename": "add_categorydata"}}, {"model": "auth.permission", "pk": 62, "fields": {"name": "Can change category data", "content_type": 16, "codename": "change_categorydata"}}, {"model": "auth.permission", "pk": 63, "fields": {"name": "Can delete category data", "content_type": 16, "codename": "delete_categorydata"}}, {"model": "auth.permission", "pk": 64, "fields": {"name": "Can view category data", "content_type": 16, "codename": "view_categorydata"}}, {"model": "auth.permission", "pk": 65, "fields": {"name": "Can add category", "content_type": 17, "codename": "add_category"}}, {"model": "auth.permission", "pk": 66, "fields": {"name": "Can change category", "content_type": 17, "codename": "change_category"}}, {"model": "auth.permission", "pk": 67, "fields": {"name": "Can delete category", "content_type": 17, "codename": "delete_category"}}, {"model": "auth.permission", "pk": 68, "fields": {"name": "Can view category", "content_type": 17, "codename": "view_category"}}, {"model": "auth.permission", "pk": 69, "fields": {"name": "Can add category posation", "content_type": 18, "codename": "add_categoryposation"}}, {"model": "auth.permission", "pk": 70, "fields": {"name": "Can change category posation", "content_type": 18, "codename": "change_categoryposation"}}, {"model": "auth.permission", "pk": 71, "fields": {"name": "Can delete category posation", "content_type": 18, "codename": "delete_categoryposation"}}, {"model": "auth.permission", "pk": 72, "fields": {"name": "Can view category posation", "content_type": 18, "codename": "view_categoryposation"}}, {"model": "auth.permission", "pk": 73, "fields": {"name": "Can add address", "content_type": 19, "codename": "add_address"}}, {"model": "auth.permission", "pk": 74, "fields": {"name": "Can change address", "content_type": 19, "codename": "change_address"}}, {"model": "auth.permission", "pk": 75, "fields": {"name": "Can delete address", "content_type": 19, "codename": "delete_address"}}, {"model": "auth.permission", "pk": 76, "fields": {"name": "Can view address", "content_type": 19, "codename": "view_address"}}, {"model": "auth.permission", "pk": 77, "fields": {"name": "Can add state", "content_type": 20, "codename": "add_state"}}, {"model": "auth.permission", "pk": 78, "fields": {"name": "Can change state", "content_type": 20, "codename": "change_state"}}, {"model": "auth.permission", "pk": 79, "fields": {"name": "Can delete state", "content_type": 20, "codename": "delete_state"}}, {"model": "auth.permission", "pk": 80, "fields": {"name": "Can view state", "content_type": 20, "codename": "view_state"}}, {"model": "auth.permission", "pk": 81, "fields": {"name": "Can add city", "content_type": 21, "codename": "add_city"}}, {"model": "auth.permission", "pk": 82, "fields": {"name": "Can change city", "content_type": 21, "codename": "change_city"}}, {"model": "auth.permission", "pk": 83, "fields": {"name": "Can delete city", "content_type": 21, "codename": "delete_city"}}, {"model": "auth.permission", "pk": 84, "fields": {"name": "Can view city", "content_type": 21, "codename": "view_city"}}, {"model": "auth.permission", "pk": 85, "fields": {"name": "Can add country", "content_type": 22, "codename": "add_country"}}, {"model": "auth.permission", "pk": 86, "fields": {"name": "Can change country", "content_type": 22, "codename": "change_country"}}, {"model": "auth.permission", "pk": 87, "fields": {"name": "Can delete country", "content_type": 22, "codename": "delete_country"}}, {"model": "auth.permission", "pk": 88, "fields": {"name": "Can view country", "content_type": 22, "codename": "view_country"}}, {"model": "auth.permission", "pk": 89, "fields": {"name": "Can add invoice city mapping", "content_type": 23, "codename": "add_invoicecitymapping"}}, {"model": "auth.permission", "pk": 90, "fields": {"name": "Can change invoice city mapping", "content_type": 23, "codename": "change_invoicecitymapping"}}, {"model": "auth.permission", "pk": 91, "fields": {"name": "Can delete invoice city mapping", "content_type": 23, "codename": "delete_invoicecitymapping"}}, {"model": "auth.permission", "pk": 92, "fields": {"name": "Can view invoice city mapping", "content_type": 23, "codename": "view_invoicecitymapping"}}, {"model": "auth.permission", "pk": 93, "fields": {"name": "Can add area", "content_type": 24, "codename": "add_area"}}, {"model": "auth.permission", "pk": 94, "fields": {"name": "Can change area", "content_type": 24, "codename": "change_area"}}, {"model": "auth.permission", "pk": 95, "fields": {"name": "Can delete area", "content_type": 24, "codename": "delete_area"}}, {"model": "auth.permission", "pk": 96, "fields": {"name": "Can view area", "content_type": 24, "codename": "view_area"}}, {"model": "auth.permission", "pk": 97, "fields": {"name": "Can add product category", "content_type": 25, "codename": "add_productcategory"}}, {"model": "auth.permission", "pk": 98, "fields": {"name": "Can change product category", "content_type": 25, "codename": "change_productcategory"}}, {"model": "auth.permission", "pk": 99, "fields": {"name": "Can delete product category", "content_type": 25, "codename": "delete_productcategory"}}, {"model": "auth.permission", "pk": 100, "fields": {"name": "Can view product category", "content_type": 25, "codename": "view_productcategory"}}, {"model": "auth.permission", "pk": 101, "fields": {"name": "Can add color", "content_type": 26, "codename": "add_color"}}, {"model": "auth.permission", "pk": 102, "fields": {"name": "Can change color", "content_type": 26, "codename": "change_color"}}, {"model": "auth.permission", "pk": 103, "fields": {"name": "Can delete color", "content_type": 26, "codename": "delete_color"}}, {"model": "auth.permission", "pk": 104, "fields": {"name": "Can view color", "content_type": 26, "codename": "view_color"}}, {"model": "auth.permission", "pk": 105, "fields": {"name": "Can add product sku generator", "content_type": 27, "codename": "add_productskugenerator"}}, {"model": "auth.permission", "pk": 106, "fields": {"name": "Can change product sku generator", "content_type": 27, "codename": "change_productskugenerator"}}, {"model": "auth.permission", "pk": 107, "fields": {"name": "Can delete product sku generator", "content_type": 27, "codename": "delete_productskugenerator"}}, {"model": "auth.permission", "pk": 108, "fields": {"name": "Can view product sku generator", "content_type": 27, "codename": "view_productskugenerator"}}, {"model": "auth.permission", "pk": 109, "fields": {"name": "Can add size", "content_type": 28, "codename": "add_size"}}, {"model": "auth.permission", "pk": 110, "fields": {"name": "Can change size", "content_type": 28, "codename": "change_size"}}, {"model": "auth.permission", "pk": 111, "fields": {"name": "Can delete size", "content_type": 28, "codename": "delete_size"}}, {"model": "auth.permission", "pk": 112, "fields": {"name": "Can view size", "content_type": 28, "codename": "view_size"}}, {"model": "auth.permission", "pk": 113, "fields": {"name": "Can add product price csv", "content_type": 29, "codename": "add_productpricecsv"}}, {"model": "auth.permission", "pk": 114, "fields": {"name": "Can change product price csv", "content_type": 29, "codename": "change_productpricecsv"}}, {"model": "auth.permission", "pk": 115, "fields": {"name": "Can delete product price csv", "content_type": 29, "codename": "delete_productpricecsv"}}, {"model": "auth.permission", "pk": 116, "fields": {"name": "Can view product price csv", "content_type": 29, "codename": "view_productpricecsv"}}, {"model": "auth.permission", "pk": 117, "fields": {"name": "Can add product history", "content_type": 30, "codename": "add_producthistory"}}, {"model": "auth.permission", "pk": 118, "fields": {"name": "Can change product history", "content_type": 30, "codename": "change_producthistory"}}, {"model": "auth.permission", "pk": 119, "fields": {"name": "Can delete product history", "content_type": 30, "codename": "delete_producthistory"}}, {"model": "auth.permission", "pk": 120, "fields": {"name": "Can view product history", "content_type": 30, "codename": "view_producthistory"}}, {"model": "auth.permission", "pk": 121, "fields": {"name": "Can add fragrance", "content_type": 31, "codename": "add_fragrance"}}, {"model": "auth.permission", "pk": 122, "fields": {"name": "Can change fragrance", "content_type": 31, "codename": "change_fragrance"}}, {"model": "auth.permission", "pk": 123, "fields": {"name": "Can delete fragrance", "content_type": 31, "codename": "delete_fragrance"}}, {"model": "auth.permission", "pk": 124, "fields": {"name": "Can view fragrance", "content_type": 31, "codename": "view_fragrance"}}, {"model": "auth.permission", "pk": 125, "fields": {"name": "Can add product image", "content_type": 32, "codename": "add_productimage"}}, {"model": "auth.permission", "pk": 126, "fields": {"name": "Can change product image", "content_type": 32, "codename": "change_productimage"}}, {"model": "auth.permission", "pk": 127, "fields": {"name": "Can delete product image", "content_type": 32, "codename": "delete_productimage"}}, {"model": "auth.permission", "pk": 128, "fields": {"name": "Can view product image", "content_type": 32, "codename": "view_productimage"}}, {"model": "auth.permission", "pk": 129, "fields": {"name": "Can add flavor", "content_type": 33, "codename": "add_flavor"}}, {"model": "auth.permission", "pk": 130, "fields": {"name": "Can change flavor", "content_type": 33, "codename": "change_flavor"}}, {"model": "auth.permission", "pk": 131, "fields": {"name": "Can delete flavor", "content_type": 33, "codename": "delete_flavor"}}, {"model": "auth.permission", "pk": 132, "fields": {"name": "Can view flavor", "content_type": 33, "codename": "view_flavor"}}, {"model": "auth.permission", "pk": 133, "fields": {"name": "Can add tax", "content_type": 34, "codename": "add_tax"}}, {"model": "auth.permission", "pk": 134, "fields": {"name": "Can change tax", "content_type": 34, "codename": "change_tax"}}, {"model": "auth.permission", "pk": 135, "fields": {"name": "Can delete tax", "content_type": 34, "codename": "delete_tax"}}, {"model": "auth.permission", "pk": 136, "fields": {"name": "Can view tax", "content_type": 34, "codename": "view_tax"}}, {"model": "auth.permission", "pk": 137, "fields": {"name": "Can add product", "content_type": 35, "codename": "add_product"}}, {"model": "auth.permission", "pk": 138, "fields": {"name": "Can change product", "content_type": 35, "codename": "change_product"}}, {"model": "auth.permission", "pk": 139, "fields": {"name": "Can delete product", "content_type": 35, "codename": "delete_product"}}, {"model": "auth.permission", "pk": 140, "fields": {"name": "Can view product", "content_type": 35, "codename": "view_product"}}, {"model": "auth.permission", "pk": 141, "fields": {"name": "Can add product option", "content_type": 36, "codename": "add_productoption"}}, {"model": "auth.permission", "pk": 142, "fields": {"name": "Can change product option", "content_type": 36, "codename": "change_productoption"}}, {"model": "auth.permission", "pk": 143, "fields": {"name": "Can delete product option", "content_type": 36, "codename": "delete_productoption"}}, {"model": "auth.permission", "pk": 144, "fields": {"name": "Can view product option", "content_type": 36, "codename": "view_productoption"}}, {"model": "auth.permission", "pk": 145, "fields": {"name": "Can add product vendor mapping", "content_type": 37, "codename": "add_productvendormapping"}}, {"model": "auth.permission", "pk": 146, "fields": {"name": "Can change product vendor mapping", "content_type": 37, "codename": "change_productvendormapping"}}, {"model": "auth.permission", "pk": 147, "fields": {"name": "Can delete product vendor mapping", "content_type": 37, "codename": "delete_productvendormapping"}}, {"model": "auth.permission", "pk": 148, "fields": {"name": "Can view product vendor mapping", "content_type": 37, "codename": "view_productvendormapping"}}, {"model": "auth.permission", "pk": 149, "fields": {"name": "Can add product category history", "content_type": 38, "codename": "add_productcategoryhistory"}}, {"model": "auth.permission", "pk": 150, "fields": {"name": "Can change product category history", "content_type": 38, "codename": "change_productcategoryhistory"}}, {"model": "auth.permission", "pk": 151, "fields": {"name": "Can delete product category history", "content_type": 38, "codename": "delete_productcategoryhistory"}}, {"model": "auth.permission", "pk": 152, "fields": {"name": "Can view product category history", "content_type": 38, "codename": "view_productcategoryhistory"}}, {"model": "auth.permission", "pk": 153, "fields": {"name": "Can add product csv", "content_type": 39, "codename": "add_productcsv"}}, {"model": "auth.permission", "pk": 154, "fields": {"name": "Can change product csv", "content_type": 39, "codename": "change_productcsv"}}, {"model": "auth.permission", "pk": 155, "fields": {"name": "Can delete product csv", "content_type": 39, "codename": "delete_productcsv"}}, {"model": "auth.permission", "pk": 156, "fields": {"name": "Can view product csv", "content_type": 39, "codename": "view_productcsv"}}, {"model": "auth.permission", "pk": 157, "fields": {"name": "Can add package size", "content_type": 40, "codename": "add_packagesize"}}, {"model": "auth.permission", "pk": 158, "fields": {"name": "Can change package size", "content_type": 40, "codename": "change_packagesize"}}, {"model": "auth.permission", "pk": 159, "fields": {"name": "Can delete package size", "content_type": 40, "codename": "delete_packagesize"}}, {"model": "auth.permission", "pk": 160, "fields": {"name": "Can view package size", "content_type": 40, "codename": "view_packagesize"}}, {"model": "auth.permission", "pk": 161, "fields": {"name": "Can add product price", "content_type": 41, "codename": "add_productprice"}}, {"model": "auth.permission", "pk": 162, "fields": {"name": "Can change product price", "content_type": 41, "codename": "change_productprice"}}, {"model": "auth.permission", "pk": 163, "fields": {"name": "Can delete product price", "content_type": 41, "codename": "delete_productprice"}}, {"model": "auth.permission", "pk": 164, "fields": {"name": "Can view product price", "content_type": 41, "codename": "view_productprice"}}, {"model": "auth.permission", "pk": 165, "fields": {"name": "Can add product tax mapping", "content_type": 42, "codename": "add_producttaxmapping"}}, {"model": "auth.permission", "pk": 166, "fields": {"name": "Can change product tax mapping", "content_type": 42, "codename": "change_producttaxmapping"}}, {"model": "auth.permission", "pk": 167, "fields": {"name": "Can delete product tax mapping", "content_type": 42, "codename": "delete_producttaxmapping"}}, {"model": "auth.permission", "pk": 168, "fields": {"name": "Can view product tax mapping", "content_type": 42, "codename": "view_producttaxmapping"}}, {"model": "auth.permission", "pk": 169, "fields": {"name": "Can add weight", "content_type": 43, "codename": "add_weight"}}, {"model": "auth.permission", "pk": 170, "fields": {"name": "Can change weight", "content_type": 43, "codename": "change_weight"}}, {"model": "auth.permission", "pk": 171, "fields": {"name": "Can delete weight", "content_type": 43, "codename": "delete_weight"}}, {"model": "auth.permission", "pk": 172, "fields": {"name": "Can view weight", "content_type": 43, "codename": "view_weight"}}, {"model": "auth.permission", "pk": 173, "fields": {"name": "Can add shop document", "content_type": 44, "codename": "add_shopdocument"}}, {"model": "auth.permission", "pk": 174, "fields": {"name": "Can change shop document", "content_type": 44, "codename": "change_shopdocument"}}, {"model": "auth.permission", "pk": 175, "fields": {"name": "Can delete shop document", "content_type": 44, "codename": "delete_shopdocument"}}, {"model": "auth.permission", "pk": 176, "fields": {"name": "Can view shop document", "content_type": 44, "codename": "view_shopdocument"}}, {"model": "auth.permission", "pk": 177, "fields": {"name": "Can add shop", "content_type": 45, "codename": "add_shop"}}, {"model": "auth.permission", "pk": 178, "fields": {"name": "Can change shop", "content_type": 45, "codename": "change_shop"}}, {"model": "auth.permission", "pk": 179, "fields": {"name": "Can delete shop", "content_type": 45, "codename": "delete_shop"}}, {"model": "auth.permission", "pk": 180, "fields": {"name": "Can view shop", "content_type": 45, "codename": "view_shop"}}, {"model": "auth.permission", "pk": 181, "fields": {"name": "Can add retailer type", "content_type": 46, "codename": "add_retailertype"}}, {"model": "auth.permission", "pk": 182, "fields": {"name": "Can change retailer type", "content_type": 46, "codename": "change_retailertype"}}, {"model": "auth.permission", "pk": 183, "fields": {"name": "Can delete retailer type", "content_type": 46, "codename": "delete_retailertype"}}, {"model": "auth.permission", "pk": 184, "fields": {"name": "Can view retailer type", "content_type": 46, "codename": "view_retailertype"}}, {"model": "auth.permission", "pk": 185, "fields": {"name": "Can add parent retailer mapping", "content_type": 47, "codename": "add_parentretailermapping"}}, {"model": "auth.permission", "pk": 186, "fields": {"name": "Can change parent retailer mapping", "content_type": 47, "codename": "change_parentretailermapping"}}, {"model": "auth.permission", "pk": 187, "fields": {"name": "Can delete parent retailer mapping", "content_type": 47, "codename": "delete_parentretailermapping"}}, {"model": "auth.permission", "pk": 188, "fields": {"name": "Can view parent retailer mapping", "content_type": 47, "codename": "view_parentretailermapping"}}, {"model": "auth.permission", "pk": 189, "fields": {"name": "Can add shop photo", "content_type": 48, "codename": "add_shopphoto"}}, {"model": "auth.permission", "pk": 190, "fields": {"name": "Can change shop photo", "content_type": 48, "codename": "change_shopphoto"}}, {"model": "auth.permission", "pk": 191, "fields": {"name": "Can delete shop photo", "content_type": 48, "codename": "delete_shopphoto"}}, {"model": "auth.permission", "pk": 192, "fields": {"name": "Can view shop photo", "content_type": 48, "codename": "view_shopphoto"}}, {"model": "auth.permission", "pk": 193, "fields": {"name": "Can add shop type", "content_type": 49, "codename": "add_shoptype"}}, {"model": "auth.permission", "pk": 194, "fields": {"name": "Can change shop type", "content_type": 49, "codename": "change_shoptype"}}, {"model": "auth.permission", "pk": 195, "fields": {"name": "Can delete shop type", "content_type": 49, "codename": "delete_shoptype"}}, {"model": "auth.permission", "pk": 196, "fields": {"name": "Can view shop type", "content_type": 49, "codename": "view_shoptype"}}, {"model": "auth.permission", "pk": 197, "fields": {"name": "Can add vendor", "content_type": 50, "codename": "add_vendor"}}, {"model": "auth.permission", "pk": 198, "fields": {"name": "Can change vendor", "content_type": 50, "codename": "change_vendor"}}, {"model": "auth.permission", "pk": 199, "fields": {"name": "Can delete vendor", "content_type": 50, "codename": "delete_vendor"}}, {"model": "auth.permission", "pk": 200, "fields": {"name": "Can view vendor", "content_type": 50, "codename": "view_vendor"}}, {"model": "auth.permission", "pk": 201, "fields": {"name": "Can add brand data", "content_type": 51, "codename": "add_branddata"}}, {"model": "auth.permission", "pk": 202, "fields": {"name": "Can change brand data", "content_type": 51, "codename": "change_branddata"}}, {"model": "auth.permission", "pk": 203, "fields": {"name": "Can delete brand data", "content_type": 51, "codename": "delete_branddata"}}, {"model": "auth.permission", "pk": 204, "fields": {"name": "Can view brand data", "content_type": 51, "codename": "view_branddata"}}, {"model": "auth.permission", "pk": 205, "fields": {"name": "Can add brand position", "content_type": 52, "codename": "add_brandposition"}}, {"model": "auth.permission", "pk": 206, "fields": {"name": "Can change brand position", "content_type": 52, "codename": "change_brandposition"}}, {"model": "auth.permission", "pk": 207, "fields": {"name": "Can delete brand position", "content_type": 52, "codename": "delete_brandposition"}}, {"model": "auth.permission", "pk": 208, "fields": {"name": "Can view brand position", "content_type": 52, "codename": "view_brandposition"}}, {"model": "auth.permission", "pk": 209, "fields": {"name": "Can add brand", "content_type": 53, "codename": "add_brand"}}, {"model": "auth.permission", "pk": 210, "fields": {"name": "Can change brand", "content_type": 53, "codename": "change_brand"}}, {"model": "auth.permission", "pk": 211, "fields": {"name": "Can delete brand", "content_type": 53, "codename": "delete_brand"}}, {"model": "auth.permission", "pk": 212, "fields": {"name": "Can view brand", "content_type": 53, "codename": "view_brand"}}, {"model": "auth.permission", "pk": 213, "fields": {"name": "Can add banner position", "content_type": 54, "codename": "add_bannerposition"}}, {"model": "auth.permission", "pk": 214, "fields": {"name": "Can change banner position", "content_type": 54, "codename": "change_bannerposition"}}, {"model": "auth.permission", "pk": 215, "fields": {"name": "Can delete banner position", "content_type": 54, "codename": "delete_bannerposition"}}, {"model": "auth.permission", "pk": 216, "fields": {"name": "Can view banner position", "content_type": 54, "codename": "view_bannerposition"}}, {"model": "auth.permission", "pk": 217, "fields": {"name": "Can add banner data", "content_type": 55, "codename": "add_bannerdata"}}, {"model": "auth.permission", "pk": 218, "fields": {"name": "Can change banner data", "content_type": 55, "codename": "change_bannerdata"}}, {"model": "auth.permission", "pk": 219, "fields": {"name": "Can delete banner data", "content_type": 55, "codename": "delete_bannerdata"}}, {"model": "auth.permission", "pk": 220, "fields": {"name": "Can view banner data", "content_type": 55, "codename": "view_bannerdata"}}, {"model": "auth.permission", "pk": 221, "fields": {"name": "Can add banner", "content_type": 56, "codename": "add_banner"}}, {"model": "auth.permission", "pk": 222, "fields": {"name": "Can change banner", "content_type": 56, "codename": "change_banner"}}, {"model": "auth.permission", "pk": 223, "fields": {"name": "Can delete banner", "content_type": 56, "codename": "delete_banner"}}, {"model": "auth.permission", "pk": 224, "fields": {"name": "Can view banner", "content_type": 56, "codename": "view_banner"}}, {"model": "auth.permission", "pk": 225, "fields": {"name": "Can add banner slot", "content_type": 57, "codename": "add_bannerslot"}}, {"model": "auth.permission", "pk": 226, "fields": {"name": "Can change banner slot", "content_type": 57, "codename": "change_bannerslot"}}, {"model": "auth.permission", "pk": 227, "fields": {"name": "Can delete banner slot", "content_type": 57, "codename": "delete_bannerslot"}}, {"model": "auth.permission", "pk": 228, "fields": {"name": "Can view banner slot", "content_type": 57, "codename": "view_bannerslot"}}, {"model": "auth.permission", "pk": 229, "fields": {"name": "Can add page", "content_type": 58, "codename": "add_page"}}, {"model": "auth.permission", "pk": 230, "fields": {"name": "Can change page", "content_type": 58, "codename": "change_page"}}, {"model": "auth.permission", "pk": 231, "fields": {"name": "Can delete page", "content_type": 58, "codename": "delete_page"}}, {"model": "auth.permission", "pk": 232, "fields": {"name": "Can view page", "content_type": 58, "codename": "view_page"}}, {"model": "auth.permission", "pk": 233, "fields": {"name": "Can add grn order product mapping", "content_type": 59, "codename": "add_grnorderproductmapping"}}, {"model": "auth.permission", "pk": 234, "fields": {"name": "Can change grn order product mapping", "content_type": 59, "codename": "change_grnorderproductmapping"}}, {"model": "auth.permission", "pk": 235, "fields": {"name": "Can delete grn order product mapping", "content_type": 59, "codename": "delete_grnorderproductmapping"}}, {"model": "auth.permission", "pk": 236, "fields": {"name": "Can view grn order product mapping", "content_type": 59, "codename": "view_grnorderproductmapping"}}, {"model": "auth.permission", "pk": 237, "fields": {"name": "Can add ordered product reserved", "content_type": 60, "codename": "add_orderedproductreserved"}}, {"model": "auth.permission", "pk": 238, "fields": {"name": "Can change ordered product reserved", "content_type": 60, "codename": "change_orderedproductreserved"}}, {"model": "auth.permission", "pk": 239, "fields": {"name": "Can delete ordered product reserved", "content_type": 60, "codename": "delete_orderedproductreserved"}}, {"model": "auth.permission", "pk": 240, "fields": {"name": "Can view ordered product reserved", "content_type": 60, "codename": "view_orderedproductreserved"}}, {"model": "auth.permission", "pk": 241, "fields": {"name": "Can add pick list", "content_type": 61, "codename": "add_picklist"}}, {"model": "auth.permission", "pk": 242, "fields": {"name": "Can change pick list", "content_type": 61, "codename": "change_picklist"}}, {"model": "auth.permission", "pk": 243, "fields": {"name": "Can delete pick list", "content_type": 61, "codename": "delete_picklist"}}, {"model": "auth.permission", "pk": 244, "fields": {"name": "Can view pick list", "content_type": 61, "codename": "view_picklist"}}, {"model": "auth.permission", "pk": 245, "fields": {"name": "Can add pick list items", "content_type": 62, "codename": "add_picklistitems"}}, {"model": "auth.permission", "pk": 246, "fields": {"name": "Can change pick list items", "content_type": 62, "codename": "change_picklistitems"}}, {"model": "auth.permission", "pk": 247, "fields": {"name": "Can delete pick list items", "content_type": 62, "codename": "delete_picklistitems"}}, {"model": "auth.permission", "pk": 248, "fields": {"name": "Can view pick list items", "content_type": 62, "codename": "view_picklistitems"}}, {"model": "auth.permission", "pk": 249, "fields": {"name": "Can add brand note", "content_type": 63, "codename": "add_brandnote"}}, {"model": "auth.permission", "pk": 250, "fields": {"name": "Can change brand note", "content_type": 63, "codename": "change_brandnote"}}, {"model": "auth.permission", "pk": 251, "fields": {"name": "Can delete brand note", "content_type": 63, "codename": "delete_brandnote"}}, {"model": "auth.permission", "pk": 252, "fields": {"name": "Can view brand note", "content_type": 63, "codename": "view_brandnote"}}, {"model": "auth.permission", "pk": 253, "fields": {"name": "Can add order history", "content_type": 64, "codename": "add_orderhistory"}}, {"model": "auth.permission", "pk": 254, "fields": {"name": "Can change order history", "content_type": 64, "codename": "change_orderhistory"}}, {"model": "auth.permission", "pk": 255, "fields": {"name": "Can delete order history", "content_type": 64, "codename": "delete_orderhistory"}}, {"model": "auth.permission", "pk": 256, "fields": {"name": "Can view order history", "content_type": 64, "codename": "view_orderhistory"}}, {"model": "auth.permission", "pk": 257, "fields": {"name": "Can add Select Product", "content_type": 65, "codename": "add_cartproductmapping"}}, {"model": "auth.permission", "pk": 258, "fields": {"name": "Can change Select Product", "content_type": 65, "codename": "change_cartproductmapping"}}, {"model": "auth.permission", "pk": 259, "fields": {"name": "Can delete Select Product", "content_type": 65, "codename": "delete_cartproductmapping"}}, {"model": "auth.permission", "pk": 260, "fields": {"name": "Can view Select Product", "content_type": 65, "codename": "view_cartproductmapping"}}, {"model": "auth.permission", "pk": 261, "fields": {"name": "Can add po_ message", "content_type": 66, "codename": "add_po_message"}}, {"model": "auth.permission", "pk": 262, "fields": {"name": "Can change po_ message", "content_type": 66, "codename": "change_po_message"}}, {"model": "auth.permission", "pk": 263, "fields": {"name": "Can delete po_ message", "content_type": 66, "codename": "delete_po_message"}}, {"model": "auth.permission", "pk": 264, "fields": {"name": "Can view po_ message", "content_type": 66, "codename": "view_po_message"}}, {"model": "auth.permission", "pk": 265, "fields": {"name": "Can add order", "content_type": 67, "codename": "add_order"}}, {"model": "auth.permission", "pk": 266, "fields": {"name": "Can change order", "content_type": 67, "codename": "change_order"}}, {"model": "auth.permission", "pk": 267, "fields": {"name": "Can delete order", "content_type": 67, "codename": "delete_order"}}, {"model": "auth.permission", "pk": 268, "fields": {"name": "Can view order", "content_type": 67, "codename": "view_order"}}, {"model": "auth.permission", "pk": 269, "fields": {"name": "Can add grn order product history", "content_type": 68, "codename": "add_grnorderproducthistory"}}, {"model": "auth.permission", "pk": 270, "fields": {"name": "Can change grn order product history", "content_type": 68, "codename": "change_grnorderproducthistory"}}, {"model": "auth.permission", "pk": 271, "fields": {"name": "Can delete grn order product history", "content_type": 68, "codename": "delete_grnorderproducthistory"}}, {"model": "auth.permission", "pk": 272, "fields": {"name": "Can view grn order product history", "content_type": 68, "codename": "view_grnorderproducthistory"}}, {"model": "auth.permission", "pk": 273, "fields": {"name": "Can add PO Generation", "content_type": 69, "codename": "add_cart"}}, {"model": "auth.permission", "pk": 274, "fields": {"name": "Can change PO Generation", "content_type": 69, "codename": "change_cart"}}, {"model": "auth.permission", "pk": 275, "fields": {"name": "Can delete PO Generation", "content_type": 69, "codename": "delete_cart"}}, {"model": "auth.permission", "pk": 276, "fields": {"name": "Can view PO Generation", "content_type": 69, "codename": "view_cart"}}, {"model": "auth.permission", "pk": 277, "fields": {"name": "Can approve and dis-approve", "content_type": 69, "codename": "can_approve_and_disapprove"}}, {"model": "auth.permission", "pk": 278, "fields": {"name": "Can add Purchase Order Item List", "content_type": 70, "codename": "add_orderitem"}}, {"model": "auth.permission", "pk": 279, "fields": {"name": "Can change Purchase Order Item List", "content_type": 70, "codename": "change_orderitem"}}, {"model": "auth.permission", "pk": 280, "fields": {"name": "Can delete Purchase Order Item List", "content_type": 70, "codename": "delete_orderitem"}}, {"model": "auth.permission", "pk": 281, "fields": {"name": "Can view Purchase Order Item List", "content_type": 70, "codename": "view_orderitem"}}, {"model": "auth.permission", "pk": 282, "fields": {"name": "Can add grn order", "content_type": 71, "codename": "add_grnorder"}}, {"model": "auth.permission", "pk": 283, "fields": {"name": "Can change grn order", "content_type": 71, "codename": "change_grnorder"}}, {"model": "auth.permission", "pk": 284, "fields": {"name": "Can delete grn order", "content_type": 71, "codename": "delete_grnorder"}}, {"model": "auth.permission", "pk": 285, "fields": {"name": "Can view grn order", "content_type": 71, "codename": "view_grnorder"}}, {"model": "auth.permission", "pk": 286, "fields": {"name": "Can add PO Generation", "content_type": 72, "codename": "add_cart"}}, {"model": "auth.permission", "pk": 287, "fields": {"name": "Can change PO Generation", "content_type": 72, "codename": "change_cart"}}, {"model": "auth.permission", "pk": 288, "fields": {"name": "Can delete PO Generation", "content_type": 72, "codename": "delete_cart"}}, {"model": "auth.permission", "pk": 289, "fields": {"name": "Can view PO Generation", "content_type": 72, "codename": "view_cart"}}, {"model": "auth.permission", "pk": 290, "fields": {"name": "Can add order", "content_type": 73, "codename": "add_order"}}, {"model": "auth.permission", "pk": 291, "fields": {"name": "Can change order", "content_type": 73, "codename": "change_order"}}, {"model": "auth.permission", "pk": 292, "fields": {"name": "Can delete order", "content_type": 73, "codename": "delete_order"}}, {"model": "auth.permission", "pk": 293, "fields": {"name": "Can view order", "content_type": 73, "codename": "view_order"}}, {"model": "auth.permission", "pk": 294, "fields": {"name": "Can add ordered product reserved", "content_type": 74, "codename": "add_orderedproductreserved"}}, {"model": "auth.permission", "pk": 295, "fields": {"name": "Can change ordered product reserved", "content_type": 74, "codename": "change_orderedproductreserved"}}, {"model": "auth.permission", "pk": 296, "fields": {"name": "Can delete ordered product reserved", "content_type": 74, "codename": "delete_orderedproductreserved"}}, {"model": "auth.permission", "pk": 297, "fields": {"name": "Can view ordered product reserved", "content_type": 74, "codename": "view_orderedproductreserved"}}, {"model": "auth.permission", "pk": 298, "fields": {"name": "Can add Select Product", "content_type": 75, "codename": "add_cartproductmapping"}}, {"model": "auth.permission", "pk": 299, "fields": {"name": "Can change Select Product", "content_type": 75, "codename": "change_cartproductmapping"}}, {"model": "auth.permission", "pk": 300, "fields": {"name": "Can delete Select Product", "content_type": 75, "codename": "delete_cartproductmapping"}}, {"model": "auth.permission", "pk": 301, "fields": {"name": "Can view Select Product", "content_type": 75, "codename": "view_cartproductmapping"}}, {"model": "auth.permission", "pk": 302, "fields": {"name": "Can add sp note", "content_type": 76, "codename": "add_spnote"}}, {"model": "auth.permission", "pk": 303, "fields": {"name": "Can change sp note", "content_type": 76, "codename": "change_spnote"}}, {"model": "auth.permission", "pk": 304, "fields": {"name": "Can delete sp note", "content_type": 76, "codename": "delete_spnote"}}, {"model": "auth.permission", "pk": 305, "fields": {"name": "Can view sp note", "content_type": 76, "codename": "view_spnote"}}, {"model": "auth.permission", "pk": 306, "fields": {"name": "Can add ordered product mapping", "content_type": 77, "codename": "add_orderedproductmapping"}}, {"model": "auth.permission", "pk": 307, "fields": {"name": "Can change ordered product mapping", "content_type": 77, "codename": "change_orderedproductmapping"}}, {"model": "auth.permission", "pk": 308, "fields": {"name": "Can delete ordered product mapping", "content_type": 77, "codename": "delete_orderedproductmapping"}}, {"model": "auth.permission", "pk": 309, "fields": {"name": "Can view ordered product mapping", "content_type": 77, "codename": "view_orderedproductmapping"}}, {"model": "auth.permission", "pk": 310, "fields": {"name": "Can Delivery From GF", "content_type": 77, "codename": "delivery_from_gf"}}, {"model": "auth.permission", "pk": 311, "fields": {"name": "Can Warehouse Shipment", "content_type": 77, "codename": "warehouse_shipment"}}, {"model": "auth.permission", "pk": 312, "fields": {"name": "Can add ordered product", "content_type": 78, "codename": "add_orderedproduct"}}, {"model": "auth.permission", "pk": 313, "fields": {"name": "Can change ordered product", "content_type": 78, "codename": "change_orderedproduct"}}, {"model": "auth.permission", "pk": 314, "fields": {"name": "Can delete ordered product", "content_type": 78, "codename": "delete_orderedproduct"}}, {"model": "auth.permission", "pk": 315, "fields": {"name": "Can view ordered product", "content_type": 78, "codename": "view_orderedproduct"}}, {"model": "auth.permission", "pk": 316, "fields": {"name": "Can add ordered product mapping", "content_type": 79, "codename": "add_orderedproductmapping"}}, {"model": "auth.permission", "pk": 317, "fields": {"name": "Can change ordered product mapping", "content_type": 79, "codename": "change_orderedproductmapping"}}, {"model": "auth.permission", "pk": 318, "fields": {"name": "Can delete ordered product mapping", "content_type": 79, "codename": "delete_orderedproductmapping"}}, {"model": "auth.permission", "pk": 319, "fields": {"name": "Can view ordered product mapping", "content_type": 79, "codename": "view_orderedproductmapping"}}, {"model": "auth.permission", "pk": 320, "fields": {"name": "Can add customer care", "content_type": 80, "codename": "add_customercare"}}, {"model": "auth.permission", "pk": 321, "fields": {"name": "Can change customer care", "content_type": 80, "codename": "change_customercare"}}, {"model": "auth.permission", "pk": 322, "fields": {"name": "Can delete customer care", "content_type": 80, "codename": "delete_customercare"}}, {"model": "auth.permission", "pk": 323, "fields": {"name": "Can view customer care", "content_type": 80, "codename": "view_customercare"}}, {"model": "auth.permission", "pk": 324, "fields": {"name": "Can add cart product mapping", "content_type": 81, "codename": "add_cartproductmapping"}}, {"model": "auth.permission", "pk": 325, "fields": {"name": "Can change cart product mapping", "content_type": 81, "codename": "change_cartproductmapping"}}, {"model": "auth.permission", "pk": 326, "fields": {"name": "Can delete cart product mapping", "content_type": 81, "codename": "delete_cartproductmapping"}}, {"model": "auth.permission", "pk": 327, "fields": {"name": "Can view cart product mapping", "content_type": 81, "codename": "view_cartproductmapping"}}, {"model": "auth.permission", "pk": 328, "fields": {"name": "Can add note", "content_type": 82, "codename": "add_note"}}, {"model": "auth.permission", "pk": 329, "fields": {"name": "Can change note", "content_type": 82, "codename": "change_note"}}, {"model": "auth.permission", "pk": 330, "fields": {"name": "Can delete note", "content_type": 82, "codename": "delete_note"}}, {"model": "auth.permission", "pk": 331, "fields": {"name": "Can view note", "content_type": 82, "codename": "view_note"}}, {"model": "auth.permission", "pk": 332, "fields": {"name": "Can add ordered product", "content_type": 83, "codename": "add_orderedproduct"}}, {"model": "auth.permission", "pk": 333, "fields": {"name": "Can change ordered product", "content_type": 83, "codename": "change_orderedproduct"}}, {"model": "auth.permission", "pk": 334, "fields": {"name": "Can delete ordered product", "content_type": 83, "codename": "delete_orderedproduct"}}, {"model": "auth.permission", "pk": 335, "fields": {"name": "Can view ordered product", "content_type": 83, "codename": "view_orderedproduct"}}, {"model": "auth.permission", "pk": 336, "fields": {"name": "Can add payment", "content_type": 84, "codename": "add_payment"}}, {"model": "auth.permission", "pk": 337, "fields": {"name": "Can change payment", "content_type": 84, "codename": "change_payment"}}, {"model": "auth.permission", "pk": 338, "fields": {"name": "Can delete payment", "content_type": 84, "codename": "delete_payment"}}, {"model": "auth.permission", "pk": 339, "fields": {"name": "Can view payment", "content_type": 84, "codename": "view_payment"}}, {"model": "auth.permission", "pk": 340, "fields": {"name": "Can add order", "content_type": 85, "codename": "add_order"}}, {"model": "auth.permission", "pk": 341, "fields": {"name": "Can change order", "content_type": 85, "codename": "change_order"}}, {"model": "auth.permission", "pk": 342, "fields": {"name": "Can delete order", "content_type": 85, "codename": "delete_order"}}, {"model": "auth.permission", "pk": 343, "fields": {"name": "Can view order", "content_type": 85, "codename": "view_order"}}, {"model": "auth.permission", "pk": 344, "fields": {"name": "Can add cart", "content_type": 86, "codename": "add_cart"}}, {"model": "auth.permission", "pk": 345, "fields": {"name": "Can change cart", "content_type": 86, "codename": "change_cart"}}, {"model": "auth.permission", "pk": 346, "fields": {"name": "Can delete cart", "content_type": 86, "codename": "delete_cart"}}, {"model": "auth.permission", "pk": 347, "fields": {"name": "Can view cart", "content_type": 86, "codename": "view_cart"}}, {"model": "auth.permission", "pk": 348, "fields": {"name": "Can add ordered product mapping", "content_type": 87, "codename": "add_orderedproductmapping"}}, {"model": "auth.permission", "pk": 349, "fields": {"name": "Can change ordered product mapping", "content_type": 87, "codename": "change_orderedproductmapping"}}, {"model": "auth.permission", "pk": 350, "fields": {"name": "Can delete ordered product mapping", "content_type": 87, "codename": "delete_orderedproductmapping"}}, {"model": "auth.permission", "pk": 351, "fields": {"name": "Can view ordered product mapping", "content_type": 87, "codename": "view_orderedproductmapping"}}, {"model": "auth.permission", "pk": 352, "fields": {"name": "Can add ordered product", "content_type": 88, "codename": "add_orderedproduct"}}, {"model": "auth.permission", "pk": 353, "fields": {"name": "Can change ordered product", "content_type": 88, "codename": "change_orderedproduct"}}, {"model": "auth.permission", "pk": 354, "fields": {"name": "Can delete ordered product", "content_type": 88, "codename": "delete_orderedproduct"}}, {"model": "auth.permission", "pk": 355, "fields": {"name": "Can view ordered product", "content_type": 88, "codename": "view_orderedproduct"}}, {"model": "auth.permission", "pk": 356, "fields": {"name": "Can add customer care", "content_type": 89, "codename": "add_customercare"}}, {"model": "auth.permission", "pk": 357, "fields": {"name": "Can change customer care", "content_type": 89, "codename": "change_customercare"}}, {"model": "auth.permission", "pk": 358, "fields": {"name": "Can delete customer care", "content_type": 89, "codename": "delete_customercare"}}, {"model": "auth.permission", "pk": 359, "fields": {"name": "Can view customer care", "content_type": 89, "codename": "view_customercare"}}, {"model": "auth.permission", "pk": 360, "fields": {"name": "Can add note", "content_type": 90, "codename": "add_note"}}, {"model": "auth.permission", "pk": 361, "fields": {"name": "Can change note", "content_type": 90, "codename": "change_note"}}, {"model": "auth.permission", "pk": 362, "fields": {"name": "Can delete note", "content_type": 90, "codename": "delete_note"}}, {"model": "auth.permission", "pk": 363, "fields": {"name": "Can view note", "content_type": 90, "codename": "view_note"}}, {"model": "auth.permission", "pk": 364, "fields": {"name": "Can add payment", "content_type": 91, "codename": "add_payment"}}, {"model": "auth.permission", "pk": 365, "fields": {"name": "Can change payment", "content_type": 91, "codename": "change_payment"}}, {"model": "auth.permission", "pk": 366, "fields": {"name": "Can delete payment", "content_type": 91, "codename": "delete_payment"}}, {"model": "auth.permission", "pk": 367, "fields": {"name": "Can view payment", "content_type": 91, "codename": "view_payment"}}, {"model": "auth.permission", "pk": 368, "fields": {"name": "Can add cart", "content_type": 92, "codename": "add_cart"}}, {"model": "auth.permission", "pk": 369, "fields": {"name": "Can change cart", "content_type": 92, "codename": "change_cart"}}, {"model": "auth.permission", "pk": 370, "fields": {"name": "Can delete cart", "content_type": 92, "codename": "delete_cart"}}, {"model": "auth.permission", "pk": 371, "fields": {"name": "Can view cart", "content_type": 92, "codename": "view_cart"}}, {"model": "auth.permission", "pk": 372, "fields": {"name": "Can add order", "content_type": 93, "codename": "add_order"}}, {"model": "auth.permission", "pk": 373, "fields": {"name": "Can change order", "content_type": 93, "codename": "change_order"}}, {"model": "auth.permission", "pk": 374, "fields": {"name": "Can delete order", "content_type": 93, "codename": "delete_order"}}, {"model": "auth.permission", "pk": 375, "fields": {"name": "Can view order", "content_type": 93, "codename": "view_order"}}, {"model": "auth.permission", "pk": 376, "fields": {"name": "Can add cart product mapping", "content_type": 94, "codename": "add_cartproductmapping"}}, {"model": "auth.permission", "pk": 377, "fields": {"name": "Can change cart product mapping", "content_type": 94, "codename": "change_cartproductmapping"}}, {"model": "auth.permission", "pk": 378, "fields": {"name": "Can delete cart product mapping", "content_type": 94, "codename": "delete_cartproductmapping"}}, {"model": "auth.permission", "pk": 379, "fields": {"name": "Can view cart product mapping", "content_type": 94, "codename": "view_cartproductmapping"}}, {"model": "accounts.user", "pk": 1, "fields": {"password": "pbkdf2_sha256$120000$oyMoabEF83Iu$R7NHIGcXz8HkH4HABYYDKi4QD9lOp7ll/5pSNLcMeU0=", "last_login": "2019-01-07T14:24:54.941", "is_superuser": true, "first_name": "", "last_name": "", "is_staff": true, "is_active": true, "date_joined": "2019-01-04T12:08:46.771", "phone_number": "7763886418", "email": "admin@gmail.com", "user_photo": "", "user_type": 6, "groups": [], "user_permissions": []}}, {"model": "accounts.user", "pk": 3, "fields": {"password": "pbkdf2_sha256$120000$imsuRbbCp9vI$3bAe+wqJwnfO9EhvA+1JyiO7ALtl7jP4VrRZObIswz0=", "last_login": "2019-01-04T17:27:10.065", "is_superuser": true, "first_name": "", "last_name": "", "is_staff": true, "is_active": true, "date_joined": "2019-01-04T12:15:30.457", "phone_number": "9911703645", "email": "admin1@gmail.com", "user_photo": "", "user_type": 6, "groups": [], "user_permissions": []}}, {"model": "accounts.user", "pk": 4, "fields": {"password": "pbkdf2_sha256$120000$zfXKZSlbWMva$5eGdXvGRe0UVDeTY0hgcv8/dKKvrWQpkFmv0MxMkacw=", "last_login": "2019-01-07T13:38:35.114", "is_superuser": true, "first_name": "", "last_name": "", "is_staff": true, "is_active": true, "date_joined": "2019-01-04T12:18:16.037", "phone_number": "7006440794", "email": "gaurav@gramfactory.com", "user_photo": "", "user_type": 6, "groups": [], "user_permissions": []}}, {"model": "accounts.user", "pk": 5, "fields": {"password": "pbkdf2_sha256$120000$FvjN6Lcoa1Fg$gHHDdu1cWMFmMkQoKYuNdawyV6KkCbj9KwbYv0eEzqY=", "last_login": null, "is_superuser": false, "first_name": "", "last_name": "", "is_staff": false, "is_active": true, "date_joined": "2019-01-04T12:26:06.989", "phone_number": "7607846774", "email": "raj@gramfactory.com", "user_photo": "", "user_type": 6, "groups": [], "user_permissions": []}}, {"model": "accounts.user", "pk": 7, "fields": {"password": "pbkdf2_sha256$120000$m9clwsAp24Wb$UgArFN5Zb1TnLxmGdVqsmULCpuAxgyvy1ZAL6s8TfvE=", "last_login": "2019-01-06T11:54:21.226", "is_superuser": false, "first_name": "Mayank", "last_name": "Prajapat", "is_staff": false, "is_active": true, "date_joined": "2019-01-04T16:25:35.574", "phone_number": "9899746673", "email": "prajapat.mayank@gmail.com", "user_photo": "", "user_type": 6, "groups": [], "user_permissions": []}}, {"model": "accounts.user", "pk": 8, "fields": {"password": "pbkdf2_sha256$120000$Uol5qqsYedyE$0wcWfgqICEeieGgpMPt0cNwfgWsrvuYJsqmnsLKIipM=", "last_login": null, "is_superuser": false, "first_name": "Ggbnj", "last_name": "Ddd", "is_staff": false, "is_active": true, "date_joined": "2019-01-04T16:29:00.133", "phone_number": "7827013833", "email": "dddd@gmail.com", "user_photo": "", "user_type": 6, "groups": [], "user_permissions": []}}, {"model": "accounts.user", "pk": 9, "fields": {"password": "pbkdf2_sha256$120000$MPVvPtLUB1si$BcI9Jx4PEU3v4PpjKdZ1uNf8/YDkK/Rnl6FGZVrvAyQ=", "last_login": "2019-01-04T17:41:07.587", "is_superuser": false, "first_name": "mukesh", "last_name": "kumar", "is_staff": false, "is_active": true, "date_joined": "2019-01-04T16:38:57.078", "phone_number": "9988536264", "email": "", "user_photo": "", "user_type": 6, "groups": [], "user_permissions": []}}, {"model": "accounts.user", "pk": 11, "fields": {"password": "pbkdf2_sha256$120000$2bcTxzr9Euhi$idcvfitgH6Dc8fuwfXNyzY5dJOIrUevuw+ChVQx6F1c=", "last_login": "2019-01-07T12:17:14.653", "is_superuser": true, "first_name": "", "last_name": "", "is_staff": true, "is_active": true, "date_joined": "2019-01-06T21:09:52.274", "phone_number": "8567075678", "email": "iamjagjeetubhi@gmail.com", "user_photo": "", "user_type": 6, "groups": [], "user_permissions": []}}, {"model": "accounts.user", "pk": 12, "fields": {"password": "pbkdf2_sha256$120000$ke3m41cq9d9b$aVbAlsnrxuQccH1eXVCpgCZgkwiVgIi58r6elw90xcU=", "last_login": "2019-01-06T23:35:08.012", "is_superuser": false, "first_name": "Prakash", "last_name": "Kumar", "is_staff": false, "is_active": true, "date_joined": "2019-01-06T23:35:07.822", "phone_number": "6260971036", "email": "prakash@gmail.com", "user_photo": "", "user_type": 6, "groups": [], "user_permissions": []}}, {"model": "accounts.user", "pk": 13, "fields": {"password": "pbkdf2_sha256$120000$0OpdhOmjBmik$0gy9GRphKW6PjAUeurdsTgvYB6/t8QmuRVOEoJJob5Q=", "last_login": "2019-01-07T11:54:39.143", "is_superuser": false, "first_name": "harmeek", "last_name": "Singh", "is_staff": false, "is_active": true, "date_joined": "2019-01-07T11:54:38.975", "phone_number": "7042545165", "email": "harmek@gmail.com", "user_photo": "", "user_type": 6, "groups": [], "user_permissions": []}}, {"model": "accounts.user", "pk": 14, "fields": {"password": "pbkdf2_sha256$120000$XPCeFPVyG4Xl$CG27V62sxzoN7R2zN9InnLJzl3MZ5vpnxjTBrgQVM0o=", "last_login": "2019-01-07T12:14:40.524", "is_superuser": true, "first_name": "Madhav", "last_name": "Kumar", "is_staff": true, "is_active": true, "date_joined": "2019-01-07T12:13:18.978", "phone_number": "8750858087", "email": "admin@gramfactory.com", "user_photo": "", "user_type": 6, "groups": [], "user_permissions": []}}, {"model": "shops.shop", "pk": 1, "fields": {"shop_name": "Gramfactory", "shop_owner": 4, "shop_type": 3, "created_at": "2019-01-04T13:26:53.278", "modified_at": "2019-01-04T13:26:53.278", "status": true}}, {"model": "shops.shop", "pk": 2, "fields": {"shop_name": "GF Shipping", "shop_owner": 4, "shop_type": 3, "created_at": "2019-01-04T13:27:38.638", "modified_at": "2019-01-04T13:27:49.851", "status": true}}, {"model": "shops.shop", "pk": 3, "fields": {"shop_name": "GF Billing", "shop_owner": 4, "shop_type": 3, "created_at": "2019-01-04T13:29:11.694", "modified_at": "2019-01-04T13:29:18.382", "status": true}}, {"model": "shops.shop", "pk": 4, "fields": {"shop_name": "raj ki dukan", "shop_owner": 9, "shop_type": 1, "created_at": "2019-01-04T17:35:39.445", "modified_at": "2019-01-04T17:59:44.450", "status": true}}, {"model": "shops.shop", "pk": 5, "fields": {"shop_name": "Dgghh", "shop_owner": 9, "shop_type": 1, "created_at": "2019-01-04T17:41:59.898", "modified_at": "2019-01-04T17:59:58.058", "status": true}}, {"model": "shops.shop", "pk": 9, "fields": {"shop_name": "Arzoo Apartment Shop", "shop_owner": 7, "shop_type": 1, "created_at": "2019-01-06T11:55:47.944", "modified_at": "2019-01-06T12:07:06.209", "status": true}}, {"model": "shops.shop", "pk": 11, "fields": {"shop_name": "My store", "shop_owner": 12, "shop_type": 1, "created_at": "2019-01-06T23:35:20.389", "modified_at": "2019-01-06T23:35:20.389", "status": false}}, {"model": "shops.shop", "pk": 13, "fields": {"shop_name": "Pal Shop", "shop_owner": 1, "shop_type": 1, "created_at": "2019-01-07T11:46:12.340", "modified_at": "2019-01-07T11:49:01.517", "status": true}}, {"model": "shops.shop", "pk": 14, "fields": {"shop_name": "KING Shop", "shop_owner": 4, "shop_type": 1, "created_at": "2019-01-07T11:47:29.786", "modified_at": "2019-01-07T11:48:53.764", "status": true}}, {"model": "shops.shop", "pk": 15, "fields": {"shop_name": "harmeek store", "shop_owner": 13, "shop_type": 1, "created_at": "2019-01-07T11:54:59.911", "modified_at": "2019-01-07T11:57:14.283", "status": true}}, {"model": "shops.shop", "pk": 16, "fields": {"shop_name": "Suncity Store", "shop_owner": 11, "shop_type": 1, "created_at": "2019-01-07T12:53:19.471", "modified_at": "2019-01-07T13:36:51.292", "status": true}}, {"model": "shops.shop", "pk": 17, "fields": {"shop_name": "Suncity", "shop_owner": 4, "shop_type": 4, "created_at": "2019-01-07T13:36:23.350", "modified_at": "2019-01-07T13:37:32.906", "status": true}}, {"model": "shops.shop", "pk": 18, "fields": {"shop_name": "Villa Store", "shop_owner": 7, "shop_type": 1, "created_at": "2019-01-07T14:20:58.660", "modified_at": "2019-01-07T14:25:36.399", "status": true}}, {"model": "shops.shop", "pk": 19, "fields": {"shop_name": "s\nShashwat's General Store", "shop_owner": 13, "shop_type": 1, "created_at": "2019-01-07T14:41:34.792", "modified_at": "2019-01-07T14:41:34.792", "status": false}}, {"model": "gram_to_brand.cart", "pk": 2, "fields": {"brand": 1, "supplier_state": 1, "supplier_name": 1, "gf_shipping_address": 1, "gf_billing_address": 2, "po_no": "ADT/PO/07/00002", "shop": null, "po_status": null, "po_raised_by": null, "last_modified_by": null, "po_creation_date": "2019-01-04", "po_validity_date": "2019-01-31", "po_message": null, "payment_term": "", "delivery_term": "", "po_amount": 0.0, "cart_product_mapping_csv": "", "is_approve": null, "created_at": "2019-01-04T16:29:39.429", "modified_at": "2019-01-04T16:29:39.433"}}, {"model": "gram_to_brand.cart", "pk": 3, "fields": {"brand": 1, "supplier_state": 1, "supplier_name": 1, "gf_shipping_address": 1, "gf_billing_address": 2, "po_no": "ADT/PO/07/00003", "shop": null, "po_status": null, "po_raised_by": null, "last_modified_by": null, "po_creation_date": "2019-01-04", "po_validity_date": "2019-01-04", "po_message": null, "payment_term": "", "delivery_term": "", "po_amount": 0.0, "cart_product_mapping_csv": "", "is_approve": null, "created_at": "2019-01-04T17:11:42.266", "modified_at": "2019-01-04T17:11:42.270"}}, {"model": "gram_to_brand.cart", "pk": 4, "fields": {"brand": 1, "supplier_state": 1, "supplier_name": 1, "gf_shipping_address": 1, "gf_billing_address": 2, "po_no": "ADT/PO/07/00004", "shop": null, "po_status": null, "po_raised_by": null, "last_modified_by": null, "po_creation_date": "2019-01-05", "po_validity_date": "2019-01-31", "po_message": null, "payment_term": "", "delivery_term": "", "po_amount": 0.0, "cart_product_mapping_csv": "", "is_approve": null, "created_at": "2019-01-05T14:38:15.478", "modified_at": "2019-01-05T14:38:15.482"}}, {"model": "gram_to_brand.cart", "pk": 5, "fields": {"brand": 1, "supplier_state": 1, "supplier_name": 1, "gf_shipping_address": 1, "gf_billing_address": 2, "po_no": "ADT/PO/07/00005", "shop": null, "po_status": null, "po_raised_by": null, "last_modified_by": null, "po_creation_date": "2019-01-06", "po_validity_date": "2019-02-28", "po_message": null, "payment_term": "", "delivery_term": "", "po_amount": 0.0, "cart_product_mapping_csv": "", "is_approve": null, "created_at": "2019-01-06T19:34:20.183", "modified_at": "2019-01-06T19:34:20.187"}}, {"model": "gram_to_brand.cart", "pk": 6, "fields": {"brand": 2, "supplier_state": 1, "supplier_name": 1, "gf_shipping_address": 1, "gf_billing_address": 4, "po_no": "ADT/PO/07/00006", "shop": null, "po_status": null, "po_raised_by": null, "last_modified_by": null, "po_creation_date": "2019-01-06", "po_validity_date": "2019-01-30", "po_message": null, "payment_term": "", "delivery_term": "", "po_amount": 0.0, "cart_product_mapping_csv": "", "is_approve": null, "created_at": "2019-01-06T19:46:55.522", "modified_at": "2019-01-06T19:46:55.525"}}, {"model": "gram_to_brand.cart", "pk": 7, "fields": {"brand": 1, "supplier_state": 1, "supplier_name": 1, "gf_shipping_address": 1, "gf_billing_address": 2, "po_no": "ADT/PO/07/00007", "shop": null, "po_status": null, "po_raised_by": null, "last_modified_by": null, "po_creation_date": "2019-01-07", "po_validity_date": "2019-01-07", "po_message": null, "payment_term": "", "delivery_term": "", "po_amount": 0.0, "cart_product_mapping_csv": "", "is_approve": null, "created_at": "2019-01-07T02:33:42.682", "modified_at": "2019-01-07T10:50:00.593"}}, {"model": "gram_to_brand.cart", "pk": 8, "fields": {"brand": 1, "supplier_state": 1, "supplier_name": 1, "gf_shipping_address": 1, "gf_billing_address": 2, "po_no": "ADT/PO/07/00008", "shop": null, "po_status": null, "po_raised_by": null, "last_modified_by": null, "po_creation_date": "2019-01-07", "po_validity_date": "2019-02-28", "po_message": null, "payment_term": "", "delivery_term": "", "po_amount": 0.0, "cart_product_mapping_csv": "", "is_approve": null, "created_at": "2019-01-07T11:09:43.467", "modified_at": "2019-01-07T11:09:43.470"}}, {"model": "gram_to_brand.cart", "pk": 9, "fields": {"brand": 1, "supplier_state": 1, "supplier_name": 1, "gf_shipping_address": 3, "gf_billing_address": 4, "po_no": "ADT/PO/07/00009", "shop": null, "po_status": null, "po_raised_by": null, "last_modified_by": null, "po_creation_date": "2019-01-07", "po_validity_date": "2019-01-26", "po_message": null, "payment_term": "", "delivery_term": "", "po_amount": 0.0, "cart_product_mapping_csv": "", "is_approve": null, "created_at": "2019-01-07T13:47:08.957", "modified_at": "2019-01-07T13:47:08.961"}}, {"model": "gram_to_brand.order", "pk": 2, "fields": {"shop": null, "ordered_cart": 2, "order_no": "ADT/PO/07/00002", "billing_address": 2, "shipping_address": 1, "total_mrp": 0.0, "total_discount_amount": 0.0, "total_tax_amount": 0.0, "total_final_amount": 254320.0, "order_status": "", "ordered_by": null, "received_by": null, "last_modified_by": null, "created_at": "2019-01-04T16:29:39.440", "modified_at": "2019-01-04T16:29:39.458"}}, {"model": "gram_to_brand.order", "pk": 3, "fields": {"shop": null, "ordered_cart": 3, "order_no": "ADT/PO/07/00003", "billing_address": 2, "shipping_address": 1, "total_mrp": 0.0, "total_discount_amount": 0.0, "total_tax_amount": 0.0, "total_final_amount": 86400.0, "order_status": "", "ordered_by": null, "received_by": null, "last_modified_by": null, "created_at": "2019-01-04T17:11:42.276", "modified_at": "2019-01-04T17:11:42.276"}}, {"model": "gram_to_brand.order", "pk": 4, "fields": {"shop": null, "ordered_cart": 4, "order_no": "ADT/PO/07/00004", "billing_address": 2, "shipping_address": 1, "total_mrp": 0.0, "total_discount_amount": 0.0, "total_tax_amount": 0.0, "total_final_amount": 254320.0, "order_status": "", "ordered_by": null, "received_by": null, "last_modified_by": null, "created_at": "2019-01-05T14:38:15.488", "modified_at": "2019-01-05T14:38:15.500"}}, {"model": "gram_to_brand.order", "pk": 5, "fields": {"shop": null, "ordered_cart": 5, "order_no": "ADT/PO/07/00005", "billing_address": 2, "shipping_address": 1, "total_mrp": 0.0, "total_discount_amount": 0.0, "total_tax_amount": 0.0, "total_final_amount": 254320.0, "order_status": "", "ordered_by": null, "received_by": null, "last_modified_by": null, "created_at": "2019-01-06T19:34:20.192", "modified_at": "2019-01-06T19:34:20.205"}}, {"model": "gram_to_brand.order", "pk": 6, "fields": {"shop": null, "ordered_cart": 6, "order_no": "ADT/PO/07/00006", "billing_address": 4, "shipping_address": 1, "total_mrp": 0.0, "total_discount_amount": 0.0, "total_tax_amount": 0.0, "total_final_amount": 408000.0, "order_status": "", "ordered_by": null, "received_by": null, "last_modified_by": null, "created_at": "2019-01-06T19:46:55.531", "modified_at": "2019-01-06T19:46:55.531"}}, {"model": "gram_to_brand.order", "pk": 7, "fields": {"shop": null, "ordered_cart": 7, "order_no": "ADT/PO/07/00007", "billing_address": 2, "shipping_address": 1, "total_mrp": 0.0, "total_discount_amount": 0.0, "total_tax_amount": 0.0, "total_final_amount": 598720.0, "order_status": "partially_delivered", "ordered_by": null, "received_by": null, "last_modified_by": null, "created_at": "2019-01-07T02:33:42.691", "modified_at": "2019-01-07T02:35:36.182"}}, {"model": "gram_to_brand.order", "pk": 8, "fields": {"shop": null, "ordered_cart": 8, "order_no": "ADT/PO/07/00008", "billing_address": 2, "shipping_address": 1, "total_mrp": 0.0, "total_discount_amount": 0.0, "total_tax_amount": 0.0, "total_final_amount": 254320.0, "order_status": "partially_delivered", "ordered_by": null, "received_by": null, "last_modified_by": null, "created_at": "2019-01-07T11:09:43.476", "modified_at": "2019-01-07T11:16:04.850"}}, {"model": "gram_to_brand.order", "pk": 9, "fields": {"shop": null, "ordered_cart": 9, "order_no": "ADT/PO/07/00009", "billing_address": 4, "shipping_address": 3, "total_mrp": 0.0, "total_discount_amount": 0.0, "total_tax_amount": 0.0, "total_final_amount": 224800.0, "order_status": "partially_delivered", "ordered_by": null, "received_by": null, "last_modified_by": null, "created_at": "2019-01-07T13:47:08.967", "modified_at": "2019-01-07T13:48:59.984"}}, {"model": "gram_to_brand.orderitem", "pk": 1, "fields": {"order": 7, "ordered_product": 4, "ordered_qty": 20, "ordered_product_status": null, "ordered_price": 224.0, "item_status": "", "total_delivered_qty": 0, "total_returned_qty": 0, "total_damaged_qty": 0, "last_modified_by": null, "created_at": "2019-01-07T02:33:42.697", "modified_at": "2019-01-07T02:33:42.697"}}, {"model": "gram_to_brand.orderitem", "pk": 2, "fields": {"order": 7, "ordered_product": 1, "ordered_qty": 400, "ordered_product_status": null, "ordered_price": 85.0, "item_status": "partially_delivered", "total_delivered_qty": 100, "total_returned_qty": 0, "total_damaged_qty": 0, "last_modified_by": null, "created_at": "2019-01-07T02:33:42.709", "modified_at": "2019-01-07T02:35:36.159"}}, {"model": "gram_to_brand.orderitem", "pk": 3, "fields": {"order": 7, "ordered_product": 2, "ordered_qty": 80, "ordered_product_status": null, "ordered_price": 180.0, "item_status": "partially_delivered", "total_delivered_qty": 100, "total_returned_qty": 0, "total_damaged_qty": 0, "last_modified_by": null, "created_at": "2019-01-07T02:33:42.718", "modified_at": "2019-01-07T02:35:36.172"}}, {"model": "gram_to_brand.orderitem", "pk": 4, "fields": {"order": 8, "ordered_product": 4, "ordered_qty": 20, "ordered_product_status": null, "ordered_price": 224.0, "item_status": "partially_delivered", "total_delivered_qty": 10, "total_returned_qty": 0, "total_damaged_qty": 0, "last_modified_by": null, "created_at": "2019-01-07T11:09:43.480", "modified_at": "2019-01-07T11:16:04.822"}}, {"model": "gram_to_brand.orderitem", "pk": 5, "fields": {"order": 8, "ordered_product": 3, "ordered_qty": 50, "ordered_product_status": null, "ordered_price": 200.0, "item_status": "partially_delivered", "total_delivered_qty": 10, "total_returned_qty": 0, "total_damaged_qty": 0, "last_modified_by": null, "created_at": "2019-01-07T11:09:43.489", "modified_at": "2019-01-07T11:16:04.840"}}, {"model": "gram_to_brand.orderitem", "pk": 6, "fields": {"order": 8, "ordered_product": 2, "ordered_qty": 40, "ordered_product_status": null, "ordered_price": 180.0, "item_status": "partially_delivered", "total_delivered_qty": 10, "total_returned_qty": 0, "total_damaged_qty": 0, "last_modified_by": null, "created_at": "2019-01-07T11:09:43.498", "modified_at": "2019-01-07T11:16:04.806"}}, {"model": "gram_to_brand.orderitem", "pk": 7, "fields": {"order": 9, "ordered_product": 4, "ordered_qty": 10, "ordered_product_status": null, "ordered_price": 400.0, "item_status": "partially_delivered", "total_delivered_qty": 0, "total_returned_qty": 0, "total_damaged_qty": 0, "last_modified_by": null, "created_at": "2019-01-07T13:47:08.970", "modified_at": "2019-01-07T13:48:59.959"}}, {"model": "gram_to_brand.orderitem", "pk": 8, "fields": {"order": 9, "ordered_product": 3, "ordered_qty": 24, "ordered_product_status": null, "ordered_price": 300.0, "item_status": "partially_delivered", "total_delivered_qty": 0, "total_returned_qty": 0, "total_damaged_qty": 0, "last_modified_by": null, "created_at": "2019-01-07T13:47:08.980", "modified_at": "2019-01-07T13:48:59.974"}}, {"model": "gram_to_brand.orderitem", "pk": 9, "fields": {"order": 9, "ordered_product": 2, "ordered_qty": 42, "ordered_product_status": null, "ordered_price": 200.0, "item_status": "partially_delivered", "total_delivered_qty": 0, "total_returned_qty": 0, "total_damaged_qty": 0, "last_modified_by": null, "created_at": "2019-01-07T13:47:08.989", "modified_at": "2019-01-07T13:48:59.944"}}, {"model": "gram_to_brand.grnorder", "pk": 6, "fields": {"order": 2, "order_item": null, "invoice_no": "5678", "grn_id": "18-19/6", "last_modified_by": null, "grn_date": "2019-01-04", "created_at": "2019-01-04T16:31:54.268", "modified_at": "2019-01-04T16:31:54.270"}}, {"model": "gram_to_brand.grnorder", "pk": 7, "fields": {"order": 3, "order_item": null, "invoice_no": "334", "grn_id": "18-19/7", "last_modified_by": null, "grn_date": "2019-01-04", "created_at": "2019-01-04T17:12:28.443", "modified_at": "2019-01-04T17:12:28.445"}}, {"model": "gram_to_brand.grnorder", "pk": 12, "fields": {"order": 3, "order_item": null, "invoice_no": "567", "grn_id": "18-19/12", "last_modified_by": null, "grn_date": "2019-01-04", "created_at": "2019-01-04T18:14:16.425", "modified_at": "2019-01-04T18:16:40.618"}}, {"model": "gram_to_brand.grnorder", "pk": 13, "fields": {"order": 4, "order_item": null, "invoice_no": "2405", "grn_id": "18-19/13", "last_modified_by": null, "grn_date": "2019-01-05", "created_at": "2019-01-05T14:40:35.886", "modified_at": "2019-01-05T15:31:33.370"}}, {"model": "gram_to_brand.grnorder", "pk": 14, "fields": {"order": 3, "order_item": null, "invoice_no": "343", "grn_id": "18-19/14", "last_modified_by": null, "grn_date": "2019-01-06", "created_at": "2019-01-06T15:58:26.828", "modified_at": "2019-01-06T15:58:26.830"}}, {"model": "gram_to_brand.grnorder", "pk": 15, "fields": {"order": 4, "order_item": null, "invoice_no": "23223232", "grn_id": "18-19/15", "last_modified_by": null, "grn_date": "2019-01-06", "created_at": "2019-01-06T17:05:36.577", "modified_at": "2019-01-06T19:57:00.111"}}, {"model": "gram_to_brand.grnorder", "pk": 16, "fields": {"order": 5, "order_item": null, "invoice_no": "12345", "grn_id": "18-19/16", "last_modified_by": null, "grn_date": "2019-01-06", "created_at": "2019-01-06T19:37:27.785", "modified_at": "2019-01-06T19:56:39.544"}}, {"model": "gram_to_brand.grnorder", "pk": 17, "fields": {"order": 6, "order_item": null, "invoice_no": "2343", "grn_id": "18-19/17", "last_modified_by": null, "grn_date": "2019-01-06", "created_at": "2019-01-06T19:47:44.507", "modified_at": "2019-01-06T19:47:44.509"}}, {"model": "gram_to_brand.grnorder", "pk": 18, "fields": {"order": 5, "order_item": null, "invoice_no": "test1001", "grn_id": "18-19/18", "last_modified_by": null, "grn_date": "2019-01-07", "created_at": "2019-01-07T01:34:52.272", "modified_at": "2019-01-07T01:34:52.273"}}, {"model": "gram_to_brand.grnorder", "pk": 19, "fields": {"order": 7, "order_item": null, "invoice_no": "test100", "grn_id": "18-19/19", "last_modified_by": null, "grn_date": "2019-01-07", "created_at": "2019-01-07T02:35:36.144", "modified_at": "2019-01-07T02:35:36.145"}}, {"model": "gram_to_brand.grnorder", "pk": 20, "fields": {"order": 8, "order_item": null, "invoice_no": "2418", "grn_id": "18-19/20", "last_modified_by": null, "grn_date": "2019-01-07", "created_at": "2019-01-07T11:16:04.789", "modified_at": "2019-01-07T11:16:04.791"}}, {"model": "gram_to_brand.grnorder", "pk": 21, "fields": {"order": 9, "order_item": null, "invoice_no": "9999", "grn_id": "18-19/21", "last_modified_by": null, "grn_date": "2019-01-07", "created_at": "2019-01-07T13:48:59.928", "modified_at": "2019-01-07T13:48:59.929"}}, {"model": "gram_to_brand.grnorderproductmapping", "pk": 1, "fields": {"grn_order": 12, "product": 2, "po_product_quantity": 480, "po_product_price": 180.0, "already_grned_product": 0, "product_invoice_price": 0.0, "product_invoice_qty": 10, "manufacture_date": null, "expiry_date": null, "available_qty": 7403, "ordered_qty": 4, "delivered_qty": 5, "returned_qty": 0, "damaged_qty": 0, "last_modified_by": null, "created_at": "2019-01-04T18:14:16.428", "modified_at": "2019-01-07T15:21:01.759"}}, {"model": "gram_to_brand.grnorderproductmapping", "pk": 2, "fields": {"grn_order": 13, "product": 4, "po_product_quantity": 80, "po_product_price": 224.0, "already_grned_product": 0, "product_invoice_price": 225.0, "product_invoice_qty": 70, "manufacture_date": null, "expiry_date": null, "available_qty": 2496, "ordered_qty": 2, "delivered_qty": 70, "returned_qty": 0, "damaged_qty": 0, "last_modified_by": null, "created_at": "2019-01-05T14:40:35.890", "modified_at": "2019-01-07T15:21:01.825"}}, {"model": "gram_to_brand.grnorderproductmapping", "pk": 3, "fields": {"grn_order": 13, "product": 2, "po_product_quantity": 480, "po_product_price": 180.0, "already_grned_product": 0, "product_invoice_price": 185.0, "product_invoice_qty": 90, "manufacture_date": null, "expiry_date": null, "available_qty": 7985, "ordered_qty": 4, "delivered_qty": 90, "returned_qty": 0, "damaged_qty": 0, "last_modified_by": null, "created_at": "2019-01-05T14:40:35.892", "modified_at": "2019-01-07T15:21:01.956"}}, {"model": "gram_to_brand.grnorderproductmapping", "pk": 4, "fields": {"grn_order": 13, "product": 3, "po_product_quantity": 750, "po_product_price": 200.0, "already_grned_product": 0, "product_invoice_price": 200.0, "product_invoice_qty": 90, "manufacture_date": null, "expiry_date": null, "available_qty": 1640, "ordered_qty": 2, "delivered_qty": 90, "returned_qty": 0, "damaged_qty": 0, "last_modified_by": null, "created_at": "2019-01-05T14:40:35.893", "modified_at": "2019-01-07T15:20:02.116"}}, {"model": "gram_to_brand.grnorderproductmapping", "pk": 5, "fields": {"grn_order": 14, "product": 2, "po_product_quantity": 480, "po_product_price": 180.0, "already_grned_product": 5, "product_invoice_price": 0.0, "product_invoice_qty": 8, "manufacture_date": "2019-01-06", "expiry_date": "2019-03-28", "available_qty": 6860, "ordered_qty": 245, "delivered_qty": 6, "returned_qty": 2, "damaged_qty": 0, "last_modified_by": null, "created_at": "2019-01-06T15:58:26.832", "modified_at": "2019-01-07T15:14:03.047"}}, {"model": "gram_to_brand.grnorderproductmapping", "pk": 6, "fields": {"grn_order": 15, "product": 2, "po_product_quantity": 480, "po_product_price": 180.0, "already_grned_product": 90, "product_invoice_price": 250.0, "product_invoice_qty": 10, "manufacture_date": null, "expiry_date": null, "available_qty": 7002, "ordered_qty": 245, "delivered_qty": 10, "returned_qty": 0, "damaged_qty": 0, "last_modified_by": null, "created_at": "2019-01-06T17:05:36.581", "modified_at": "2019-01-07T15:21:01.940"}}, {"model": "gram_to_brand.grnorderproductmapping", "pk": 7, "fields": {"grn_order": 16, "product": 2, "po_product_quantity": 480, "po_product_price": 180.0, "already_grned_product": 0, "product_invoice_price": 170.0, "product_invoice_qty": 100, "manufacture_date": null, "expiry_date": null, "available_qty": 7264, "ordered_qty": 245, "delivered_qty": 100, "returned_qty": 0, "damaged_qty": 0, "last_modified_by": null, "created_at": "2019-01-06T19:37:27.789", "modified_at": "2019-01-07T15:21:01.973"}}, {"model": "gram_to_brand.grnorderproductmapping", "pk": 8, "fields": {"grn_order": 16, "product": 4, "po_product_quantity": 80, "po_product_price": 224.0, "already_grned_product": 0, "product_invoice_price": 220.0, "product_invoice_qty": 30, "manufacture_date": null, "expiry_date": null, "available_qty": 2144, "ordered_qty": 2, "delivered_qty": 30, "returned_qty": 0, "damaged_qty": 0, "last_modified_by": null, "created_at": "2019-01-06T19:37:27.790", "modified_at": "2019-01-07T15:21:01.776"}}, {"model": "gram_to_brand.grnorderproductmapping", "pk": 9, "fields": {"grn_order": 16, "product": 3, "po_product_quantity": 750, "po_product_price": 200.0, "already_grned_product": 0, "product_invoice_price": 190.0, "product_invoice_qty": 100, "manufacture_date": null, "expiry_date": null, "available_qty": 755, "ordered_qty": 2, "delivered_qty": 100, "returned_qty": 0, "damaged_qty": 0, "last_modified_by": null, "created_at": "2019-01-06T19:37:27.792", "modified_at": "2019-01-07T15:21:01.904"}}, {"model": "gram_to_brand.grnorderproductmapping", "pk": 10, "fields": {"grn_order": 17, "product": 1, "po_product_quantity": 4800, "po_product_price": 85.0, "already_grned_product": 0, "product_invoice_price": 290.0, "product_invoice_qty": 4800, "manufacture_date": "2019-01-07", "expiry_date": "2019-01-29", "available_qty": 0, "ordered_qty": 0, "delivered_qty": 4500, "returned_qty": 300, "damaged_qty": 0, "last_modified_by": null, "created_at": "2019-01-06T19:47:44.511", "modified_at": "2019-01-06T19:47:44.511"}}, {"model": "gram_to_brand.grnorderproductmapping", "pk": 11, "fields": {"grn_order": 18, "product": 2, "po_product_quantity": 480, "po_product_price": 180.0, "already_grned_product": 100, "product_invoice_price": 0.0, "product_invoice_qty": 200, "manufacture_date": null, "expiry_date": null, "available_qty": 7050, "ordered_qty": 4, "delivered_qty": 200, "returned_qty": 0, "damaged_qty": 0, "last_modified_by": null, "created_at": "2019-01-07T01:34:52.275", "modified_at": "2019-01-07T15:21:01.922"}}, {"model": "gram_to_brand.grnorderproductmapping", "pk": 12, "fields": {"grn_order": 18, "product": 4, "po_product_quantity": 80, "po_product_price": 224.0, "already_grned_product": 30, "product_invoice_price": 0.0, "product_invoice_qty": 20, "manufacture_date": null, "expiry_date": null, "available_qty": 2674, "ordered_qty": 2, "delivered_qty": 20, "returned_qty": 0, "damaged_qty": 0, "last_modified_by": null, "created_at": "2019-01-07T01:34:52.277", "modified_at": "2019-01-07T15:20:01.944"}}, {"model": "gram_to_brand.grnorderproductmapping", "pk": 13, "fields": {"grn_order": 19, "product": 1, "po_product_quantity": 4800, "po_product_price": 85.0, "already_grned_product": 0, "product_invoice_price": 100.0, "product_invoice_qty": 100, "manufacture_date": null, "expiry_date": null, "available_qty": 403, "ordered_qty": 12, "delivered_qty": 100, "returned_qty": 0, "damaged_qty": 0, "last_modified_by": null, "created_at": "2019-01-07T02:35:36.147", "modified_at": "2019-01-07T15:21:01.859"}}, {"model": "gram_to_brand.grnorderproductmapping", "pk": 14, "fields": {"grn_order": 19, "product": 2, "po_product_quantity": 960, "po_product_price": 180.0, "already_grned_product": 0, "product_invoice_price": 200.0, "product_invoice_qty": 100, "manufacture_date": null, "expiry_date": null, "available_qty": 7154, "ordered_qty": 2, "delivered_qty": 100, "returned_qty": 0, "damaged_qty": 0, "last_modified_by": null, "created_at": "2019-01-07T02:35:36.149", "modified_at": "2019-01-07T15:20:01.575"}}, {"model": "gram_to_brand.grnorderproductmapping", "pk": 15, "fields": {"grn_order": 20, "product": 2, "po_product_quantity": 480, "po_product_price": 180.0, "already_grned_product": 0, "product_invoice_price": 170.0, "product_invoice_qty": 10, "manufacture_date": null, "expiry_date": null, "available_qty": 391, "ordered_qty": 2, "delivered_qty": 10, "returned_qty": 0, "damaged_qty": 0, "last_modified_by": null, "created_at": "2019-01-07T11:16:04.793", "modified_at": "2019-01-07T15:20:01.732"}}, {"model": "gram_to_brand.grnorderproductmapping", "pk": 16, "fields": {"grn_order": 20, "product": 4, "po_product_quantity": 80, "po_product_price": 224.0, "already_grned_product": 0, "product_invoice_price": 210.0, "product_invoice_qty": 10, "manufacture_date": null, "expiry_date": null, "available_qty": 57, "ordered_qty": 0, "delivered_qty": 10, "returned_qty": 0, "damaged_qty": 0, "last_modified_by": null, "created_at": "2019-01-07T11:16:04.795", "modified_at": "2019-01-07T15:19:01.923"}}, {"model": "gram_to_brand.grnorderproductmapping", "pk": 17, "fields": {"grn_order": 20, "product": 3, "po_product_quantity": 750, "po_product_price": 200.0, "already_grned_product": 0, "product_invoice_price": 175.0, "product_invoice_qty": 10, "manufacture_date": null, "expiry_date": null, "available_qty": 282, "ordered_qty": 2, "delivered_qty": 10, "returned_qty": 0, "damaged_qty": 0, "last_modified_by": null, "created_at": "2019-01-07T11:16:04.796", "modified_at": "2019-01-07T15:21:01.808"}}, {"model": "gram_to_brand.grnorderproductmapping", "pk": 18, "fields": {"grn_order": 21, "product": 2, "po_product_quantity": 504, "po_product_price": 200.0, "already_grned_product": 0, "product_invoice_price": 0.0, "product_invoice_qty": 0, "manufacture_date": null, "expiry_date": null, "available_qty": 9, "ordered_qty": 0, "delivered_qty": 0, "returned_qty": 0, "damaged_qty": 0, "last_modified_by": null, "created_at": "2019-01-07T13:48:59.931", "modified_at": "2019-01-07T15:14:03.538"}}, {"model": "gram_to_brand.grnorderproductmapping", "pk": 19, "fields": {"grn_order": 21, "product": 4, "po_product_quantity": 40, "po_product_price": 400.0, "already_grned_product": 0, "product_invoice_price": 0.0, "product_invoice_qty": 0, "manufacture_date": null, "expiry_date": null, "available_qty": 9, "ordered_qty": 0, "delivered_qty": 0, "returned_qty": 0, "damaged_qty": 0, "last_modified_by": null, "created_at": "2019-01-07T13:48:59.933", "modified_at": "2019-01-07T15:14:03.470"}}, {"model": "gram_to_brand.grnorderproductmapping", "pk": 20, "fields": {"grn_order": 21, "product": 3, "po_product_quantity": 360, "po_product_price": 300.0, "already_grned_product": 0, "product_invoice_price": 0.0, "product_invoice_qty": 0, "manufacture_date": null, "expiry_date": null, "available_qty": 10, "ordered_qty": 0, "delivered_qty": 0, "returned_qty": 0, "damaged_qty": 0, "last_modified_by": null, "created_at": "2019-01-07T13:48:59.934", "modified_at": "2019-01-07T15:16:02.048"}}, {"model": "retailer_to_sp.cart", "pk": 1, "fields": {"order_id": "ADT/07/00001", "cart_status": null, "last_modified_by": null, "created_at": "2019-01-05T17:09:00.702", "modified_at": "2019-01-05T17:09:00.702"}}, {"model": "retailer_to_sp.cart", "pk": 2, "fields": {"order_id": "ADT/07/20000", "cart_status": "active", "last_modified_by": 4, "created_at": "2019-01-07T13:39:08.007", "modified_at": "2019-01-07T13:40:02.567"}}, {"model": "retailer_to_sp.cart", "pk": 3, "fields": {"order_id": "ADT/07/30000", "cart_status": "active", "last_modified_by": 1, "created_at": "2019-01-07T13:41:15.482", "modified_at": "2019-01-07T13:41:15.486"}}, {"model": "retailer_to_sp.order", "pk": 1, "fields": {"seller_shop": null, "buyer_shop": null, "ordered_cart": 1, "order_no": "ADT/07/00001", "billing_address": null, "shipping_address": null, "total_mrp": 0.0, "total_discount_amount": 0.0, "total_tax_amount": 0.0, "total_final_amount": 0.0, "order_status": "ordered_to_gram", "ordered_by": 3, "received_by": null, "last_modified_by": 3, "payment_mode": "", "reference_no": null, "payment_amount": 0.0, "payment_status": null, "created_at": "2019-01-05T17:09:00.711", "modified_at": "2019-01-05T17:09:00.713"}}, {"model": "retailer_to_gram.cart", "pk": 6, "fields": {"order_id": "ADT/PO/07/60000", "cart_status": "ordered", "last_modified_by": 1, "created_at": "2019-01-05T16:37:17.267", "modified_at": "2019-01-06T20:08:02.955"}}, {"model": "retailer_to_gram.cart", "pk": 7, "fields": {"order_id": "ADT/PO/07/70000", "cart_status": "ordered", "last_modified_by": 4, "created_at": "2019-01-05T17:18:56.858", "modified_at": "2019-01-06T19:58:52.230"}}, {"model": "retailer_to_gram.cart", "pk": 8, "fields": {"order_id": "ADT/PO/07/80000", "cart_status": "ordered", "last_modified_by": 7, "created_at": "2019-01-06T12:08:04.175", "modified_at": "2019-01-06T13:24:25.782"}}, {"model": "retailer_to_gram.cart", "pk": 9, "fields": {"order_id": "ADT/PO/07/90000", "cart_status": "ordered", "last_modified_by": 7, "created_at": "2019-01-06T13:25:17.442", "modified_at": "2019-01-06T13:28:11.811"}}, {"model": "retailer_to_gram.cart", "pk": 10, "fields": {"order_id": "ADT/PO/07/10000", "cart_status": "ordered", "last_modified_by": 7, "created_at": "2019-01-06T14:24:16.827", "modified_at": "2019-01-06T14:36:00.207"}}, {"model": "retailer_to_gram.cart", "pk": 11, "fields": {"order_id": "ADT/PO/07/11000", "cart_status": "ordered", "last_modified_by": 7, "created_at": "2019-01-06T14:43:02.736", "modified_at": "2019-01-06T14:43:23.240"}}, {"model": "retailer_to_gram.cart", "pk": 12, "fields": {"order_id": "ADT/PO/07/12000", "cart_status": "ordered", "last_modified_by": 7, "created_at": "2019-01-06T14:44:04.081", "modified_at": "2019-01-06T14:44:23.178"}}, {"model": "retailer_to_gram.cart", "pk": 13, "fields": {"order_id": "ADT/07/13000", "cart_status": "ordered", "last_modified_by": 7, "created_at": "2019-01-06T16:16:13.636", "modified_at": "2019-01-06T16:17:09.654"}}, {"model": "retailer_to_gram.cart", "pk": 14, "fields": {"order_id": "ADT/07/14000", "cart_status": "ordered", "last_modified_by": 7, "created_at": "2019-01-06T18:43:08.400", "modified_at": "2019-01-06T18:43:18.261"}}, {"model": "retailer_to_gram.cart", "pk": 15, "fields": {"order_id": "ADT/07/15000", "cart_status": "ordered", "last_modified_by": 7, "created_at": "2019-01-06T18:43:36.754", "modified_at": "2019-01-06T18:43:54.063"}}, {"model": "retailer_to_gram.cart", "pk": 16, "fields": {"order_id": "ADT/07/16000", "cart_status": "pending", "last_modified_by": 7, "created_at": "2019-01-06T19:13:44.247", "modified_at": "2019-01-07T15:21:01.946"}}, {"model": "retailer_to_gram.cart", "pk": 17, "fields": {"order_id": "ADT/07/17000", "cart_status": "pending", "last_modified_by": 1, "created_at": "2019-01-07T10:42:49.200", "modified_at": "2019-01-07T15:15:02.145"}}, {"model": "retailer_to_gram.cart", "pk": 18, "fields": {"order_id": "ADT/07/18000", "cart_status": "pending", "last_modified_by": 1, "created_at": "2019-01-07T10:45:12.892", "modified_at": "2019-01-07T15:20:01.913"}}, {"model": "retailer_to_gram.cart", "pk": 19, "fields": {"order_id": "ADT/07/19000", "cart_status": "pending", "last_modified_by": 4, "created_at": "2019-01-07T11:14:13.704", "modified_at": "2019-01-07T15:20:01.794"}}, {"model": "retailer_to_gram.cart", "pk": 20, "fields": {"order_id": "ADT/07/20000", "cart_status": "pending", "last_modified_by": 13, "created_at": "2019-01-07T11:57:25.431", "modified_at": "2019-01-07T15:20:01.669"}}, {"model": "retailer_to_gram.cart", "pk": 21, "fields": {"order_id": "ADT/07/21000", "cart_status": "pending", "last_modified_by": 13, "created_at": "2019-01-07T12:00:37.937", "modified_at": "2019-01-07T15:20:01.703"}}, {"model": "retailer_to_gram.cart", "pk": 22, "fields": {"order_id": "ADT/07/22000", "cart_status": "pending", "last_modified_by": 13, "created_at": "2019-01-07T12:01:33.448", "modified_at": "2019-01-07T15:21:01.979"}}, {"model": "retailer_to_gram.cart", "pk": 23, "fields": {"order_id": "ADT/07/23000", "cart_status": "pending", "last_modified_by": 4, "created_at": "2019-01-07T12:05:13.550", "modified_at": "2019-01-07T15:15:02.079"}}, {"model": "retailer_to_gram.cart", "pk": 24, "fields": {"order_id": "ADT/07/24000", "cart_status": "pending", "last_modified_by": 4, "created_at": "2019-01-07T12:07:39.116", "modified_at": "2019-01-07T15:20:02.122"}}, {"model": "retailer_to_gram.cart", "pk": 25, "fields": {"order_id": "ADT/07/25000", "cart_status": "pending", "last_modified_by": 11, "created_at": "2019-01-07T12:59:23.285", "modified_at": "2019-01-07T15:20:01.951"}}, {"model": "retailer_to_gram.order", "pk": 1, "fields": {"seller_shop": null, "buyer_shop": 9, "ordered_cart": 8, "order_no": "ADT/PO/07/80000", "billing_address": 12, "shipping_address": 10, "total_mrp": 4312.0, "total_discount_amount": 0.0, "total_tax_amount": 0.0, "total_final_amount": 4312.0, "order_status": "ordered", "ordered_by": null, "received_by": null, "last_modified_by": 7, "payment_mode": "", "reference_no": null, "payment_amount": 0.0, "payment_status": null, "created_at": "2019-01-06T13:24:25.792", "modified_at": "2019-01-06T13:24:25.797"}}, {"model": "retailer_to_gram.order", "pk": 2, "fields": {"seller_shop": null, "buyer_shop": 9, "ordered_cart": 9, "order_no": "ADT/PO/07/90000", "billing_address": 12, "shipping_address": 10, "total_mrp": 4312.0, "total_discount_amount": 0.0, "total_tax_amount": 0.0, "total_final_amount": 4312.0, "order_status": "ordered", "ordered_by": null, "received_by": null, "last_modified_by": 7, "payment_mode": "", "reference_no": null, "payment_amount": 0.0, "payment_status": null, "created_at": "2019-01-06T13:28:11.823", "modified_at": "2019-01-06T13:28:11.828"}}, {"model": "retailer_to_gram.order", "pk": 3, "fields": {"seller_shop": null, "buyer_shop": 9, "ordered_cart": 10, "order_no": "ADT/PO/07/10000", "billing_address": 12, "shipping_address": 10, "total_mrp": 3600.0, "total_discount_amount": 0.0, "total_tax_amount": 0.0, "total_final_amount": 3600.0, "order_status": "ordered", "ordered_by": null, "received_by": null, "last_modified_by": 7, "payment_mode": "", "reference_no": null, "payment_amount": 0.0, "payment_status": null, "created_at": "2019-01-06T14:28:30.510", "modified_at": "2019-01-06T14:28:30.514"}}, {"model": "retailer_to_gram.order", "pk": 4, "fields": {"seller_shop": null, "buyer_shop": 9, "ordered_cart": 11, "order_no": "ADT/PO/07/11000", "billing_address": 12, "shipping_address": 10, "total_mrp": 4312.0, "total_discount_amount": 0.0, "total_tax_amount": 0.0, "total_final_amount": 4312.0, "order_status": "ordered", "ordered_by": null, "received_by": null, "last_modified_by": 7, "payment_mode": "", "reference_no": null, "payment_amount": 0.0, "payment_status": null, "created_at": "2019-01-06T14:43:23.250", "modified_at": "2019-01-06T14:43:23.254"}}, {"model": "retailer_to_gram.order", "pk": 5, "fields": {"seller_shop": null, "buyer_shop": 9, "ordered_cart": 12, "order_no": "ADT/PO/07/12000", "billing_address": 12, "shipping_address": 10, "total_mrp": 712.0, "total_discount_amount": 0.0, "total_tax_amount": 0.0, "total_final_amount": 712.0, "order_status": "ordered", "ordered_by": null, "received_by": null, "last_modified_by": 7, "payment_mode": "", "reference_no": null, "payment_amount": 0.0, "payment_status": null, "created_at": "2019-01-06T14:44:23.190", "modified_at": "2019-01-06T14:44:23.194"}}, {"model": "retailer_to_gram.order", "pk": 6, "fields": {"seller_shop": null, "buyer_shop": 9, "ordered_cart": 13, "order_no": "ADT/07/13000", "billing_address": 12, "shipping_address": 10, "total_mrp": 3600.0, "total_discount_amount": 0.0, "total_tax_amount": 0.0, "total_final_amount": 3600.0, "order_status": "payment_done_approval_pending", "ordered_by": null, "received_by": null, "last_modified_by": 7, "payment_mode": "", "reference_no": null, "payment_amount": 0.0, "payment_status": null, "created_at": "2019-01-06T16:17:09.664", "modified_at": "2019-01-06T17:56:16.493"}}, {"model": "retailer_to_gram.order", "pk": 7, "fields": {"seller_shop": null, "buyer_shop": 9, "ordered_cart": 14, "order_no": "ADT/07/14000", "billing_address": 12, "shipping_address": 10, "total_mrp": 712.0, "total_discount_amount": 0.0, "total_tax_amount": 0.0, "total_final_amount": 712.0, "order_status": "payment_done_approval_pending", "ordered_by": null, "received_by": null, "last_modified_by": 7, "payment_mode": "", "reference_no": null, "payment_amount": 0.0, "payment_status": null, "created_at": "2019-01-06T18:43:18.270", "modified_at": "2019-01-06T18:43:18.827"}}, {"model": "retailer_to_gram.order", "pk": 8, "fields": {"seller_shop": null, "buyer_shop": 9, "ordered_cart": 15, "order_no": "ADT/07/15000", "billing_address": 12, "shipping_address": 10, "total_mrp": 3600.0, "total_discount_amount": 0.0, "total_tax_amount": 0.0, "total_final_amount": 3600.0, "order_status": "payment_done_approval_pending", "ordered_by": null, "received_by": null, "last_modified_by": 7, "payment_mode": "", "reference_no": null, "payment_amount": 0.0, "payment_status": null, "created_at": "2019-01-06T18:43:54.072", "modified_at": "2019-01-06T18:43:54.687"}}, {"model": "retailer_to_gram.order", "pk": 13, "fields": {"seller_shop": 1, "buyer_shop": 9, "ordered_cart": 16, "order_no": "ADT/07/16000", "billing_address": 12, "shipping_address": 10, "total_mrp": 712.0, "total_discount_amount": 0.0, "total_tax_amount": 0.0, "total_final_amount": 712.0, "order_status": "payment_done_approval_pending", "ordered_by": 7, "received_by": null, "last_modified_by": 7, "payment_mode": "", "reference_no": null, "payment_amount": 0.0, "payment_status": null, "created_at": "2019-01-07T11:55:13.140", "modified_at": "2019-01-07T11:55:13.687"}}, {"model": "retailer_to_gram.order", "pk": 14, "fields": {"seller_shop": 1, "buyer_shop": 15, "ordered_cart": 20, "order_no": "ADT/07/20000", "billing_address": 20, "shipping_address": 19, "total_mrp": 6352.0, "total_discount_amount": 0.0, "total_tax_amount": 0.0, "total_final_amount": 6352.0, "order_status": "payment_done_approval_pending", "ordered_by": 13, "received_by": null, "last_modified_by": 13, "payment_mode": "", "reference_no": null, "payment_amount": 0.0, "payment_status": null, "created_at": "2019-01-07T11:59:14.564", "modified_at": "2019-01-07T11:59:15.171"}}, {"model": "retailer_to_gram.order", "pk": 15, "fields": {"seller_shop": 1, "buyer_shop": 15, "ordered_cart": 21, "order_no": "ADT/07/21000", "billing_address": 20, "shipping_address": 19, "total_mrp": 6352.0, "total_discount_amount": 0.0, "total_tax_amount": 0.0, "total_final_amount": 6352.0, "order_status": "payment_done_approval_pending", "ordered_by": 13, "received_by": null, "last_modified_by": 13, "payment_mode": "", "reference_no": null, "payment_amount": 0.0, "payment_status": null, "created_at": "2019-01-07T12:00:52.665", "modified_at": "2019-01-07T12:00:53.184"}}, {"model": "retailer_to_gram.order", "pk": 16, "fields": {"seller_shop": 1, "buyer_shop": 14, "ordered_cart": 19, "order_no": "ADT/07/19000", "billing_address": 21, "shipping_address": 18, "total_mrp": 21600.0, "total_discount_amount": 0.0, "total_tax_amount": 0.0, "total_final_amount": 21600.0, "order_status": "payment_done_approval_pending", "ordered_by": 4, "received_by": null, "last_modified_by": 4, "payment_mode": "", "reference_no": null, "payment_amount": 0.0, "payment_status": null, "created_at": "2019-01-07T12:01:14.023", "modified_at": "2019-01-07T12:01:14.510"}}, {"model": "retailer_to_gram.order", "pk": 17, "fields": {"seller_shop": 1, "buyer_shop": 14, "ordered_cart": 23, "order_no": "ADT/07/23000", "billing_address": 21, "shipping_address": 18, "total_mrp": 48240.0, "total_discount_amount": 0.0, "total_tax_amount": 0.0, "total_final_amount": 48240.0, "order_status": "payment_done_approval_pending", "ordered_by": 4, "received_by": null, "last_modified_by": 4, "payment_mode": "", "reference_no": null, "payment_amount": 0.0, "payment_status": null, "created_at": "2019-01-07T12:06:04.075", "modified_at": "2019-01-07T12:06:04.542"}}, {"model": "retailer_to_gram.order", "pk": 18, "fields": {"seller_shop": 1, "buyer_shop": 13, "ordered_cart": 18, "order_no": "ADT/07/18000", "billing_address": 22, "shipping_address": 17, "total_mrp": 11280.0, "total_discount_amount": 0.0, "total_tax_amount": 0.0, "total_final_amount": 11280.0, "order_status": "payment_done_approval_pending", "ordered_by": 1, "received_by": null, "last_modified_by": 1, "payment_mode": "cash_on_delivery", "reference_no": null, "payment_amount": 0.0, "payment_status": "done", "created_at": "2019-01-07T12:07:33.901", "modified_at": "2019-01-07T13:33:15.224"}}, {"model": "account.emailaddress", "pk": 1, "fields": {"user": 7, "email": "prajapat.mayank@gmail.com", "verified": false, "primary": true}}, {"model": "account.emailaddress", "pk": 2, "fields": {"user": 8, "email": "dddd@gmail.com", "verified": false, "primary": true}}, {"model": "account.emailaddress", "pk": 3, "fields": {"user": 12, "email": "prakash@gmail.com", "verified": false, "primary": true}}, {"model": "account.emailaddress", "pk": 4, "fields": {"user": 13, "email": "harmek@gmail.com", "verified": false, "primary": true}}, {"model": "authtoken.token", "pk": "0d2fbb393c0ed0d93f5a567742fe232cf772df47", "fields": {"user": 5, "created": "2019-01-04T12:26:07.098"}}, {"model": "authtoken.token", "pk": "3f34b2ace0049b746e4f23c6b998631bce781f65", "fields": {"user": 9, "created": "2019-01-04T16:38:57.195"}}, {"model": "authtoken.token", "pk": "462fc7326845ba1b3d26fceccd207bbec61201e1", "fields": {"user": 13, "created": "2019-01-07T11:54:39.092"}}, {"model": "authtoken.token", "pk": "732f28a7868e6653c456444cf53fbc14d7d3b7ae", "fields": {"user": 1, "created": "2019-01-07T11:53:38.518"}}, {"model": "authtoken.token", "pk": "78c41270238334c6034ec0184d9dc83aa40d7206", "fields": {"user": 4, "created": "2019-01-07T13:38:35.104"}}, {"model": "authtoken.token", "pk": "8b7dd0343ef25e6561e0f6188eda7ebc72b2b82d", "fields": {"user": 8, "created": "2019-01-04T16:29:00.248"}}, {"model": "authtoken.token", "pk": "af3323e74bc10e424cbbee2fd48de12b8c95b620", "fields": {"user": 3, "created": "2019-01-04T12:15:30.567"}}, {"model": "authtoken.token", "pk": "d139045418ba321b1e579012a4d885d95dea4851", "fields": {"user": 7, "created": "2019-01-04T16:25:35.688"}}, {"model": "authtoken.token", "pk": "d1a1d1d05d009d021ec491365e7b10b730d4f6aa", "fields": {"user": 12, "created": "2019-01-06T23:35:07.932"}}, {"model": "authtoken.token", "pk": "e020fa701356725dfb1a24e0a4843fa6169e7b58", "fields": {"user": 14, "created": "2019-01-07T12:13:19.091"}}, {"model": "authtoken.token", "pk": "ec257e4e6f97ce8eb97251689305b5dd96b5e2d4", "fields": {"user": 11, "created": "2019-01-06T21:09:52.386"}}, {"model": "admin.logentry", "pk": 1, "fields": {"action_time": "2019-01-04T12:11:33.951", "user": 1, "content_type": 13, "object_id": "2", "object_repr": "7006440794", "action_flag": 1, "change_message": "[{\"added\": {}}]"}}, {"model": "admin.logentry", "pk": 2, "fields": {"action_time": "2019-01-04T12:12:49.510", "user": 1, "content_type": 13, "object_id": "2", "object_repr": "7006440794", "action_flag": 2, "change_message": "[{\"changed\": {\"fields\": [\"is_superuser\"]}}]"}}, {"model": "admin.logentry", "pk": 3, "fields": {"action_time": "2019-01-04T12:16:06.157", "user": 1, "content_type": 13, "object_id": "2", "object_repr": "7006440794", "action_flag": 2, "change_message": "[{\"changed\": {\"fields\": [\"is_staff\"]}}]"}}, {"model": "admin.logentry", "pk": 5, "fields": {"action_time": "2019-01-04T12:17:38.321", "user": 1, "content_type": 13, "object_id": "2", "object_repr": "7006440794", "action_flag": 3, "change_message": ""}}, {"model": "admin.logentry", "pk": 6, "fields": {"action_time": "2019-01-04T12:18:16.196", "user": 1, "content_type": 13, "object_id": "4", "object_repr": "7006440794", "action_flag": 1, "change_message": "[{\"added\": {}}]"}}, {"model": "admin.logentry", "pk": 7, "fields": {"action_time": "2019-01-04T12:19:24.474", "user": 1, "content_type": 13, "object_id": "4", "object_repr": "7006440794", "action_flag": 2, "change_message": "[{\"changed\": {\"fields\": [\"is_staff\", \"is_superuser\"]}}]"}}, {"model": "admin.logentry", "pk": 8, "fields": {"action_time": "2019-01-04T12:22:29.630", "user": 4, "content_type": 20, "object_id": "1", "object_repr": "Haryana", "action_flag": 1, "change_message": "[{\"added\": {}}]"}}, {"model": "admin.logentry", "pk": 9, "fields": {"action_time": "2019-01-04T12:22:53.404", "user": 4, "content_type": 20, "object_id": "2", "object_repr": "Uttar Pradesh", "action_flag": 1, "change_message": "[{\"added\": {}}]"}}, {"model": "admin.logentry", "pk": 10, "fields": {"action_time": "2019-01-04T12:23:12.357", "user": 4, "content_type": 20, "object_id": "3", "object_repr": "New Delhi", "action_flag": 1, "change_message": "[{\"added\": {}}]"}}, {"model": "admin.logentry", "pk": 11, "fields": {"action_time": "2019-01-04T12:26:07.129", "user": 1, "content_type": 13, "object_id": "5", "object_repr": "7607846774", "action_flag": 1, "change_message": "[{\"added\": {}}]"}}, {"model": "admin.logentry", "pk": 12, "fields": {"action_time": "2019-01-04T12:27:20.246", "user": 4, "content_type": 21, "object_id": "1", "object_repr": "Gurgaon", "action_flag": 1, "change_message": "[{\"added\": {}}]"}}, {"model": "admin.logentry", "pk": 13, "fields": {"action_time": "2019-01-04T12:27:33.190", "user": 1, "content_type": 13, "object_id": "6", "object_repr": "8567075678", "action_flag": 1, "change_message": "[{\"added\": {}}]"}}, {"model": "admin.logentry", "pk": 14, "fields": {"action_time": "2019-01-04T12:29:12.676", "user": 4, "content_type": 21, "object_id": "2", "object_repr": "Sonipat", "action_flag": 1, "change_message": "[{\"added\": {}}]"}}, {"model": "admin.logentry", "pk": 15, "fields": {"action_time": "2019-01-04T12:32:33.371", "user": 4, "content_type": 21, "object_id": "3", "object_repr": "Rohtak", "action_flag": 1, "change_message": "[{\"added\": {}}]"}}, {"model": "admin.logentry", "pk": 16, "fields": {"action_time": "2019-01-04T12:33:28.993", "user": 4, "content_type": 21, "object_id": "4", "object_repr": "Noida", "action_flag": 1, "change_message": "[{\"added\": {}}]"}}, {"model": "admin.logentry", "pk": 17, "fields": {"action_time": "2019-01-04T12:34:05.224", "user": 4, "content_type": 21, "object_id": "5", "object_repr": "Greater Noida", "action_flag": 1, "change_message": "[{\"added\": {}}]"}}, {"model": "admin.logentry", "pk": 18, "fields": {"action_time": "2019-01-04T12:37:25.783", "user": 4, "content_type": 21, "object_id": "6", "object_repr": "Karol Bagh", "action_flag": 1, "change_message": "[{\"added\": {}}]"}}, {"model": "admin.logentry", "pk": 19, "fields": {"action_time": "2019-01-04T12:37:51.602", "user": 4, "content_type": 21, "object_id": "7", "object_repr": "Dwarka", "action_flag": 1, "change_message": "[{\"added\": {}}]"}}, {"model": "admin.logentry", "pk": 20, "fields": {"action_time": "2019-01-04T12:40:06.697", "user": 4, "content_type": 53, "object_id": "1", "object_repr": "Fortune", "action_flag": 1, "change_message": "[{\"added\": {}}]"}}, {"model": "admin.logentry", "pk": 21, "fields": {"action_time": "2019-01-04T12:40:47.611", "user": 4, "content_type": 53, "object_id": "2", "object_repr": "Pepsi", "action_flag": 1, "change_message": "[{\"added\": {}}]"}}, {"model": "admin.logentry", "pk": 22, "fields": {"action_time": "2019-01-04T12:41:44.700", "user": 4, "content_type": 53, "object_id": "3", "object_repr": "Bounty", "action_flag": 1, "change_message": "[{\"added\": {}}]"}}, {"model": "admin.logentry", "pk": 23, "fields": {"action_time": "2019-01-04T12:42:56.917", "user": 4, "content_type": 56, "object_id": "1", "object_repr": "banner_78.png", "action_flag": 1, "change_message": "[{\"added\": {}}]"}}, {"model": "admin.logentry", "pk": 24, "fields": {"action_time": "2019-01-04T12:43:25.680", "user": 4, "content_type": 58, "object_id": "1", "object_repr": "Home", "action_flag": 1, "change_message": "[{\"added\": {}}]"}}, {"model": "admin.logentry", "pk": 25, "fields": {"action_time": "2019-01-04T12:43:30.902", "user": 4, "content_type": 57, "object_id": "1", "object_repr": "Home->homepage-slot1", "action_flag": 1, "change_message": "[{\"added\": {}}]"}}, {"model": "admin.logentry", "pk": 26, "fields": {"action_time": "2019-01-04T12:43:53.683", "user": 4, "content_type": 57, "object_id": "1", "object_repr": "Home->homepage-slot1", "action_flag": 2, "change_message": "[]"}}, {"model": "admin.logentry", "pk": 27, "fields": {"action_time": "2019-01-04T12:44:22.719", "user": 4, "content_type": 54, "object_id": "1", "object_repr": "Home-homepage-slot1", "action_flag": 1, "change_message": "[{\"added\": {}}, {\"added\": {\"object\": \"Marico\", \"name\": \"banner data\"}}]"}}, {"model": "admin.logentry", "pk": 28, "fields": {"action_time": "2019-01-04T12:50:39.942", "user": 4, "content_type": 53, "object_id": "4", "object_repr": "pamperr", "action_flag": 1, "change_message": "[{\"added\": {}}]"}}, {"model": "admin.logentry", "pk": 29, "fields": {"action_time": "2019-01-04T12:50:48.500", "user": 1, "content_type": 17, "object_id": "1", "object_repr": "Home & Kitchen", "action_flag": 1, "change_message": "[{\"added\": {}}]"}}, {"model": "admin.logentry", "pk": 30, "fields": {"action_time": "2019-01-04T12:51:42.350", "user": 4, "content_type": 53, "object_id": "5", "object_repr": "oral B", "action_flag": 1, "change_message": "[{\"added\": {}}]"}}, {"model": "admin.logentry", "pk": 31, "fields": {"action_time": "2019-01-04T12:51:49.836", "user": 1, "content_type": 17, "object_id": "2", "object_repr": "Beverages", "action_flag": 1, "change_message": "[{\"added\": {}}]"}}, {"model": "admin.logentry", "pk": 32, "fields": {"action_time": "2019-01-04T12:52:28.678", "user": 4, "content_type": 53, "object_id": "4", "object_repr": "Pamperr", "action_flag": 2, "change_message": "[{\"changed\": {\"fields\": [\"brand_name\"]}}]"}}, {"model": "admin.logentry", "pk": 33, "fields": {"action_time": "2019-01-04T12:52:37.159", "user": 4, "content_type": 53, "object_id": "5", "object_repr": "Oral B", "action_flag": 2, "change_message": "[{\"changed\": {\"fields\": [\"brand_name\"]}}]"}}, {"model": "admin.logentry", "pk": 34, "fields": {"action_time": "2019-01-04T12:52:44.560", "user": 1, "content_type": 17, "object_id": "3", "object_repr": "Personal Care", "action_flag": 1, "change_message": "[{\"added\": {}}]"}}, {"model": "admin.logentry", "pk": 35, "fields": {"action_time": "2019-01-04T12:53:08.974", "user": 4, "content_type": 53, "object_id": "6", "object_repr": "Heinz", "action_flag": 1, "change_message": "[{\"added\": {}}]"}}, {"model": "admin.logentry", "pk": 36, "fields": {"action_time": "2019-01-04T12:53:31.674", "user": 1, "content_type": 17, "object_id": "4", "object_repr": "Baby Care", "action_flag": 1, "change_message": "[{\"added\": {}}]"}}, {"model": "admin.logentry", "pk": 37, "fields": {"action_time": "2019-01-04T12:53:44.561", "user": 4, "content_type": 53, "object_id": "7", "object_repr": "Sunfeast", "action_flag": 1, "change_message": "[{\"added\": {}}]"}}, {"model": "admin.logentry", "pk": 38, "fields": {"action_time": "2019-01-04T12:55:27.797", "user": 1, "content_type": 17, "object_id": "5", "object_repr": "Health Care", "action_flag": 1, "change_message": "[{\"added\": {}}]"}}, {"model": "admin.logentry", "pk": 39, "fields": {"action_time": "2019-01-04T12:56:57.437", "user": 4, "content_type": 53, "object_id": "8", "object_repr": "Gillette", "action_flag": 1, "change_message": "[{\"added\": {}}]"}}, {"model": "admin.logentry", "pk": 40, "fields": {"action_time": "2019-01-04T12:57:32.823", "user": 4, "content_type": 53, "object_id": "9", "object_repr": "Fresh Express", "action_flag": 1, "change_message": "[{\"added\": {}}]"}}, {"model": "admin.logentry", "pk": 41, "fields": {"action_time": "2019-01-04T12:58:13.332", "user": 4, "content_type": 53, "object_id": "10", "object_repr": "Ariel", "action_flag": 1, "change_message": "[{\"added\": {}}]"}}, {"model": "admin.logentry", "pk": 42, "fields": {"action_time": "2019-01-04T12:59:48.043", "user": 4, "content_type": 56, "object_id": "2", "object_repr": "banner_I6.png", "action_flag": 1, "change_message": "[{\"added\": {}}]"}}, {"model": "admin.logentry", "pk": 43, "fields": {"action_time": "2019-01-04T13:00:27.672", "user": 4, "content_type": 56, "object_id": "3", "object_repr": "banner_56.png", "action_flag": 1, "change_message": "[{\"added\": {}}]"}}, {"model": "admin.logentry", "pk": 44, "fields": {"action_time": "2019-01-04T13:01:06.984", "user": 4, "content_type": 56, "object_id": "4", "object_repr": "banner_60.png", "action_flag": 1, "change_message": "[{\"added\": {}}]"}}, {"model": "admin.logentry", "pk": 45, "fields": {"action_time": "2019-01-04T13:01:44.789", "user": 4, "content_type": 56, "object_id": "5", "object_repr": "banner_24.png", "action_flag": 1, "change_message": "[{\"added\": {}}]"}}, {"model": "admin.logentry", "pk": 46, "fields": {"action_time": "2019-01-04T13:02:25.519", "user": 4, "content_type": 56, "object_id": "6", "object_repr": "banner_37.png", "action_flag": 1, "change_message": "[{\"added\": {}}]"}}, {"model": "admin.logentry", "pk": 47, "fields": {"action_time": "2019-01-04T13:02:38.173", "user": 1, "content_type": 50, "object_id": "1", "object_repr": "Varun", "action_flag": 1, "change_message": "[{\"added\": {}}]"}}, {"model": "admin.logentry", "pk": 48, "fields": {"action_time": "2019-01-04T13:02:57.676", "user": 4, "content_type": 54, "object_id": "1", "object_repr": "Home-homepage-slot1", "action_flag": 2, "change_message": "[{\"added\": {\"object\": \"Goldee\", \"name\": \"banner data\"}}, {\"added\": {\"object\": \"GramFactory\", \"name\": \"banner data\"}}, {\"added\": {\"object\": \"lyzol\", \"name\": \"banner data\"}}, {\"added\": {\"object\": \"snacks\", \"name\": \"banner data\"}}, {\"added\": {\"object\": \"cream\", \"name\": \"banner data\"}}]"}}, {"model": "admin.logentry", "pk": 49, "fields": {"action_time": "2019-01-04T13:04:21.550", "user": 4, "content_type": 54, "object_id": "1", "object_repr": "Home-homepage-slot1", "action_flag": 2, "change_message": "[]"}}, {"model": "admin.logentry", "pk": 50, "fields": {"action_time": "2019-01-04T13:05:53.683", "user": 1, "content_type": 50, "object_id": "2", "object_repr": "HINDUSTAN COCA-COLA BEVERAGES PVT LTD", "action_flag": 1, "change_message": "[{\"added\": {}}]"}}, {"model": "admin.logentry", "pk": 51, "fields": {"action_time": "2019-01-04T13:07:39.887", "user": 4, "content_type": 17, "object_id": "2", "object_repr": "Beverages", "action_flag": 2, "change_message": "[{\"changed\": {\"fields\": [\"category_image\"]}}]"}}, {"model": "admin.logentry", "pk": 52, "fields": {"action_time": "2019-01-04T13:07:43.487", "user": 1, "content_type": 50, "object_id": "3", "object_repr": "Atul", "action_flag": 1, "change_message": "[{\"added\": {}}]"}}, {"model": "admin.logentry", "pk": 53, "fields": {"action_time": "2019-01-04T13:09:12.808", "user": 4, "content_type": 49, "object_id": "1", "object_repr": "Retailer", "action_flag": 1, "change_message": "[{\"added\": {}}]"}}, {"model": "admin.logentry", "pk": 54, "fields": {"action_time": "2019-01-04T13:13:30.672", "user": 1, "content_type": 34, "object_id": "1", "object_repr": "SGST-9", "action_flag": 1, "change_message": "[{\"added\": {}}]"}}, {"model": "admin.logentry", "pk": 55, "fields": {"action_time": "2019-01-04T13:14:01.047", "user": 1, "content_type": 34, "object_id": "2", "object_repr": "CGST-9", "action_flag": 1, "change_message": "[{\"added\": {}}]"}}, {"model": "admin.logentry", "pk": 56, "fields": {"action_time": "2019-01-04T13:14:27.376", "user": 1, "content_type": 34, "object_id": "3", "object_repr": "IGST - 5", "action_flag": 1, "change_message": "[{\"added\": {}}]"}}, {"model": "admin.logentry", "pk": 57, "fields": {"action_time": "2019-01-04T13:14:43.201", "user": 1, "content_type": 35, "object_id": "1", "object_repr": "Pepsi soft drink", "action_flag": 1, "change_message": "[{\"added\": {}}, {\"added\": {\"object\": \"ProductCategory object (1)\", \"name\": \"product category\"}}, {\"added\": {\"object\": \"ProductImage object (1)\", \"name\": \"product image\"}}, {\"added\": {\"object\": \"ProductTaxMapping object (1)\", \"name\": \"product tax mapping\"}}, {\"added\": {\"object\": \"ProductTaxMapping object (2)\", \"name\": \"product tax mapping\"}}]"}}, {"model": "admin.logentry", "pk": 58, "fields": {"action_time": "2019-01-04T13:17:55.474", "user": 1, "content_type": 49, "object_id": "2", "object_repr": "Super Retailer", "action_flag": 1, "change_message": "[{\"added\": {}}]"}}, {"model": "admin.logentry", "pk": 59, "fields": {"action_time": "2019-01-04T13:18:04.290", "user": 1, "content_type": 49, "object_id": "3", "object_repr": "Gram Factory", "action_flag": 1, "change_message": "[{\"added\": {}}]"}}, {"model": "admin.logentry", "pk": 60, "fields": {"action_time": "2019-01-04T13:18:13.113", "user": 1, "content_type": 49, "object_id": "4", "object_repr": "Service Partner", "action_flag": 1, "change_message": "[{\"added\": {}}]"}}, {"model": "admin.logentry", "pk": 61, "fields": {"action_time": "2019-01-04T13:26:53.315", "user": 1, "content_type": 45, "object_id": "1", "object_repr": "Gramfactory - Gram Factory", "action_flag": 1, "change_message": "[{\"added\": {}}, {\"added\": {\"object\": \"sector 13,Noida\", \"name\": \"address\"}}, {\"added\": {\"object\": \"sector 11,Noida\", \"name\": \"address\"}}]"}}, {"model": "admin.logentry", "pk": 62, "fields": {"action_time": "2019-01-04T13:27:26.816", "user": 1, "content_type": 50, "object_id": "1", "object_repr": "Varun", "action_flag": 2, "change_message": "[{\"added\": {\"object\": \"Varun\", \"name\": \"product vendor mapping\"}}]"}}, {"model": "admin.logentry", "pk": 63, "fields": {"action_time": "2019-01-04T13:27:38.814", "user": 4, "content_type": 45, "object_id": "2", "object_repr": "GF Shipping - Gram Factory", "action_flag": 1, "change_message": "[{\"added\": {}}, {\"added\": {\"object\": \"7845896 - https://gramfactorymedia.s3.amazonaws.com/media/shop_photos/shop_name/documents/super-bamati-rice.png\", \"name\": \"shop document\"}}, {\"added\": {\"object\": \"Sector 17,Gurgaon\", \"name\": \"address\"}}]"}}, {"model": "admin.logentry", "pk": 64, "fields": {"action_time": "2019-01-04T13:27:49.881", "user": 4, "content_type": 45, "object_id": "2", "object_repr": "GF Shipping - Gram Factory", "action_flag": 2, "change_message": "[{\"changed\": {\"fields\": [\"status\"]}}]"}}, {"model": "admin.logentry", "pk": 65, "fields": {"action_time": "2019-01-04T13:27:57.076", "user": 1, "content_type": 37, "object_id": "1", "object_repr": "Varun", "action_flag": 2, "change_message": "[]"}}, {"model": "admin.logentry", "pk": 66, "fields": {"action_time": "2019-01-04T13:28:53.158", "user": 1, "content_type": 69, "object_id": "1", "object_repr": "Cart object (1)", "action_flag": 1, "change_message": "[{\"added\": {}}, {\"added\": {\"object\": \"Pepsi soft drink\", \"name\": \"Select Product\"}}]"}}, {"model": "admin.logentry", "pk": 67, "fields": {"action_time": "2019-01-04T13:29:11.805", "user": 4, "content_type": 45, "object_id": "3", "object_repr": "GF Billing - Gram Factory", "action_flag": 1, "change_message": "[{\"added\": {}}, {\"added\": {\"object\": \"123433 - https://gramfactorymedia.s3.amazonaws.com/media/shop_photos/shop_name/documents/super-bamati-rice.png\", \"name\": \"shop document\"}}, {\"added\": {\"object\": \"Sector 13,Gurgaon\", \"name\": \"address\"}}, {\"added\": {\"object\": \"sector 53,Gurgaon\", \"name\": \"address\"}}]"}}, {"model": "admin.logentry", "pk": 68, "fields": {"action_time": "2019-01-04T13:29:18.428", "user": 4, "content_type": 45, "object_id": "3", "object_repr": "GF Billing - Gram Factory", "action_flag": 2, "change_message": "[{\"changed\": {\"fields\": [\"status\"]}}]"}}, {"model": "admin.logentry", "pk": 69, "fields": {"action_time": "2019-01-04T13:30:53.220", "user": 1, "content_type": 71, "object_id": "1", "object_repr": "18-19/1", "action_flag": 1, "change_message": "[{\"added\": {}}, {\"added\": {\"object\": \"GRNOrderProductMapping object (None)\", \"name\": \"grn order product mapping\"}}]"}}, {"model": "admin.logentry", "pk": 70, "fields": {"action_time": "2019-01-04T13:34:35.139", "user": 3, "content_type": 71, "object_id": "2", "object_repr": "18-19/2", "action_flag": 1, "change_message": "[{\"added\": {}}, {\"added\": {\"object\": \"GRNOrderProductMapping object (None)\", \"name\": \"grn order product mapping\"}}]"}}, {"model": "admin.logentry", "pk": 71, "fields": {"action_time": "2019-01-04T13:36:52.853", "user": 1, "content_type": 26, "object_id": "1", "object_repr": "Black", "action_flag": 1, "change_message": "[{\"added\": {}}]"}}, {"model": "admin.logentry", "pk": 72, "fields": {"action_time": "2019-01-04T13:37:03.271", "user": 1, "content_type": 26, "object_id": "2", "object_repr": "Blue", "action_flag": 1, "change_message": "[{\"added\": {}}]"}}, {"model": "admin.logentry", "pk": 73, "fields": {"action_time": "2019-01-04T13:37:15.053", "user": 1, "content_type": 26, "object_id": "3", "object_repr": "Green", "action_flag": 1, "change_message": "[{\"added\": {}}]"}}, {"model": "admin.logentry", "pk": 74, "fields": {"action_time": "2019-01-04T13:37:26.169", "user": 1, "content_type": 26, "object_id": "4", "object_repr": "White", "action_flag": 1, "change_message": "[{\"added\": {}}]"}}, {"model": "admin.logentry", "pk": 75, "fields": {"action_time": "2019-01-04T13:37:38.479", "user": 1, "content_type": 26, "object_id": "5", "object_repr": "Red", "action_flag": 1, "change_message": "[{\"added\": {}}]"}}, {"model": "admin.logentry", "pk": 76, "fields": {"action_time": "2019-01-04T13:38:18.928", "user": 1, "content_type": 33, "object_id": "1", "object_repr": "chocolate", "action_flag": 1, "change_message": "[{\"added\": {}}]"}}, {"model": "admin.logentry", "pk": 77, "fields": {"action_time": "2019-01-04T13:39:16.267", "user": 1, "content_type": 40, "object_id": "1", "object_repr": "100-mm", "action_flag": 1, "change_message": "[{\"added\": {}}]"}}, {"model": "admin.logentry", "pk": 78, "fields": {"action_time": "2019-01-04T13:39:28.218", "user": 1, "content_type": 40, "object_id": "2", "object_repr": "1000-mm", "action_flag": 1, "change_message": "[{\"added\": {}}]"}}, {"model": "admin.logentry", "pk": 79, "fields": {"action_time": "2019-01-04T13:41:49.673", "user": 1, "content_type": 41, "object_id": "1", "object_repr": "ProductPrice object (1)", "action_flag": 1, "change_message": "[{\"added\": {}}]"}}, {"model": "admin.logentry", "pk": 80, "fields": {"action_time": "2019-01-04T13:42:15.063", "user": 1, "content_type": 41, "object_id": "1", "object_repr": "ProductPrice object (1)", "action_flag": 2, "change_message": "[{\"changed\": {\"fields\": [\"mrp\"]}}]"}}, {"model": "admin.logentry", "pk": 81, "fields": {"action_time": "2019-01-04T13:42:39.792", "user": 1, "content_type": 28, "object_id": "1", "object_repr": "100-mm", "action_flag": 1, "change_message": "[{\"added\": {}}]"}}, {"model": "admin.logentry", "pk": 82, "fields": {"action_time": "2019-01-04T13:43:06.726", "user": 1, "content_type": 43, "object_id": "1", "object_repr": "1-kg", "action_flag": 1, "change_message": "[{\"added\": {}}]"}}, {"model": "admin.logentry", "pk": 83, "fields": {"action_time": "2019-01-04T13:43:17.291", "user": 1, "content_type": 43, "object_id": "2", "object_repr": "10-kg", "action_flag": 1, "change_message": "[{\"added\": {}}]"}}, {"model": "admin.logentry", "pk": 84, "fields": {"action_time": "2019-01-04T13:44:55.963", "user": 4, "content_type": 26, "object_id": "6", "object_repr": "White", "action_flag": 1, "change_message": "[{\"added\": {}}]"}}, {"model": "admin.logentry", "pk": 85, "fields": {"action_time": "2019-01-04T13:44:57.068", "user": 1, "content_type": 31, "object_id": "1", "object_repr": "Choclate", "action_flag": 1, "change_message": "[{\"added\": {}}]"}}, {"model": "admin.logentry", "pk": 86, "fields": {"action_time": "2019-01-04T13:45:11.447", "user": 1, "content_type": 31, "object_id": "1", "object_repr": "Chocolate", "action_flag": 2, "change_message": "[{\"changed\": {\"fields\": [\"fragrance_name\"]}}]"}}, {"model": "admin.logentry", "pk": 87, "fields": {"action_time": "2019-01-04T13:45:34.739", "user": 4, "content_type": 19, "object_id": "6", "object_repr": "sector12,Gurgaon", "action_flag": 1, "change_message": "[{\"added\": {}}]"}}, {"model": "admin.logentry", "pk": 88, "fields": {"action_time": "2019-01-04T13:47:54.291", "user": 4, "content_type": 43, "object_id": "3", "object_repr": "5-kg", "action_flag": 1, "change_message": "[{\"added\": {}}]"}}, {"model": "admin.logentry", "pk": 89, "fields": {"action_time": "2019-01-04T13:48:00.997", "user": 4, "content_type": 43, "object_id": "4", "object_repr": "20-kg", "action_flag": 1, "change_message": "[{\"added\": {}}]"}}, {"model": "admin.logentry", "pk": 90, "fields": {"action_time": "2019-01-04T13:48:36.215", "user": 4, "content_type": 33, "object_id": "2", "object_repr": "Straberry", "action_flag": 1, "change_message": "[{\"added\": {}}]"}}, {"model": "admin.logentry", "pk": 91, "fields": {"action_time": "2019-01-04T13:49:13.295", "user": 4, "content_type": 35, "object_id": "2", "object_repr": "Fortune soya chunks", "action_flag": 1, "change_message": "[{\"added\": {}}, {\"added\": {\"name\": \"product category\", \"object\": \"ProductCategory object (2)\"}}, {\"added\": {\"name\": \"product option\", \"object\": \"ProductOption object (1)\"}}, {\"added\": {\"name\": \"product image\", \"object\": \"ProductImage object (2)\"}}, {\"added\": {\"name\": \"product tax mapping\", \"object\": \"ProductTaxMapping object (3)\"}}, {\"added\": {\"name\": \"product tax mapping\", \"object\": \"ProductTaxMapping object (4)\"}}]"}}, {"model": "admin.logentry", "pk": 92, "fields": {"action_time": "2019-01-04T13:51:18.620", "user": 4, "content_type": 28, "object_id": "2", "object_repr": "50-mm", "action_flag": 1, "change_message": "[{\"added\": {}}]"}}, {"model": "admin.logentry", "pk": 93, "fields": {"action_time": "2019-01-04T13:54:40.424", "user": 4, "content_type": 35, "object_id": "3", "object_repr": "Fortune Basmati Rice", "action_flag": 1, "change_message": "[{\"added\": {}}, {\"added\": {\"name\": \"product category\", \"object\": \"ProductCategory object (3)\"}}, {\"added\": {\"name\": \"product category\", \"object\": \"ProductCategory object (4)\"}}, {\"added\": {\"name\": \"product option\", \"object\": \"ProductOption object (2)\"}}, {\"added\": {\"name\": \"product image\", \"object\": \"ProductImage object (3)\"}}]"}}, {"model": "admin.logentry", "pk": 94, "fields": {"action_time": "2019-01-04T14:09:57.786", "user": 4, "content_type": 58, "object_id": "1", "object_repr": "HomePage", "action_flag": 2, "change_message": "[{\"changed\": {\"fields\": [\"name\"]}}]"}}, {"model": "admin.logentry", "pk": 95, "fields": {"action_time": "2019-01-04T14:11:51.049", "user": 4, "content_type": 52, "object_id": "1", "object_repr": "HomePage", "action_flag": 1, "change_message": "[{\"added\": {}}, {\"added\": {\"object\": \"HomePage\", \"name\": \"brand data\"}}, {\"added\": {\"object\": \"HomePage\", \"name\": \"brand data\"}}, {\"added\": {\"object\": \"HomePage\", \"name\": \"brand data\"}}, {\"added\": {\"object\": \"HomePage\", \"name\": \"brand data\"}}, {\"added\": {\"object\": \"HomePage\", \"name\": \"brand data\"}}, {\"added\": {\"object\": \"HomePage\", \"name\": \"brand data\"}}, {\"added\": {\"object\": \"HomePage\", \"name\": \"brand data\"}}, {\"added\": {\"object\": \"HomePage\", \"name\": \"brand data\"}}, {\"added\": {\"object\": \"HomePage\", \"name\": \"brand data\"}}, {\"added\": {\"object\": \"HomePage\", \"name\": \"brand data\"}}]"}}, {"model": "admin.logentry", "pk": 96, "fields": {"action_time": "2019-01-04T14:13:24.108", "user": 4, "content_type": 18, "object_id": "1", "object_repr": "home-category", "action_flag": 1, "change_message": "[{\"added\": {}}, {\"added\": {\"object\": \"home-category\", \"name\": \"category data\"}}, {\"added\": {\"object\": \"home-category\", \"name\": \"category data\"}}, {\"added\": {\"object\": \"home-category\", \"name\": \"category data\"}}, {\"added\": {\"object\": \"home-category\", \"name\": \"category data\"}}, {\"added\": {\"object\": \"home-category\", \"name\": \"category data\"}}]"}}, {"model": "admin.logentry", "pk": 97, "fields": {"action_time": "2019-01-04T14:18:08.618", "user": 1, "content_type": 17, "object_id": "5", "object_repr": "Health Care", "action_flag": 2, "change_message": "[{\"changed\": {\"fields\": [\"category_image\"]}}]"}}, {"model": "admin.logentry", "pk": 98, "fields": {"action_time": "2019-01-04T14:19:04.375", "user": 1, "content_type": 17, "object_id": "4", "object_repr": "Baby Care", "action_flag": 2, "change_message": "[{\"changed\": {\"fields\": [\"category_image\"]}}]"}}, {"model": "admin.logentry", "pk": 99, "fields": {"action_time": "2019-01-04T14:19:47.217", "user": 1, "content_type": 17, "object_id": "3", "object_repr": "Personal Care", "action_flag": 2, "change_message": "[{\"changed\": {\"fields\": [\"category_image\"]}}]"}}, {"model": "admin.logentry", "pk": 100, "fields": {"action_time": "2019-01-04T14:20:40.602", "user": 1, "content_type": 17, "object_id": "2", "object_repr": "Beverages", "action_flag": 2, "change_message": "[]"}}, {"model": "admin.logentry", "pk": 101, "fields": {"action_time": "2019-01-04T14:21:32.513", "user": 1, "content_type": 17, "object_id": "1", "object_repr": "Home & Kitchen", "action_flag": 2, "change_message": "[{\"changed\": {\"fields\": [\"category_image\"]}}]"}}, {"model": "admin.logentry", "pk": 102, "fields": {"action_time": "2019-01-04T14:22:00.398", "user": 1, "content_type": 18, "object_id": "1", "object_repr": "home-category", "action_flag": 2, "change_message": "[]"}}, {"model": "admin.logentry", "pk": 103, "fields": {"action_time": "2019-01-04T14:27:28.116", "user": 4, "content_type": 71, "object_id": "3", "object_repr": "18-19/3", "action_flag": 1, "change_message": "[{\"added\": {}}, {\"added\": {\"object\": \"GRNOrderProductMapping object (None)\", \"name\": \"grn order product mapping\"}}]"}}, {"model": "admin.logentry", "pk": 104, "fields": {"action_time": "2019-01-04T14:29:02.463", "user": 4, "content_type": 71, "object_id": "4", "object_repr": "18-19/4", "action_flag": 1, "change_message": "[{\"added\": {}}, {\"added\": {\"object\": \"GRNOrderProductMapping object (None)\", \"name\": \"grn order product mapping\"}}]"}}, {"model": "admin.logentry", "pk": 105, "fields": {"action_time": "2019-01-04T16:05:24.775", "user": 1, "content_type": 69, "object_id": "1", "object_repr": "Cart object (1)", "action_flag": 2, "change_message": "[{\"changed\": {\"object\": \"Pepsi soft drink\", \"fields\": [\"inner_case_size\"], \"name\": \"Select Product\"}}]"}}, {"model": "admin.logentry", "pk": 106, "fields": {"action_time": "2019-01-04T16:06:32.024", "user": 1, "content_type": 71, "object_id": "5", "object_repr": "18-19/5", "action_flag": 1, "change_message": "[{\"added\": {}}, {\"added\": {\"object\": \"GRNOrderProductMapping object (None)\", \"name\": \"grn order product mapping\"}}]"}}, {"model": "admin.logentry", "pk": 107, "fields": {"action_time": "2019-01-04T16:26:31.614", "user": 1, "content_type": 69, "object_id": "1", "object_repr": "Cart object (1)", "action_flag": 3, "change_message": ""}}, {"model": "admin.logentry", "pk": 108, "fields": {"action_time": "2019-01-04T16:28:01.238", "user": 4, "content_type": 50, "object_id": "1", "object_repr": "Varun", "action_flag": 2, "change_message": "[{\"added\": {\"object\": \"Varun\", \"name\": \"product vendor mapping\"}}, {\"added\": {\"object\": \"Varun\", \"name\": \"product vendor mapping\"}}, {\"changed\": {\"object\": \"Varun\", \"fields\": [\"product\"], \"name\": \"product vendor mapping\"}}]"}}, {"model": "admin.logentry", "pk": 109, "fields": {"action_time": "2019-01-04T16:29:39.460", "user": 1, "content_type": 69, "object_id": "2", "object_repr": "Cart object (2)", "action_flag": 1, "change_message": "[{\"added\": {}}, {\"added\": {\"object\": \"Fortune soya chunks\", \"name\": \"Select Product\"}}, {\"added\": {\"object\": \"Fortune Basmati Rice\", \"name\": \"Select Product\"}}, {\"added\": {\"object\": \"Fortune Rice\", \"name\": \"Select Product\"}}]"}}, {"model": "admin.logentry", "pk": 110, "fields": {"action_time": "2019-01-04T16:31:54.277", "user": 1, "content_type": 71, "object_id": "6", "object_repr": "18-19/6", "action_flag": 1, "change_message": "[{\"added\": {}}, {\"added\": {\"object\": \"GRNOrderProductMapping object (None)\", \"name\": \"grn order product mapping\"}}, {\"added\": {\"object\": \"GRNOrderProductMapping object (None)\", \"name\": \"grn order product mapping\"}}, {\"added\": {\"object\": \"GRNOrderProductMapping object (None)\", \"name\": \"grn order product mapping\"}}]"}}, {"model": "admin.logentry", "pk": 111, "fields": {"action_time": "2019-01-04T16:32:14.233", "user": 4, "content_type": 24, "object_id": "1", "object_repr": "xyz", "action_flag": 1, "change_message": "[{\"added\": {}}]"}}, {"model": "admin.logentry", "pk": 112, "fields": {"action_time": "2019-01-04T16:32:44.246", "user": 4, "content_type": 41, "object_id": "2", "object_repr": "ProductPrice object (2)", "action_flag": 1, "change_message": "[{\"added\": {}}]"}}, {"model": "admin.logentry", "pk": 113, "fields": {"action_time": "2019-01-04T16:33:22.026", "user": 4, "content_type": 41, "object_id": "3", "object_repr": "ProductPrice object (3)", "action_flag": 1, "change_message": "[{\"added\": {}}]"}}, {"model": "admin.logentry", "pk": 114, "fields": {"action_time": "2019-01-04T16:33:48.573", "user": 4, "content_type": 41, "object_id": "2", "object_repr": "ProductPrice object (2)", "action_flag": 2, "change_message": "[{\"changed\": {\"fields\": [\"price_to_service_partner\"]}}]"}}, {"model": "admin.logentry", "pk": 115, "fields": {"action_time": "2019-01-04T16:34:21.665", "user": 4, "content_type": 41, "object_id": "4", "object_repr": "ProductPrice object (4)", "action_flag": 1, "change_message": "[{\"added\": {}}]"}}, {"model": "admin.logentry", "pk": 116, "fields": {"action_time": "2019-01-04T17:11:42.278", "user": 3, "content_type": 69, "object_id": "3", "object_repr": "Cart object (3)", "action_flag": 1, "change_message": "[{\"added\": {}}, {\"added\": {\"name\": \"Select Product\", \"object\": \"Fortune soya chunks\"}}]"}}, {"model": "admin.logentry", "pk": 117, "fields": {"action_time": "2019-01-04T17:12:28.451", "user": 3, "content_type": 71, "object_id": "7", "object_repr": "18-19/7", "action_flag": 1, "change_message": "[{\"added\": {}}, {\"added\": {\"name\": \"grn order product mapping\", \"object\": \"GRNOrderProductMapping object (None)\"}}]"}}, {"model": "admin.logentry", "pk": 118, "fields": {"action_time": "2019-01-04T17:54:23.524", "user": 1, "content_type": 47, "object_id": "1", "object_repr": "gs(Retailer) --mapped to-- Gramfactory(Gram Factory)(Active)", "action_flag": 1, "change_message": "[{\"added\": {}}]"}}, {"model": "admin.logentry", "pk": 119, "fields": {"action_time": "2019-01-04T17:55:51.326", "user": 1, "content_type": 45, "object_id": "6", "object_repr": "gs - Retailer", "action_flag": 2, "change_message": "[{\"changed\": {\"fields\": [\"status\"]}}]"}}, {"model": "admin.logentry", "pk": 120, "fields": {"action_time": "2019-01-04T17:59:08.127", "user": 1, "content_type": 47, "object_id": "2", "object_repr": "Dgghh(Retailer) --mapped to-- Gramfactory(Gram Factory)(Active)", "action_flag": 1, "change_message": "[{\"added\": {}}]"}}, {"model": "admin.logentry", "pk": 121, "fields": {"action_time": "2019-01-04T17:59:23.336", "user": 1, "content_type": 47, "object_id": "3", "object_repr": "raj ki dukan(Retailer) --mapped to-- Gramfactory(Gram Factory)(Active)", "action_flag": 1, "change_message": "[{\"added\": {}}]"}}, {"model": "admin.logentry", "pk": 122, "fields": {"action_time": "2019-01-04T17:59:44.527", "user": 1, "content_type": 45, "object_id": "4", "object_repr": "raj ki dukan - Retailer", "action_flag": 2, "change_message": "[{\"changed\": {\"fields\": [\"status\"]}}]"}}, {"model": "admin.logentry", "pk": 123, "fields": {"action_time": "2019-01-04T17:59:58.120", "user": 1, "content_type": 45, "object_id": "5", "object_repr": "Dgghh - Retailer", "action_flag": 2, "change_message": "[{\"changed\": {\"fields\": [\"status\"]}}]"}}, {"model": "admin.logentry", "pk": 124, "fields": {"action_time": "2019-01-04T18:03:12.256", "user": 1, "content_type": 45, "object_id": "7", "object_repr": "Pal Shop - Retailer", "action_flag": 2, "change_message": "[{\"changed\": {\"fields\": [\"status\"]}}]"}}, {"model": "admin.logentry", "pk": 125, "fields": {"action_time": "2019-01-04T18:03:35.245", "user": 1, "content_type": 47, "object_id": "4", "object_repr": "Pal Shop(Retailer) --mapped to-- Gramfactory(Gram Factory)(Active)", "action_flag": 1, "change_message": "[{\"added\": {}}]"}}, {"model": "admin.logentry", "pk": 126, "fields": {"action_time": "2019-01-04T18:14:16.435", "user": 3, "content_type": 71, "object_id": "12", "object_repr": "18-19/12", "action_flag": 1, "change_message": "[{\"added\": {}}, {\"added\": {\"object\": \"GRNOrderProductMapping object (1)\", \"name\": \"grn order product mapping\"}}]"}}, {"model": "admin.logentry", "pk": 127, "fields": {"action_time": "2019-01-04T18:16:16.550", "user": 3, "content_type": 71, "object_id": "12", "object_repr": "18-19/12", "action_flag": 2, "change_message": "[]"}}, {"model": "admin.logentry", "pk": 128, "fields": {"action_time": "2019-01-04T18:16:40.620", "user": 3, "content_type": 71, "object_id": "12", "object_repr": "18-19/12", "action_flag": 2, "change_message": "[]"}}, {"model": "admin.logentry", "pk": 129, "fields": {"action_time": "2019-01-04T18:17:00.372", "user": 1, "content_type": 41, "object_id": "2", "object_repr": "ProductPrice object (2)", "action_flag": 3, "change_message": ""}}, {"model": "admin.logentry", "pk": 130, "fields": {"action_time": "2019-01-05T14:24:55.355", "user": 1, "content_type": 45, "object_id": "7", "object_repr": "Pal Shop - Retailer", "action_flag": 2, "change_message": "[]"}}, {"model": "admin.logentry", "pk": 131, "fields": {"action_time": "2019-01-05T14:28:30.453", "user": 1, "content_type": 45, "object_id": "7", "object_repr": "Pal Shop - Retailer", "action_flag": 3, "change_message": ""}}, {"model": "admin.logentry", "pk": 132, "fields": {"action_time": "2019-01-05T14:34:30.651", "user": 1, "content_type": 45, "object_id": "8", "object_repr": "Pal Shop - Retailer", "action_flag": 2, "change_message": "[{\"changed\": {\"fields\": [\"status\"]}}]"}}, {"model": "admin.logentry", "pk": 133, "fields": {"action_time": "2019-01-05T14:35:07.915", "user": 1, "content_type": 47, "object_id": "5", "object_repr": "Pal Shop(Retailer) --mapped to-- Gramfactory(Gram Factory)(Active)", "action_flag": 1, "change_message": "[{\"added\": {}}]"}}, {"model": "admin.logentry", "pk": 134, "fields": {"action_time": "2019-01-05T14:38:15.502", "user": 1, "content_type": 69, "object_id": "4", "object_repr": "Cart object (4)", "action_flag": 1, "change_message": "[{\"added\": {}}, {\"added\": {\"object\": \"Fortune soya chunks\", \"name\": \"Select Product\"}}, {\"added\": {\"object\": \"Fortune Basmati Rice\", \"name\": \"Select Product\"}}, {\"added\": {\"object\": \"Fortune Rice\", \"name\": \"Select Product\"}}]"}}, {"model": "admin.logentry", "pk": 135, "fields": {"action_time": "2019-01-05T14:40:35.900", "user": 1, "content_type": 71, "object_id": "13", "object_repr": "18-19/13", "action_flag": 1, "change_message": "[{\"added\": {}}, {\"added\": {\"object\": \"GRNOrderProductMapping object (2)\", \"name\": \"grn order product mapping\"}}, {\"added\": {\"object\": \"GRNOrderProductMapping object (3)\", \"name\": \"grn order product mapping\"}}, {\"added\": {\"object\": \"GRNOrderProductMapping object (4)\", \"name\": \"grn order product mapping\"}}]"}}, {"model": "admin.logentry", "pk": 136, "fields": {"action_time": "2019-01-05T15:14:12.815", "user": 3, "content_type": 92, "object_id": "3", "object_repr": "3", "action_flag": 1, "change_message": "[{\"added\": {}}, {\"added\": {\"object\": \"Fortune soya chunks\", \"name\": \"cart product mapping\"}}]"}}, {"model": "admin.logentry", "pk": 137, "fields": {"action_time": "2019-01-05T15:31:33.372", "user": 4, "content_type": 71, "object_id": "13", "object_repr": "18-19/13", "action_flag": 2, "change_message": "[]"}}, {"model": "admin.logentry", "pk": 138, "fields": {"action_time": "2019-01-05T15:34:42.073", "user": 4, "content_type": 35, "object_id": "4", "object_repr": "Fortune Rice", "action_flag": 2, "change_message": "[{\"added\": {\"object\": \"ProductImage object (4)\", \"name\": \"product image\"}}]"}}, {"model": "admin.logentry", "pk": 139, "fields": {"action_time": "2019-01-05T16:07:32.143", "user": 3, "content_type": 92, "object_id": "4", "object_repr": "4", "action_flag": 3, "change_message": ""}}, {"model": "admin.logentry", "pk": 140, "fields": {"action_time": "2019-01-05T16:07:32.149", "user": 3, "content_type": 92, "object_id": "3", "object_repr": "3", "action_flag": 3, "change_message": ""}}, {"model": "admin.logentry", "pk": 141, "fields": {"action_time": "2019-01-05T16:07:32.153", "user": 3, "content_type": 92, "object_id": "2", "object_repr": "2", "action_flag": 3, "change_message": ""}}, {"model": "admin.logentry", "pk": 142, "fields": {"action_time": "2019-01-05T16:07:32.156", "user": 3, "content_type": 92, "object_id": "1", "object_repr": "1", "action_flag": 3, "change_message": ""}}, {"model": "admin.logentry", "pk": 143, "fields": {"action_time": "2019-01-05T16:08:10.925", "user": 3, "content_type": 92, "object_id": "5", "object_repr": "5", "action_flag": 2, "change_message": "[{\"added\": {\"object\": \"Pepsi soft drink\", \"name\": \"cart product mapping\"}}]"}}, {"model": "admin.logentry", "pk": 144, "fields": {"action_time": "2019-01-05T16:08:53.677", "user": 3, "content_type": 92, "object_id": "5", "object_repr": "5", "action_flag": 2, "change_message": "[{\"added\": {\"object\": \"Fortune soya chunks\", \"name\": \"cart product mapping\"}}]"}}, {"model": "admin.logentry", "pk": 145, "fields": {"action_time": "2019-01-05T16:37:08.968", "user": 3, "content_type": 92, "object_id": "5", "object_repr": "5", "action_flag": 3, "change_message": ""}}, {"model": "admin.logentry", "pk": 146, "fields": {"action_time": "2019-01-05T17:09:00.715", "user": 3, "content_type": 86, "object_id": "1", "object_repr": "ADT/07/00001", "action_flag": 1, "change_message": "[{\"added\": {}}, {\"added\": {\"name\": \"cart product mapping\", \"object\": \"Pepsi soft drink\"}}]"}}, {"model": "admin.logentry", "pk": 147, "fields": {"action_time": "2019-01-06T12:05:54.985", "user": 3, "content_type": 47, "object_id": "6", "object_repr": "Arzoo Apartment Shop(Retailer) --mapped to-- Gramfactory(Gram Factory)(Active)", "action_flag": 1, "change_message": "[{\"added\": {}}]"}}, {"model": "admin.logentry", "pk": 148, "fields": {"action_time": "2019-01-06T12:07:06.793", "user": 3, "content_type": 45, "object_id": "9", "object_repr": "Arzoo Apartment Shop - Retailer", "action_flag": 2, "change_message": "[{\"changed\": {\"fields\": [\"status\"]}}]"}}, {"model": "admin.logentry", "pk": 149, "fields": {"action_time": "2019-01-06T13:32:14.398", "user": 4, "content_type": 35, "object_id": "4", "object_repr": "Fortune Rice", "action_flag": 2, "change_message": "[{\"added\": {\"object\": \"ProductTaxMapping object (6)\", \"name\": \"product tax mapping\"}}]"}}, {"model": "admin.logentry", "pk": 150, "fields": {"action_time": "2019-01-06T13:32:47.207", "user": 4, "content_type": 35, "object_id": "3", "object_repr": "Fortune Basmati Rice", "action_flag": 2, "change_message": "[{\"added\": {\"object\": \"ProductTaxMapping object (7)\", \"name\": \"product tax mapping\"}}]"}}, {"model": "admin.logentry", "pk": 151, "fields": {"action_time": "2019-01-06T13:32:54.454", "user": 4, "content_type": 35, "object_id": "2", "object_repr": "Fortune soya chunks", "action_flag": 2, "change_message": "[]"}}, {"model": "admin.logentry", "pk": 152, "fields": {"action_time": "2019-01-06T15:58:26.836", "user": 3, "content_type": 71, "object_id": "14", "object_repr": "18-19/14", "action_flag": 1, "change_message": "[{\"added\": {}}, {\"added\": {\"object\": \"GRNOrderProductMapping object (5)\", \"name\": \"grn order product mapping\"}}]"}}, {"model": "admin.logentry", "pk": 153, "fields": {"action_time": "2019-01-06T17:01:27.681", "user": 3, "content_type": 84, "object_id": "2", "object_repr": "Payment/2", "action_flag": 1, "change_message": "[{\"added\": {}}]"}}, {"model": "admin.logentry", "pk": 154, "fields": {"action_time": "2019-01-06T17:05:36.585", "user": 3, "content_type": 71, "object_id": "15", "object_repr": "18-19/15", "action_flag": 1, "change_message": "[{\"added\": {}}, {\"added\": {\"name\": \"grn order product mapping\", \"object\": \"GRNOrderProductMapping object (6)\"}}]"}}, {"model": "admin.logentry", "pk": 155, "fields": {"action_time": "2019-01-06T17:58:15.527", "user": 3, "content_type": 91, "object_id": "9", "object_repr": "Payment/9", "action_flag": 1, "change_message": "[{\"added\": {}}]"}}, {"model": "admin.logentry", "pk": 156, "fields": {"action_time": "2019-01-06T19:32:52.314", "user": 1, "content_type": 45, "object_id": "10", "object_repr": "pal shop 1 - Retailer", "action_flag": 2, "change_message": "[{\"changed\": {\"fields\": [\"status\"]}}]"}}, {"model": "admin.logentry", "pk": 157, "fields": {"action_time": "2019-01-06T19:33:12.866", "user": 1, "content_type": 47, "object_id": "5", "object_repr": "Pal Shop(Retailer) --mapped to-- Gramfactory(Gram Factory)(Active)", "action_flag": 2, "change_message": "[]"}}, {"model": "admin.logentry", "pk": 158, "fields": {"action_time": "2019-01-06T19:34:20.208", "user": 1, "content_type": 69, "object_id": "5", "object_repr": "Cart object (5)", "action_flag": 1, "change_message": "[{\"added\": {}}, {\"added\": {\"object\": \"Fortune Rice\", \"name\": \"Select Product\"}}, {\"added\": {\"object\": \"Fortune Basmati Rice\", \"name\": \"Select Product\"}}, {\"added\": {\"object\": \"Fortune soya chunks\", \"name\": \"Select Product\"}}]"}}, {"model": "admin.logentry", "pk": 159, "fields": {"action_time": "2019-01-06T19:37:27.800", "user": 1, "content_type": 71, "object_id": "16", "object_repr": "18-19/16", "action_flag": 1, "change_message": "[{\"added\": {}}, {\"added\": {\"object\": \"GRNOrderProductMapping object (7)\", \"name\": \"grn order product mapping\"}}, {\"added\": {\"object\": \"GRNOrderProductMapping object (8)\", \"name\": \"grn order product mapping\"}}, {\"added\": {\"object\": \"GRNOrderProductMapping object (9)\", \"name\": \"grn order product mapping\"}}]"}}, {"model": "admin.logentry", "pk": 160, "fields": {"action_time": "2019-01-06T19:39:16.682", "user": 1, "content_type": 47, "object_id": "7", "object_repr": "pal shop 1(Retailer) --mapped to-- Gramfactory(Gram Factory)(Active)", "action_flag": 1, "change_message": "[{\"added\": {}}]"}}, {"model": "admin.logentry", "pk": 161, "fields": {"action_time": "2019-01-06T19:40:49.928", "user": 1, "content_type": 50, "object_id": "1", "object_repr": "Varun", "action_flag": 2, "change_message": "[]"}}, {"model": "admin.logentry", "pk": 162, "fields": {"action_time": "2019-01-06T19:41:46.200", "user": 1, "content_type": 37, "object_id": "4", "object_repr": "Varun", "action_flag": 1, "change_message": "[{\"added\": {}}]"}}, {"model": "admin.logentry", "pk": 163, "fields": {"action_time": "2019-01-06T19:45:00.188", "user": 4, "content_type": 45, "object_id": "10", "object_repr": "pal shop 1 - Retailer", "action_flag": 2, "change_message": "[{\"changed\": {\"object\": \"56/1,Karol Bagh\", \"name\": \"address\", \"fields\": [\"address_line1\"]}}]"}}, {"model": "admin.logentry", "pk": 164, "fields": {"action_time": "2019-01-06T19:45:12.864", "user": 4, "content_type": 47, "object_id": "7", "object_repr": "pal shop 1(Retailer) --mapped to-- Gramfactory(Gram Factory)(Active)", "action_flag": 2, "change_message": "[]"}}, {"model": "admin.logentry", "pk": 165, "fields": {"action_time": "2019-01-06T19:46:55.532", "user": 4, "content_type": 69, "object_id": "6", "object_repr": "Cart object (6)", "action_flag": 1, "change_message": "[{\"added\": {}}, {\"added\": {\"object\": \"Pepsi soft drink\", \"name\": \"Select Product\"}}]"}}, {"model": "admin.logentry", "pk": 166, "fields": {"action_time": "2019-01-06T19:47:44.515", "user": 4, "content_type": 71, "object_id": "17", "object_repr": "18-19/17", "action_flag": 1, "change_message": "[{\"added\": {}}, {\"added\": {\"object\": \"GRNOrderProductMapping object (10)\", \"name\": \"grn order product mapping\"}}]"}}, {"model": "admin.logentry", "pk": 167, "fields": {"action_time": "2019-01-06T19:48:38.289", "user": 4, "content_type": 41, "object_id": "5", "object_repr": "ProductPrice object (5)", "action_flag": 1, "change_message": "[{\"added\": {}}]"}}, {"model": "admin.logentry", "pk": 168, "fields": {"action_time": "2019-01-06T19:50:44.980", "user": 4, "content_type": 47, "object_id": "5", "object_repr": "Pal Shop(Retailer) --mapped to-- Gramfactory(Gram Factory)(Active)", "action_flag": 2, "change_message": "[]"}}, {"model": "admin.logentry", "pk": 169, "fields": {"action_time": "2019-01-06T19:51:06.426", "user": 4, "content_type": 47, "object_id": "5", "object_repr": "Pal Shop(Retailer) --mapped to-- Gramfactory(Gram Factory)(Active)", "action_flag": 3, "change_message": ""}}, {"model": "admin.logentry", "pk": 170, "fields": {"action_time": "2019-01-06T19:51:16.263", "user": 4, "content_type": 47, "object_id": "8", "object_repr": "Pal Shop(Retailer) --mapped to-- Gramfactory(Gram Factory)(Active)", "action_flag": 1, "change_message": "[{\"added\": {}}]"}}, {"model": "admin.logentry", "pk": 171, "fields": {"action_time": "2019-01-06T19:51:56.132", "user": 4, "content_type": 35, "object_id": "1", "object_repr": "Pepsi soft drink", "action_flag": 2, "change_message": "[{\"added\": {\"object\": \"ProductOption object (4)\", \"name\": \"product option\"}}]"}}, {"model": "admin.logentry", "pk": 172, "fields": {"action_time": "2019-01-06T19:55:49.853", "user": 4, "content_type": 35, "object_id": "2", "object_repr": "Fortune soya chunks", "action_flag": 2, "change_message": "[{\"deleted\": {\"object\": \"ProductTaxMapping object (None)\", \"name\": \"product tax mapping\"}}]"}}, {"model": "admin.logentry", "pk": 173, "fields": {"action_time": "2019-01-06T19:56:01.984", "user": 4, "content_type": 35, "object_id": "3", "object_repr": "Fortune Basmati Rice", "action_flag": 2, "change_message": "[]"}}, {"model": "admin.logentry", "pk": 174, "fields": {"action_time": "2019-01-06T19:56:39.546", "user": 4, "content_type": 71, "object_id": "16", "object_repr": "18-19/16", "action_flag": 2, "change_message": "[]"}}, {"model": "admin.logentry", "pk": 175, "fields": {"action_time": "2019-01-06T19:57:00.119", "user": 4, "content_type": 71, "object_id": "15", "object_repr": "18-19/15", "action_flag": 2, "change_message": "[{\"changed\": {\"object\": \"GRNOrderProductMapping object (6)\", \"name\": \"grn order product mapping\", \"fields\": [\"product_invoice_price\"]}}]"}}, {"model": "admin.logentry", "pk": 176, "fields": {"action_time": "2019-01-06T19:57:40.390", "user": 4, "content_type": 35, "object_id": "2", "object_repr": "Fortune Soya Chunks", "action_flag": 2, "change_message": "[{\"changed\": {\"fields\": [\"product_name\"]}}]"}}, {"model": "admin.logentry", "pk": 177, "fields": {"action_time": "2019-01-06T19:58:23.830", "user": 4, "content_type": 41, "object_id": "6", "object_repr": "ProductPrice object (6)", "action_flag": 1, "change_message": "[{\"added\": {}}]"}}, {"model": "admin.logentry", "pk": 178, "fields": {"action_time": "2019-01-07T01:34:52.283", "user": 3, "content_type": 71, "object_id": "18", "object_repr": "18-19/18", "action_flag": 1, "change_message": "[{\"added\": {}}, {\"added\": {\"name\": \"grn order product mapping\", \"object\": \"GRNOrderProductMapping object (11)\"}}, {\"added\": {\"name\": \"grn order product mapping\", \"object\": \"GRNOrderProductMapping object (12)\"}}]"}}, {"model": "admin.logentry", "pk": 179, "fields": {"action_time": "2019-01-07T02:33:42.720", "user": 3, "content_type": 69, "object_id": "7", "object_repr": "Cart object (7)", "action_flag": 1, "change_message": "[{\"added\": {}}, {\"added\": {\"object\": \"Fortune Rice\", \"name\": \"Select Product\"}}, {\"added\": {\"object\": \"Pepsi soft drink\", \"name\": \"Select Product\"}}, {\"added\": {\"object\": \"Fortune Soya Chunks\", \"name\": \"Select Product\"}}]"}}, {"model": "admin.logentry", "pk": 180, "fields": {"action_time": "2019-01-07T02:35:36.186", "user": 3, "content_type": 71, "object_id": "19", "object_repr": "18-19/19", "action_flag": 1, "change_message": "[{\"added\": {}}, {\"added\": {\"object\": \"GRNOrderProductMapping object (13)\", \"name\": \"grn order product mapping\"}}, {\"added\": {\"object\": \"GRNOrderProductMapping object (14)\", \"name\": \"grn order product mapping\"}}]"}}, {"model": "admin.logentry", "pk": 181, "fields": {"action_time": "2019-01-07T10:50:00.591", "user": 1, "content_type": 69, "object_id": "7", "object_repr": "Cart object (7)", "action_flag": 2, "change_message": "[{\"changed\": {\"name\": \"Select Product\", \"object\": \"Fortune Rice\", \"fields\": [\"case_size\"]}}]"}}, {"model": "admin.logentry", "pk": 182, "fields": {"action_time": "2019-01-07T11:03:26.680", "user": 1, "content_type": 45, "object_id": "12", "object_repr": "Pal Shop2 - Retailer", "action_flag": 2, "change_message": "[{\"changed\": {\"fields\": [\"status\"]}}]"}}, {"model": "admin.logentry", "pk": 183, "fields": {"action_time": "2019-01-07T11:06:59.170", "user": 1, "content_type": 47, "object_id": "9", "object_repr": "Pal Shop2(Retailer) --mapped to-- Gramfactory(Gram Factory)(Active)", "action_flag": 1, "change_message": "[{\"added\": {}}]"}}, {"model": "admin.logentry", "pk": 184, "fields": {"action_time": "2019-01-07T11:07:43.670", "user": 1, "content_type": 50, "object_id": "1", "object_repr": "Varun", "action_flag": 2, "change_message": "[]"}}, {"model": "admin.logentry", "pk": 185, "fields": {"action_time": "2019-01-07T11:09:43.501", "user": 1, "content_type": 69, "object_id": "8", "object_repr": "Cart object (8)", "action_flag": 1, "change_message": "[{\"added\": {}}, {\"added\": {\"name\": \"Select Product\", \"object\": \"Fortune Rice\"}}, {\"added\": {\"name\": \"Select Product\", \"object\": \"Fortune Basmati Rice\"}}, {\"added\": {\"name\": \"Select Product\", \"object\": \"Fortune Soya Chunks\"}}]"}}, {"model": "admin.logentry", "pk": 186, "fields": {"action_time": "2019-01-07T11:16:04.854", "user": 1, "content_type": 71, "object_id": "20", "object_repr": "18-19/20", "action_flag": 1, "change_message": "[{\"added\": {}}, {\"added\": {\"name\": \"grn order product mapping\", \"object\": \"GRNOrderProductMapping object (15)\"}}, {\"added\": {\"name\": \"grn order product mapping\", \"object\": \"GRNOrderProductMapping object (16)\"}}, {\"added\": {\"name\": \"grn order product mapping\", \"object\": \"GRNOrderProductMapping object (17)\"}}]"}}, {"model": "admin.logentry", "pk": 187, "fields": {"action_time": "2019-01-07T11:45:48.264", "user": 1, "content_type": 45, "object_id": "12", "object_repr": "Pal Shop2 - Retailer", "action_flag": 3, "change_message": ""}}, {"model": "admin.logentry", "pk": 188, "fields": {"action_time": "2019-01-07T11:45:48.269", "user": 1, "content_type": 45, "object_id": "10", "object_repr": "pal shop 1 - Retailer", "action_flag": 3, "change_message": ""}}, {"model": "admin.logentry", "pk": 189, "fields": {"action_time": "2019-01-07T11:45:48.272", "user": 1, "content_type": 45, "object_id": "8", "object_repr": "Pal Shop - Retailer", "action_flag": 3, "change_message": ""}}, {"model": "admin.logentry", "pk": 190, "fields": {"action_time": "2019-01-07T11:45:48.276", "user": 1, "content_type": 45, "object_id": "6", "object_repr": "gs - Retailer", "action_flag": 3, "change_message": ""}}, {"model": "admin.logentry", "pk": 191, "fields": {"action_time": "2019-01-07T11:48:53.812", "user": 4, "content_type": 45, "object_id": "14", "object_repr": "KING Shop - Retailer", "action_flag": 2, "change_message": "[{\"changed\": {\"fields\": [\"status\"]}}]"}}, {"model": "admin.logentry", "pk": 192, "fields": {"action_time": "2019-01-07T11:49:01.565", "user": 4, "content_type": 45, "object_id": "13", "object_repr": "Pal Shop - Retailer", "action_flag": 2, "change_message": "[{\"changed\": {\"fields\": [\"status\"]}}]"}}, {"model": "admin.logentry", "pk": 193, "fields": {"action_time": "2019-01-07T11:49:23.641", "user": 4, "content_type": 47, "object_id": "10", "object_repr": "KING Shop(Retailer) --mapped to-- Gramfactory(Gram Factory)(Active)", "action_flag": 1, "change_message": "[{\"added\": {}}]"}}, {"model": "admin.logentry", "pk": 194, "fields": {"action_time": "2019-01-07T11:49:31.318", "user": 4, "content_type": 47, "object_id": "11", "object_repr": "Pal Shop(Retailer) --mapped to-- Gramfactory(Gram Factory)(Active)", "action_flag": 1, "change_message": "[{\"added\": {}}]"}}, {"model": "admin.logentry", "pk": 195, "fields": {"action_time": "2019-01-07T11:57:04.971", "user": 4, "content_type": 47, "object_id": "12", "object_repr": "harmeek store(Retailer) --mapped to-- Gramfactory(Gram Factory)(Active)", "action_flag": 1, "change_message": "[{\"added\": {}}]"}}, {"model": "admin.logentry", "pk": 196, "fields": {"action_time": "2019-01-07T11:57:14.315", "user": 4, "content_type": 45, "object_id": "15", "object_repr": "harmeek store - Retailer", "action_flag": 2, "change_message": "[{\"changed\": {\"fields\": [\"status\"]}}]"}}, {"model": "admin.logentry", "pk": 197, "fields": {"action_time": "2019-01-07T12:07:16.795", "user": 4, "content_type": 47, "object_id": "3", "object_repr": "raj ki dukan(Retailer) --mapped to-- Gramfactory(Gram Factory)(Active)", "action_flag": 3, "change_message": ""}}, {"model": "admin.logentry", "pk": 198, "fields": {"action_time": "2019-01-07T12:07:16.800", "user": 4, "content_type": 47, "object_id": "2", "object_repr": "Dgghh(Retailer) --mapped to-- Gramfactory(Gram Factory)(Active)", "action_flag": 3, "change_message": ""}}, {"model": "admin.logentry", "pk": 199, "fields": {"action_time": "2019-01-07T12:13:19.136", "user": 3, "content_type": 13, "object_id": "14", "object_repr": "8750858087", "action_flag": 1, "change_message": "[{\"added\": {}}]"}}, {"model": "admin.logentry", "pk": 200, "fields": {"action_time": "2019-01-07T12:13:33.629", "user": 3, "content_type": 13, "object_id": "14", "object_repr": "8750858087", "action_flag": 2, "change_message": "[{\"changed\": {\"fields\": [\"first_name\", \"last_name\"]}}]"}}, {"model": "admin.logentry", "pk": 201, "fields": {"action_time": "2019-01-07T12:14:31.722", "user": 3, "content_type": 13, "object_id": "14", "object_repr": "8750858087", "action_flag": 2, "change_message": "[{\"changed\": {\"fields\": [\"is_staff\", \"is_superuser\"]}}]"}}, {"model": "admin.logentry", "pk": 202, "fields": {"action_time": "2019-01-07T12:30:09.174", "user": 4, "content_type": 17, "object_id": "6", "object_repr": "Biscuits, Snacks & Chocolates", "action_flag": 1, "change_message": "[{\"added\": {}}]"}}, {"model": "admin.logentry", "pk": 203, "fields": {"action_time": "2019-01-07T12:30:41.542", "user": 4, "content_type": 17, "object_id": "7", "object_repr": "Grocery & Staples", "action_flag": 1, "change_message": "[{\"added\": {}}]"}}, {"model": "admin.logentry", "pk": 204, "fields": {"action_time": "2019-01-07T12:31:21.077", "user": 4, "content_type": 18, "object_id": "1", "object_repr": "home-category", "action_flag": 2, "change_message": "[{\"added\": {\"name\": \"category data\", \"object\": \"home-category\"}}, {\"added\": {\"name\": \"category data\", \"object\": \"home-category\"}}]"}}, {"model": "admin.logentry", "pk": 205, "fields": {"action_time": "2019-01-07T12:34:00.294", "user": 4, "content_type": 18, "object_id": "1", "object_repr": "home-category", "action_flag": 2, "change_message": "[]"}}, {"model": "admin.logentry", "pk": 206, "fields": {"action_time": "2019-01-07T12:34:35.059", "user": 4, "content_type": 17, "object_id": "6", "object_repr": "Biscuits, Snacks & Chocolates", "action_flag": 2, "change_message": "[{\"changed\": {\"fields\": [\"category_image\"]}}]"}}, {"model": "admin.logentry", "pk": 207, "fields": {"action_time": "2019-01-07T12:34:59.680", "user": 4, "content_type": 17, "object_id": "7", "object_repr": "Grocery & Staples", "action_flag": 2, "change_message": "[{\"changed\": {\"fields\": [\"category_image\"]}}]"}}, {"model": "admin.logentry", "pk": 208, "fields": {"action_time": "2019-01-07T12:36:16.089", "user": 4, "content_type": 17, "object_id": "8", "object_repr": "Sauces & Instant Food", "action_flag": 1, "change_message": "[{\"added\": {}}]"}}, {"model": "admin.logentry", "pk": 209, "fields": {"action_time": "2019-01-07T12:38:11.557", "user": 4, "content_type": 17, "object_id": "9", "object_repr": "Breakfast & Dairy", "action_flag": 1, "change_message": "[{\"added\": {}}]"}}, {"model": "admin.logentry", "pk": 210, "fields": {"action_time": "2019-01-07T12:38:28.581", "user": 4, "content_type": 18, "object_id": "1", "object_repr": "home-category", "action_flag": 2, "change_message": "[{\"added\": {\"name\": \"category data\", \"object\": \"home-category\"}}, {\"added\": {\"name\": \"category data\", \"object\": \"home-category\"}}]"}}, {"model": "admin.logentry", "pk": 211, "fields": {"action_time": "2019-01-07T12:41:14.946", "user": 4, "content_type": 53, "object_id": "11", "object_repr": "Pepsi -> Tropicana", "action_flag": 1, "change_message": "[{\"added\": {}}]"}}, {"model": "admin.logentry", "pk": 212, "fields": {"action_time": "2019-01-07T12:41:36.769", "user": 4, "content_type": 52, "object_id": "1", "object_repr": "HomePage", "action_flag": 2, "change_message": "[{\"added\": {\"name\": \"brand data\", \"object\": \"HomePage\"}}]"}}, {"model": "admin.logentry", "pk": 213, "fields": {"action_time": "2019-01-07T12:57:24.420", "user": 11, "content_type": 45, "object_id": "16", "object_repr": "Suncity Store - Retailer", "action_flag": 2, "change_message": "[{\"changed\": {\"fields\": [\"status\"]}}]"}}, {"model": "admin.logentry", "pk": 214, "fields": {"action_time": "2019-01-07T12:59:04.911", "user": 11, "content_type": 47, "object_id": "13", "object_repr": "Suncity Store(Retailer) --mapped to-- Gramfactory(Gram Factory)(Active)", "action_flag": 1, "change_message": "[{\"added\": {}}]"}}, {"model": "admin.logentry", "pk": 215, "fields": {"action_time": "2019-01-07T13:30:52.968", "user": 4, "content_type": 41, "object_id": "7", "object_repr": "ProductPrice object (7)", "action_flag": 1, "change_message": "[{\"added\": {}}]"}}, {"model": "admin.logentry", "pk": 216, "fields": {"action_time": "2019-01-07T13:31:34.092", "user": 4, "content_type": 41, "object_id": "8", "object_repr": "ProductPrice object (8)", "action_flag": 1, "change_message": "[{\"added\": {}}]"}}, {"model": "admin.logentry", "pk": 217, "fields": {"action_time": "2019-01-07T13:32:12.702", "user": 4, "content_type": 41, "object_id": "9", "object_repr": "ProductPrice object (9)", "action_flag": 1, "change_message": "[{\"added\": {}}]"}}, {"model": "admin.logentry", "pk": 218, "fields": {"action_time": "2019-01-07T13:33:15.226", "user": 4, "content_type": 93, "object_id": "18", "object_repr": "ADT/07/18000", "action_flag": 2, "change_message": "[{\"changed\": {\"fields\": [\"payment_mode\", \"payment_status\"]}}]"}}, {"model": "admin.logentry", "pk": 219, "fields": {"action_time": "2019-01-07T13:36:23.353", "user": 4, "content_type": 45, "object_id": "17", "object_repr": "Suncity - Service Partner", "action_flag": 1, "change_message": "[{\"added\": {}}, {\"added\": {\"name\": \"address\", \"object\": \"sector13,gurgaon\"}}]"}}, {"model": "admin.logentry", "pk": 220, "fields": {"action_time": "2019-01-07T13:36:29.707", "user": 4, "content_type": 45, "object_id": "17", "object_repr": "Suncity - Service Partner", "action_flag": 2, "change_message": "[{\"changed\": {\"fields\": [\"status\"]}}]"}}, {"model": "admin.logentry", "pk": 221, "fields": {"action_time": "2019-01-07T13:36:51.325", "user": 4, "content_type": 45, "object_id": "16", "object_repr": "Suncity Store - Retailer", "action_flag": 2, "change_message": "[]"}}, {"model": "admin.logentry", "pk": 222, "fields": {"action_time": "2019-01-07T13:37:32.941", "user": 4, "content_type": 45, "object_id": "17", "object_repr": "Suncity - Service Partner", "action_flag": 2, "change_message": "[{\"added\": {\"name\": \"address\", \"object\": \"sector 33,gurgaon\"}}, {\"changed\": {\"name\": \"address\", \"object\": \"sector 13,gurgaon\", \"fields\": [\"address_line1\"]}}]"}}, {"model": "admin.logentry", "pk": 223, "fields": {"action_time": "2019-01-07T13:37:46.134", "user": 4, "content_type": 41, "object_id": "7", "object_repr": "ProductPrice object (7)", "action_flag": 2, "change_message": "[{\"changed\": {\"fields\": [\"shop\"]}}]"}}, {"model": "admin.logentry", "pk": 224, "fields": {"action_time": "2019-01-07T13:37:53.584", "user": 4, "content_type": 41, "object_id": "8", "object_repr": "ProductPrice object (8)", "action_flag": 2, "change_message": "[{\"changed\": {\"fields\": [\"shop\"]}}]"}}, {"model": "admin.logentry", "pk": 225, "fields": {"action_time": "2019-01-07T13:37:59.987", "user": 4, "content_type": 41, "object_id": "9", "object_repr": "ProductPrice object (9)", "action_flag": 2, "change_message": "[{\"changed\": {\"fields\": [\"shop\"]}}]"}}, {"model": "admin.logentry", "pk": 226, "fields": {"action_time": "2019-01-07T13:38:16.378", "user": 4, "content_type": 47, "object_id": "14", "object_repr": "KING Shop(Retailer) --mapped to-- Suncity(Service Partner)(Active)", "action_flag": 1, "change_message": "[{\"added\": {}}]"}}, {"model": "admin.logentry", "pk": 227, "fields": {"action_time": "2019-01-07T13:40:47.937", "user": 4, "content_type": 47, "object_id": "15", "object_repr": "Pal Shop(Retailer) --mapped to-- Suncity(Service Partner)(Active)", "action_flag": 1, "change_message": "[{\"added\": {}}]"}}, {"model": "admin.logentry", "pk": 228, "fields": {"action_time": "2019-01-07T13:40:56.433", "user": 4, "content_type": 47, "object_id": "15", "object_repr": "Pal Shop(Retailer) --mapped to-- Suncity(Service Partner)(Active)", "action_flag": 2, "change_message": "[]"}}, {"model": "admin.logentry", "pk": 229, "fields": {"action_time": "2019-01-07T13:47:08.990", "user": 4, "content_type": 69, "object_id": "9", "object_repr": "Cart object (9)", "action_flag": 1, "change_message": "[{\"added\": {}}, {\"added\": {\"name\": \"Select Product\", \"object\": \"Fortune Rice\"}}, {\"added\": {\"name\": \"Select Product\", \"object\": \"Fortune Basmati Rice\"}}, {\"added\": {\"name\": \"Select Product\", \"object\": \"Fortune Soya Chunks\"}}]"}}, {"model": "admin.logentry", "pk": 230, "fields": {"action_time": "2019-01-07T13:48:59.985", "user": 1, "content_type": 71, "object_id": "21", "object_repr": "18-19/21", "action_flag": 1, "change_message": "[{\"added\": {}}, {\"added\": {\"name\": \"grn order product mapping\", \"object\": \"GRNOrderProductMapping object (18)\"}}, {\"added\": {\"name\": \"grn order product mapping\", \"object\": \"GRNOrderProductMapping object (19)\"}}, {\"added\": {\"name\": \"grn order product mapping\", \"object\": \"GRNOrderProductMapping object (20)\"}}]"}}, {"model": "admin.logentry", "pk": 231, "fields": {"action_time": "2019-01-07T13:50:03.153", "user": 1, "content_type": 61, "object_id": "21", "object_repr": "PickList object (21)", "action_flag": 2, "change_message": "[{\"changed\": {\"fields\": [\"status\"]}}]"}}, {"model": "admin.logentry", "pk": 232, "fields": {"action_time": "2019-01-07T14:04:06.290", "user": 1, "content_type": 47, "object_id": "11", "object_repr": "Pal Shop(Retailer) --mapped to-- Gramfactory(Gram Factory)(Active)", "action_flag": 2, "change_message": "[{\"changed\": {\"fields\": [\"status\"]}}]"}}, {"model": "admin.logentry", "pk": 233, "fields": {"action_time": "2019-01-07T14:25:36.457", "user": 1, "content_type": 45, "object_id": "18", "object_repr": "Villa Store - Retailer", "action_flag": 2, "change_message": "[{\"changed\": {\"fields\": [\"status\"]}}]"}}, {"model": "admin.logentry", "pk": 234, "fields": {"action_time": "2019-01-07T14:26:32.233", "user": 1, "content_type": 47, "object_id": "16", "object_repr": "Villa Store(Retailer) --mapped to-- Gramfactory(Gram Factory)(Active)", "action_flag": 1, "change_message": "[{\"added\": {}}]"}}]