[{"model": "products.size", "pk": 1, "fields": {"size_value": "100", "size_unit": "mm", "size_name": "100-mm", "created_at": "2019-01-04T13:42:39.789", "modified_at": "2019-01-04T13:42:39.789", "status": true}}, {"model": "products.size", "pk": 2, "fields": {"size_value": "50", "size_unit": "mm", "size_name": "50-mm", "created_at": "2019-01-04T13:51:18.619", "modified_at": "2019-01-04T13:51:18.619", "status": true}}, {"model": "products.color", "pk": 1, "fields": {"color_name": "Black", "color_code": "01", "created_at": "2019-01-04T13:36:52.849", "modified_at": "2019-01-04T13:36:52.849", "status": true}}, {"model": "products.color", "pk": 2, "fields": {"color_name": "Blue", "color_code": "02", "created_at": "2019-01-04T13:37:03.267", "modified_at": "2019-01-04T13:37:03.267", "status": true}}, {"model": "products.color", "pk": 3, "fields": {"color_name": "Green", "color_code": "03", "created_at": "2019-01-04T13:37:15.051", "modified_at": "2019-01-04T13:37:15.051", "status": true}}, {"model": "products.color", "pk": 4, "fields": {"color_name": "White", "color_code": "04", "created_at": "2019-01-04T13:37:26.167", "modified_at": "2019-01-04T13:37:26.167", "status": true}}, {"model": "products.color", "pk": 5, "fields": {"color_name": "Red", "color_code": "05", "created_at": "2019-01-04T13:37:38.477", "modified_at": "2019-01-04T13:37:38.477", "status": true}}, {"model": "products.color", "pk": 6, "fields": {"color_name": "White", "color_code": "10", "created_at": "2019-01-04T13:44:55.959", "modified_at": "2019-01-04T13:44:55.959", "status": true}}, {"model": "products.color", "pk": 7, "fields": {"color_name": "BLUE", "color_code": "34", "created_at": "2019-02-05T14:14:42.681", "modified_at": "2019-02-05T14:14:42.681", "status": true}}, {"model": "products.fragrance", "pk": 1, "fields": {"fragrance_name": "Chocolate", "fragrance_code": "01", "created_at": "2019-01-04T13:44:57.064", "modified_at": "2019-01-04T13:45:11.446", "status": true}}, {"model": "products.flavor", "pk": 1, "fields": {"flavor_name": "chocolate", "flavor_code": "01", "created_at": "2019-01-04T13:38:18.924", "modified_at": "2019-01-04T13:38:18.924", "status": true}}, {"model": "products.flavor", "pk": 2, "fields": {"flavor_name": "Straberry", "flavor_code": "2", "created_at": "2019-01-04T13:48:36.212", "modified_at": "2019-01-04T13:48:36.212", "status": true}}, {"model": "products.weight", "pk": 1, "fields": {"weight_value": "1", "weight_unit": "kg", "weight_name": "1-kg", "created_at": "2019-01-04T13:43:06.723", "modified_at": "2019-01-04T13:43:06.723", "status": true}}, {"model": "products.weight", "pk": 2, "fields": {"weight_value": "10", "weight_unit": "kg", "weight_name": "10-kg", "created_at": "2019-01-04T13:43:17.290", "modified_at": "2019-01-04T13:43:17.290", "status": true}}, {"model": "products.weight", "pk": 3, "fields": {"weight_value": "5", "weight_unit": "kg", "weight_name": "5-kg", "created_at": "2019-01-04T13:47:54.289", "modified_at": "2019-01-04T13:47:54.289", "status": true}}, {"model": "products.weight", "pk": 4, "fields": {"weight_value": "20", "weight_unit": "kg", "weight_name": "20-kg", "created_at": "2019-01-04T13:48:00.996", "modified_at": "2019-01-04T13:48:00.996", "status": true}}, {"model": "products.packagesize", "pk": 1, "fields": {"pack_size_value": "100", "pack_size_unit": "mm", "pack_size_name": "100-mm", "pack_length": null, "pack_width": null, "pack_height": null, "created_at": "2019-01-04T13:39:16.264", "modified_at": "2019-01-04T13:39:16.264", "status": true}}, {"model": "products.packagesize", "pk": 2, "fields": {"pack_size_value": "1000", "pack_size_unit": "mm", "pack_size_name": "1000-mm", "pack_length": null, "pack_width": null, "pack_height": null, "created_at": "2019-01-04T13:39:28.215", "modified_at": "2019-01-04T13:39:28.215", "status": true}}, {"model": "products.packagesize", "pk": 3, "fields": {"pack_size_value": "122", "pack_size_unit": "mm", "pack_size_name": "122-mm", "pack_length": null, "pack_width": null, "pack_height": null, "created_at": "2019-02-05T14:23:14.057", "modified_at": "2019-02-05T14:23:14.057", "status": true}}, {"model": "products.producthsn", "pk": 1, "fields": {"product_hsn_code": "74", "created_at": "2019-01-14T18:59:40.169", "modified_at": "2019-01-14T18:59:40.169"}}, {"model": "products.producthsn", "pk": 2, "fields": {"product_hsn_code": "HSN Code", "created_at": "2019-01-24T13:27:18.468", "modified_at": "2019-01-24T13:27:18.468"}}, {"model": "products.producthsn", "pk": 3, "fields": {"product_hsn_code": "123456", "created_at": "2019-01-26T10:49:31.178", "modified_at": "2019-01-26T10:49:31.178"}}, {"model": "products.producthsn", "pk": 4, "fields": {"product_hsn_code": "22021010", "created_at": "2019-02-05T16:35:17.533", "modified_at": "2019-02-05T16:35:17.533"}}, {"model": "products.producthsn", "pk": 5, "fields": {"product_hsn_code": "4050000", "created_at": "2019-02-06T12:49:45.172", "modified_at": "2019-02-06T12:49:45.172"}}, {"model": "products.producthsn", "pk": 6, "fields": {"product_hsn_code": "33051090", "created_at": "2019-02-12T12:23:37.323", "modified_at": "2019-02-12T12:23:37.323"}}, {"model": "products.producthsn", "pk": 7, "fields": {"product_hsn_code": "34011190", "created_at": "2019-02-12T12:35:06.913", "modified_at": "2019-02-12T12:35:06.913"}}, {"model": "products.product", "pk": 1, "fields": {"product_name": "Pepsi soft drink", "product_slug": "pepsi-soft-drink", "product_short_description": "Pepsi soft drink,Refreshing soft drink", "product_long_description": "Pepsi soft drink,Sparkling, clear drink", "product_sku": "BEVBEVPEP00000001", "product_gf_code": "GF112345", "product_ean_code": "9431516996123", "product_hsn": 3, "product_brand": 2, "product_inner_case_size": "12", "product_case_size": "20", "created_at": "2019-01-04T13:14:43.119", "modified_at": "2019-01-26T10:50:33.448", "status": true}}, {"model": "products.product", "pk": 3, "fields": {"product_name": "Fortune Basmati Rice", "product_slug": "fortune-basmati-rice", "product_short_description": "fortune Basmati Rice,Slender and long grains", "product_long_description": "fortune Basmati Rice,Offers a rich aroma and delicious taste", "product_sku": "HOKHOKFRT00000003", "product_gf_code": "145896", "product_ean_code": "5678345623457", "product_hsn": null, "product_brand": 1, "product_inner_case_size": "15", "product_case_size": "5", "created_at": "2019-01-04T13:54:40.038", "modified_at": "2019-01-06T19:56:01.980", "status": true}}, {"model": "products.product", "pk": 4, "fields": {"product_name": "Fortune Rice", "product_slug": "fortune-rice", "product_short_description": "Fortune Rice,Rich aroma and taste", "product_long_description": "Fortune Rice,A perfect fit for everyday consumption", "product_sku": "HOKHOKFRT00000004", "product_gf_code": "GF01271", "product_ean_code": "1234567890123", "product_hsn": 1, "product_brand": 1, "product_inner_case_size": "4", "product_case_size": "2", "created_at": "2019-01-04T13:59:41.441", "modified_at": "2019-01-17T17:38:07.767", "status": true}}, {"model": "products.product", "pk": 5, "fields": {"product_name": "MAGGI 2-MIN Masala Noodles 70g", "product_slug": "maggi-2-min-masala-noodles-70g", "product_short_description": "MAGGI 2-MIN Mas Ndls Fe Fort 96x70g IN (MRP12)", "product_long_description": "MAGGI 2-MIN Mas Ndls Fe Fort 96x70g IN (MRP12)", "product_sku": "SAUSAUMGI00000001", "product_gf_code": "GF01269", "product_ean_code": "8901058851298", "product_hsn": null, "product_brand": 13, "product_inner_case_size": "50", "product_case_size": "10", "created_at": "2019-01-07T15:54:29.789", "modified_at": "2019-01-17T17:38:20.688", "status": true}}, {"model": "products.product", "pk": 6, "fields": {"product_name": "MAGGI Pichkoo Hot & Sweet Doy", "product_slug": "maggi-pichkoo-hot-sweet-doy", "product_short_description": "MAGGI Hot & Sweet Doy 6(12x90g) IN (MRP20)", "product_long_description": "", "product_sku": "SAUSAUMGI00000002", "product_gf_code": "85742", "product_ean_code": "8901058131086", "product_hsn": null, "product_brand": 13, "product_inner_case_size": "60", "product_case_size": "10", "created_at": "2019-01-07T15:56:30.697", "modified_at": "2019-01-07T15:56:30.704", "status": true}}, {"model": "products.product", "pk": 7, "fields": {"product_name": "CERELAC STAGE 3, wheat rice and mixed fruit", "product_slug": "cerelac-stage-3-wheat-rice-and-mixed-fruit", "product_short_description": "CERELAC STA3 Whe Ri Mxd Frt24x300g N2 IN (MRP229)", "product_long_description": "", "product_sku": "BACBACNES00000001", "product_gf_code": "56754", "product_ean_code": "8901058848472", "product_hsn": null, "product_brand": 12, "product_inner_case_size": "50", "product_case_size": "5", "created_at": "2019-01-07T15:59:55.319", "modified_at": "2019-01-07T15:59:55.326", "status": true}}, {"model": "products.product", "pk": 8, "fields": {"product_name": "Set Wet Cool Hold Hair Gel, 100 ml Tube(MRP-100)", "product_slug": "set-wet-cool-hold-hair-gel-100-ml-tubemrp-100", "product_short_description": "Set Wet Cool Hold Hair Gel, 100 ml Tube(MRP-100)", "product_long_description": "Set Wet Cool Hold Hair Gel, 100 ml Tube(MRP-100)", "product_sku": "PERPERSWT00000001", "product_gf_code": "GF00262", "product_ean_code": "8901088062480", "product_hsn": null, "product_brand": 15, "product_inner_case_size": "3", "product_case_size": "72", "created_at": "2019-01-07T16:03:52.256", "modified_at": "2019-01-07T16:03:52.274", "status": true}}, {"model": "products.product", "pk": 9, "fields": {"product_name": "Set Wet Cool Hold Hair Gel, 50 ml Tube(MRP-50)", "product_slug": "set-wet-cool-hold-hair-gel-50-ml-tubemrp-50", "product_short_description": "Set Wet Cool Hold Hair Gel, 50 ml Tube(MRP-50)", "product_long_description": "Set Wet Cool Hold Hair Gel, 50 ml Tube(MRP-50)", "product_sku": "PERPERSWT00000002", "product_gf_code": "GF00263", "product_ean_code": "8901088062459", "product_hsn": null, "product_brand": 15, "product_inner_case_size": "6", "product_case_size": "144", "created_at": "2019-01-07T16:03:52.291", "modified_at": "2019-01-07T16:03:52.306", "status": true}}, {"model": "products.product", "pk": 10, "fields": {"product_name": "Set Wet Vertical Hold Hair Gel, 100 ml Tube(MRP-100)", "product_slug": "set-wet-vertical-hold-hair-gel-100-ml-tubemrp-100", "product_short_description": "Set Wet Vertical Hold Hair Gel, 100 ml Tube(MRP-100)", "product_long_description": "Set Wet Vertical Hold Hair Gel, 100 ml Tube(MRP-100)", "product_sku": "PERPERSWT00000003", "product_gf_code": "GF00265", "product_ean_code": "8901088062497", "product_hsn": null, "product_brand": 15, "product_inner_case_size": "3", "product_case_size": "72", "created_at": "2019-01-07T16:03:52.321", "modified_at": "2019-01-07T16:03:52.335", "status": true}}, {"model": "products.product", "pk": 11, "fields": {"product_name": "Set Wet Vertical Hold Hair Gel, 50 ml Tube(MRP-50)", "product_slug": "set-wet-vertical-hold-hair-gel-50-ml-tubemrp-50", "product_short_description": "Set Wet Vertical Hold Hair Gel, 50 ml Tube(MRP-50)", "product_long_description": "Set Wet Vertical Hold Hair Gel, 50 ml Tube(MRP-50)", "product_sku": "PERPERSWT00000004", "product_gf_code": "GF00266", "product_ean_code": "8901088062466", "product_hsn": null, "product_brand": 15, "product_inner_case_size": "6", "product_case_size": "144", "created_at": "2019-01-07T16:03:52.351", "modified_at": "2019-01-07T16:03:52.366", "status": true}}, {"model": "products.product", "pk": 12, "fields": {"product_name": "Set Wet Wet Look Hair Gel, 50 ml Tube(MRP-50)", "product_slug": "set-wet-wet-look-hair-gel-50-ml-tubemrp-50", "product_short_description": "Set Wet Wet Look Hair Gel, 50 ml Tube(MRP-50)", "product_long_description": "Set Wet Wet Look Hair Gel, 50 ml Tube(MRP-50)", "product_sku": "PERPERSWT00000005", "product_gf_code": "GF01277", "product_ean_code": "8901088062473", "product_hsn": null, "product_brand": 15, "product_inner_case_size": "6", "product_case_size": "144", "created_at": "2019-01-07T16:03:52.381", "modified_at": "2019-01-17T17:37:52.780", "status": true}}, {"model": "products.product", "pk": 13, "fields": {"product_name": "Set Wet Cool Hold Hair Gel, 10 ml Sachet(MRP-10)(EA)", "product_slug": "set-wet-cool-hold-hair-gel-10-ml-sachetmrp-10ea", "product_short_description": "Set Wet Cool Hold Hair Gel, 10 ml Sachet(MRP-10)(EA)", "product_long_description": "Set Wet Cool Hold Hair Gel, 10 ml Sachet(MRP-10)(EA)", "product_sku": "PERPERSWT00000006", "product_gf_code": "GF01673", "product_ean_code": "8901088062428", "product_hsn": null, "product_brand": 15, "product_inner_case_size": "12", "product_case_size": "480", "created_at": "2019-01-07T16:03:52.413", "modified_at": "2019-01-07T16:03:52.428", "status": true}}, {"model": "products.product", "pk": 16, "fields": {"product_name": "fortune sunflowers oil", "product_slug": "fortune-sunflowers-oil", "product_short_description": "Fortune Sun Lite Refined Sunflower Oil is a healthy", "product_long_description": "Fortune Sun Lite Refined Sunflower Oil is a healthy, light and nutritious oil that is simple to digest. Rich in natural vitamins, it consists mostly of poly-unsaturated fatty acids (PUFA) and is low in soaked fats. It is strong and makes you feel light and active level after heavy food.", "product_sku": "HOKHOKFRT00000006", "product_gf_code": "GF01273", "product_ean_code": "", "product_hsn": 1, "product_brand": 1, "product_inner_case_size": "4", "product_case_size": "2", "created_at": "2019-01-07T19:38:41.438", "modified_at": "2019-01-21T12:05:48.232", "status": true}}, {"model": "products.product", "pk": 17, "fields": {"product_name": "Pampers Pants Large 2Pc (MRP-28)", "product_slug": "pampers-pants-large-2pc-mrp-28", "product_short_description": "Pampers Pants Large 2Pc (MRP-28)", "product_long_description": "Pampers Pants Large 2Pc (MRP-28)", "product_sku": "BACBACPAM00000001", "product_gf_code": "GF01033", "product_ean_code": "8596545126895", "product_hsn": null, "product_brand": 4, "product_inner_case_size": "6", "product_case_size": "96", "created_at": "2019-01-23T12:08:00.938", "modified_at": "2019-01-23T12:08:12.891", "status": true}}, {"model": "products.product", "pk": 18, "fields": {"product_name": "Pampers Pants small 2pc (MRP-20)", "product_slug": "pampers-pants-small-2pc-mrp-20", "product_short_description": "Pampers Pants small 2pc (MRP-20)", "product_long_description": "Pampers Pants small 2pc (MRP-20)", "product_sku": "HEAHEAPAM00000001", "product_gf_code": "GF01041", "product_ean_code": "8596235648591", "product_hsn": null, "product_brand": 4, "product_inner_case_size": "6", "product_case_size": "96", "created_at": "2019-01-23T12:10:57.244", "modified_at": "2019-01-24T16:10:39.309", "status": true}}, {"model": "products.product", "pk": 20, "fields": {"product_name": "Tropicana Pomegranate Delight Fruit Juice - 200ml", "product_slug": "tropicana-pomegranate-delight-fruit-juice-200ml", "product_short_description": "Tropicana Pomegranate Delight Fruit Juice - 200ml TETRA (MRP-20) Pack of 30", "product_long_description": "Tropicana Pomegranate Delight Fruit Juice - 200ml TETRA (MRP-20) Pack of 30", "product_sku": "BEVBEVTRO00000001", "product_gf_code": "GF00424", "product_ean_code": "8.90208E+12", "product_hsn": null, "product_brand": 11, "product_inner_case_size": "30", "product_case_size": "30", "created_at": "2019-01-30T11:25:21.995", "modified_at": "2019-01-30T11:25:22.004", "status": true}}, {"model": "products.product", "pk": 21, "fields": {"product_name": "Tropicana Pomegranate Delight Fruit Juice - 1000ml", "product_slug": "tropicana-pomegranate-delight-fruit-juice-1000ml", "product_short_description": "Tropicana Pomegranate Delight Fruit Juice - 1000ml (MRP-110) Pack of 12", "product_long_description": "Tropicana Pomegranate Delight Fruit Juice - 1000ml (MRP-110) Pack of 12", "product_sku": "BEVBEVTRO00000002", "product_gf_code": "GF00423", "product_ean_code": "8.90208E+12", "product_hsn": null, "product_brand": 11, "product_inner_case_size": "12", "product_case_size": "12", "created_at": "2019-01-30T11:27:01.339", "modified_at": "2019-01-30T11:27:01.346", "status": true}}, {"model": "products.product", "pk": 22, "fields": {"product_name": "Tropicana Pineapple Delight Fruit Juice - 200ml", "product_slug": "tropicana-pineapple-delight-fruit-juice-200ml", "product_short_description": "Tropicana Pineapple Delight Fruit Juice - 200ml (MRP-20) Pack of 30", "product_long_description": "Tropicana Pineapple Delight Fruit Juice - 200ml (MRP-20) Pack of 30", "product_sku": "BEVBEVTRO00000003", "product_gf_code": "GF00422", "product_ean_code": "8.90208E+12", "product_hsn": null, "product_brand": 11, "product_inner_case_size": "30", "product_case_size": "30", "created_at": "2019-01-30T11:28:55.410", "modified_at": "2019-01-30T11:28:55.417", "status": true}}, {"model": "products.product", "pk": 23, "fields": {"product_name": "Thums Up PET 300 ml", "product_slug": "thums-up-pet-300-ml", "product_short_description": "Thums Up PET 300 ml (Mrp. 20) Pack of 24", "product_long_description": "Thums Up is a brand of cola in India. The logo is a red thumbs up. It was introduced in 1977 to offset the withdrawal of The Coca-Cola Company from India. The brand was later bought by Coca-Cola who re-launched it in order to compete against Pepsi.", "product_sku": "BEVBEVTRO00000004", "product_gf_code": "GF01335", "product_ean_code": "", "product_hsn": 3, "product_brand": 11, "product_inner_case_size": "24", "product_case_size": "24", "created_at": "2019-01-31T11:42:34.181", "modified_at": "2019-01-31T11:42:34.188", "status": true}}, {"model": "products.product", "pk": 24, "fields": {"product_name": "TAAZA TEA 500G", "product_slug": "taaza-tea-500g", "product_short_description": "Taaza Leaf Tea 500g(MRP-165)", "product_long_description": "Taaza Leaf Tea 500g(MRP-165)", "product_sku": "BEVBEVTAZ00000001", "product_gf_code": "GF01692_1", "product_ean_code": "", "product_hsn": 1, "product_brand": 17, "product_inner_case_size": "2", "product_case_size": "241", "created_at": "2019-02-01T13:31:31.631", "modified_at": "2019-02-01T15:31:45.540", "status": true}}, {"model": "products.product", "pk": 25, "fields": {"product_name": "Taaza Tea 250 gm", "product_slug": "taaza-tea-250-gm", "product_short_description": "Taaza Leaf Tea 250g(MRP-60)", "product_long_description": "Taaza Leaf Tea 250g(MRP-60)", "product_sku": "BEVBEVTAZ00000002", "product_gf_code": "GF01597_1", "product_ean_code": "", "product_hsn": 1, "product_brand": 17, "product_inner_case_size": "4", "product_case_size": "96", "created_at": "2019-02-01T13:32:38.240", "modified_at": "2019-02-01T15:31:30.598", "status": true}}, {"model": "products.product", "pk": 26, "fields": {"product_name": "Dove Intense Repair Shampoo 6ml+ 25%(MRP-3)", "product_slug": "dove-intense-repair-shampoo-6ml-25mrp-3", "product_short_description": "Dove Intense Repair Shampoo 6ml+ 25%(MRP-3)", "product_long_description": "Dove Intense Repair Shampoo 6ml+ 25%(MRP-3)", "product_sku": "PERPERDOV00000001", "product_gf_code": "GF01439", "product_ean_code": "", "product_hsn": null, "product_brand": 18, "product_inner_case_size": "16", "product_case_size": "960", "created_at": "2019-02-01T17:07:09.855", "modified_at": "2019-02-01T17:07:09.862", "status": true}}, {"model": "products.product", "pk": 27, "fields": {"product_name": "Haldiram All in One Mixture MRP 10", "product_slug": "haldiram-all-in-one-mixture-mrp-10", "product_short_description": "Haldiram All in One Mixture MRP 10", "product_long_description": "Haldiram All in One Mixture MRP 10", "product_sku": "BSCBSCHAS00000001", "product_gf_code": "GF01626", "product_ean_code": "8.90406E+12", "product_hsn": null, "product_brand": 20, "product_inner_case_size": "10", "product_case_size": "300", "created_at": "2019-02-04T11:45:51.677", "modified_at": "2019-02-04T11:45:51.684", "status": true}}, {"model": "products.product", "pk": 28, "fields": {"product_name": "RED LABEL 500G", "product_slug": "red-label-500g", "product_short_description": "RED LABEL A BLEND 500 G (RS. 185)", "product_long_description": "RED LABEL A BLEND 500 G (RS. 185)", "product_sku": "BEVBEVRED00000001", "product_gf_code": "GF01696_1", "product_ean_code": "", "product_hsn": null, "product_brand": 21, "product_inner_case_size": "2", "product_case_size": "24", "created_at": "2019-02-04T13:40:15.338", "modified_at": "2019-02-04T13:40:15.347", "status": true}}, {"model": "products.product", "pk": 29, "fields": {"product_name": "RED LABEL 500G", "product_slug": "red-label-500g", "product_short_description": "RED LABEL A BLEND 500 G (RS. 185)", "product_long_description": "RED LABEL A BLEND 500 G (RS. 185)", "product_sku": "BEVBEVRED00000002", "product_gf_code": "GF01696", "product_ean_code": "", "product_hsn": null, "product_brand": 21, "product_inner_case_size": "2", "product_case_size": "24", "created_at": "2019-02-04T13:41:56.680", "modified_at": "2019-02-04T13:41:56.687", "status": true}}, {"model": "products.product", "pk": 30, "fields": {"product_name": "Red Label  Natural Care 250 gm", "product_slug": "red-label-natural-care-250-gm", "product_short_description": "RED LABEL Natural Care 250 G (RS.120)", "product_long_description": "RED LABEL Natural Care 250 G (RS.120)", "product_sku": "BEVBEVRED00000003", "product_gf_code": "GF01695_1", "product_ean_code": "", "product_hsn": null, "product_brand": 21, "product_inner_case_size": "4", "product_case_size": "48", "created_at": "2019-02-04T13:43:47.092", "modified_at": "2019-02-04T13:43:47.099", "status": true}}, {"model": "products.product", "pk": 31, "fields": {"product_name": "Red Label  Natural Care 100 gm", "product_slug": "red-label-natural-care-100-gm", "product_short_description": "RED LABEL Natural Care 100 G (RS.50)", "product_long_description": "RED LABEL Natural Care 100 G (RS.50)", "product_sku": "BEVBEVRED00000004", "product_gf_code": "GF01694_1", "product_ean_code": "", "product_hsn": null, "product_brand": 21, "product_inner_case_size": "10", "product_case_size": "10", "created_at": "2019-02-04T13:44:51.055", "modified_at": "2019-02-04T13:44:51.061", "status": true}}, {"model": "products.product", "pk": 32, "fields": {"product_name": "fortune sunflowers oil", "product_slug": "fortune-sunflowers-oil", "product_short_description": "Fortune Sun Lite Refined Sunflower Oil is a healthy", "product_long_description": "Fortune Sun Lite Refined Sunflower Oil is a healthy, light and nutritious oil that is simple to digest. Rich in natural vitamins, it consists mostly of poly-unsaturated fatty acids (PUFA) and is low in soaked fats. It is strong and makes you feel light and active level after heavy food.", "product_sku": "HOKHOKFRT00000007", "product_gf_code": "12BBPRG00000121", "product_ean_code": "1234567890123", "product_hsn": 2, "product_brand": 1, "product_inner_case_size": "4", "product_case_size": "2", "created_at": "2019-02-05T14:40:23.554", "modified_at": "2019-02-07T18:07:54.511", "status": true}}, {"model": "products.product", "pk": 33, "fields": {"product_name": "Fanta PET 300 ml", "product_slug": "fanta-pet-300-ml", "product_short_description": "Fanta PET 300 ml (Mrp. 20) Pack of 24", "product_long_description": "Fanta is a brand of fruit-flavored carbonated drinks created by The Coca-Cola Company and marketed globally.", "product_sku": "BEVBEVFAN00000001", "product_gf_code": "GF01072", "product_ean_code": "", "product_hsn": 4, "product_brand": 22, "product_inner_case_size": "24", "product_case_size": "23", "created_at": "2019-02-05T16:36:22.018", "modified_at": "2019-02-05T16:36:22.025", "status": true}}, {"model": "products.product", "pk": 34, "fields": {"product_name": "Amul Ghee 24x500ml Rfl(MRP-225)", "product_slug": "amul-ghee-24x500ml-rflmrp-225", "product_short_description": "Ghee is good source of energy and provides vitality to human body", "product_long_description": "Amul Ghee is made from fresh cream and it has typical rich aroma and granular texture  Amul Ghee is an ethnic product made by dairies with decades of experience  and rich source of Vitamin A D E and K", "product_sku": "BSCBSCAMU00000001", "product_gf_code": "GF01201", "product_ean_code": "8.90E+12", "product_hsn": 5, "product_brand": 23, "product_inner_case_size": "1", "product_case_size": "24", "created_at": "2019-02-06T12:52:34.542", "modified_at": "2019-02-06T12:52:34.551", "status": true}}, {"model": "products.product", "pk": 35, "fields": {"product_name": "Amul Fresh Cream 32X250 mL TP(MRP-57)", "product_slug": "amul-fresh-cream-32x250-ml-tpmrp-57", "product_short_description": "Amul Fresh Cream is made up of fresh and pure milk cream", "product_long_description": "The fresh cream is sterilized at high temperature and it is packed air tight so the richness of the cream stays until it is opened  Amul Fresh Cream is made smooth to make preparations tastier", "product_sku": "BSCBSCAMU00000002", "product_gf_code": "GF00126", "product_ean_code": "8.90E+12", "product_hsn": 5, "product_brand": 23, "product_inner_case_size": "1", "product_case_size": "32", "created_at": "2019-02-06T12:54:52.071", "modified_at": "2019-02-06T12:54:52.078", "status": true}}, {"model": "products.product", "pk": 36, "fields": {"product_name": "Amul Ghee 12x1 Ltr Rfl(MRP-445)", "product_slug": "amul-ghee-12x1-ltr-rflmrp-445", "product_short_description": "Ghee is good source of energy and provides vitality to human body", "product_long_description": "Amul Ghee is made from fresh cream and it has typical rich aroma and granular texture  Amul Ghee is an ethnic product made by dairies with decades of experience  and rich source of Vitamin A D E and K", "product_sku": "BSCBSCAMU00000003", "product_gf_code": "GF01200", "product_ean_code": "8.90E+12", "product_hsn": 5, "product_brand": 23, "product_inner_case_size": "1", "product_case_size": "12", "created_at": "2019-02-06T12:54:55.494", "modified_at": "2019-02-06T12:54:55.501", "status": true}}, {"model": "products.product", "pk": 37, "fields": {"product_name": "Amul Ghee 12x1 Lt Tin(MRP-445)", "product_slug": "amul-ghee-12x1-lt-tinmrp-445", "product_short_description": "Ghee is good source of energy and provides vitality to human body", "product_long_description": "Amul Ghee is made from fresh cream and it has typical rich aroma and granular texture  Amul Ghee is an ethnic product made by dairies with decades of experience  and rich source of Vitamin A D E and K", "product_sku": "BSCBSCAMU00000004", "product_gf_code": "GF01199", "product_ean_code": "8.90E+12", "product_hsn": 5, "product_brand": 23, "product_inner_case_size": "1", "product_case_size": "12", "created_at": "2019-02-06T12:56:07.286", "modified_at": "2019-02-06T12:56:07.293", "status": true}}, {"model": "products.product", "pk": 38, "fields": {"product_name": "Amul Fresh Cream 12x1 Ltr TP(MRP-182)", "product_slug": "amul-fresh-cream-12x1-ltr-tpmrp-182", "product_short_description": "Amul Fresh Cream is made up of fresh and pure milk cream", "product_long_description": "The fresh cream is sterilized at high temperature and it is packed air tight so the richness of the cream stays until it is opened  Amul Fresh Cream is made smooth to make preparations tastier", "product_sku": "BSCBSCAMU00000005", "product_gf_code": "GF00125", "product_ean_code": "8.90E+12", "product_hsn": null, "product_brand": 23, "product_inner_case_size": "1", "product_case_size": "12", "created_at": "2019-02-06T12:56:24.959", "modified_at": "2019-02-06T12:56:24.966", "status": true}}, {"model": "products.product", "pk": 39, "fields": {"product_name": "Kelloggs Chocos 250g (MRP 115)", "product_slug": "kelloggs-chocos-250g-mrp-115", "product_short_description": "Kelloggs Chocos 250g (MRP 115)", "product_long_description": "Kelloggs Chocos 250g (MRP 115)", "product_sku": "BREBRECHO00000001", "product_gf_code": "GF01429", "product_ean_code": "", "product_hsn": 1, "product_brand": 26, "product_inner_case_size": "4", "product_case_size": "16", "created_at": "2019-02-06T17:38:57.483", "modified_at": "2019-02-06T17:38:57.490", "status": true}}, {"model": "products.product", "pk": 40, "fields": {"product_name": "Kelloggs Chocos 60g (MRP 20)", "product_slug": "kelloggs-chocos-60g-mrp-20", "product_short_description": "Kelloggs Chocos 60g (MRP 20)", "product_long_description": "Kelloggs Chocos 60g (MRP 20)", "product_sku": "BREBRECHO00000002", "product_gf_code": "GF01428", "product_ean_code": "", "product_hsn": 2, "product_brand": 26, "product_inner_case_size": "12", "product_case_size": "96", "created_at": "2019-02-06T17:40:12.641", "modified_at": "2019-02-06T17:40:12.649", "status": true}}, {"model": "products.product", "pk": 41, "fields": {"product_name": "Kelloggs Chocos 26g (MRP 10)", "product_slug": "kelloggs-chocos-26g-mrp-10", "product_short_description": "Kelloggs Chocos 26g (MRP 10)", "product_long_description": "Kelloggs Chocos 26g (MRP 10)", "product_sku": "BREBRECHO00000003", "product_gf_code": "GF01427", "product_ean_code": "8.9015E+12", "product_hsn": null, "product_brand": 26, "product_inner_case_size": "16", "product_case_size": "192", "created_at": "2019-02-06T17:41:13.496", "modified_at": "2019-02-06T17:41:13.503", "status": true}}, {"model": "products.product", "pk": 42, "fields": {"product_name": "Kelloggs Corn Flakes 475g (MRP 175)", "product_slug": "kelloggs-corn-flakes-475g-mrp-175", "product_short_description": "Kelloggs Corn Flakes 475g (MRP 175)", "product_long_description": "Kelloggs Corn Flakes 475g (MRP 175)", "product_sku": "BREBRECHO00000004", "product_gf_code": "GF01425", "product_ean_code": "", "product_hsn": 3, "product_brand": 26, "product_inner_case_size": "4", "product_case_size": "12", "created_at": "2019-02-06T17:42:36.768", "modified_at": "2019-02-06T17:42:36.775", "status": true}}, {"model": "products.product", "pk": 43, "fields": {"product_name": "Kelloggs Corn Flakes 100g (MRP 38)", "product_slug": "kelloggs-corn-flakes-100g-mrp-38", "product_short_description": "Kelloggs Corn Flakes 100g (MRP 38)", "product_long_description": "Kelloggs Corn Flakes 100g (MRP 38)", "product_sku": "BREBRECHO00000005", "product_gf_code": "GF01424", "product_ean_code": "8.9015E+12", "product_hsn": null, "product_brand": 26, "product_inner_case_size": "6", "product_case_size": "36", "created_at": "2019-02-06T17:43:31.470", "modified_at": "2019-02-06T17:43:31.477", "status": true}}, {"model": "products.product", "pk": 44, "fields": {"product_name": "Godrej Ezee, 40 gm", "product_slug": "godrej-ezee-40-gm", "product_short_description": "Godrej Ezee, 40 gm", "product_long_description": "Godrej Ezee, 40 gm", "product_sku": "HOKHOKEZE00000001", "product_gf_code": "GF01691", "product_ean_code": "", "product_hsn": 5, "product_brand": 29, "product_inner_case_size": "12", "product_case_size": "216", "created_at": "2019-02-12T12:09:44.769", "modified_at": "2019-02-12T12:09:44.777", "status": true}}, {"model": "products.product", "pk": 45, "fields": {"product_name": "Ezee Detergent Liquid, 500gm", "product_slug": "ezee-detergent-liquid-500gm", "product_short_description": "Ezee Detergent Liquid, 500gm", "product_long_description": "Ezee Detergent Liquid, 500gm", "product_sku": "HOKHOKEZE00000002", "product_gf_code": "GF00060_1", "product_ean_code": "", "product_hsn": 1, "product_brand": 29, "product_inner_case_size": "6", "product_case_size": "24", "created_at": "2019-02-12T12:24:24.907", "modified_at": "2019-02-12T12:24:24.915", "status": true}}, {"model": "products.product", "pk": 46, "fields": {"product_name": "Ezee Detergent Liquid, 250gm", "product_slug": "ezee-detergent-liquid-250gm", "product_short_description": "Ezee Detergent Liquid, 250gm", "product_long_description": "Ezee Detergent Liquid, 250gm", "product_sku": "HOKHOKEZE00000003", "product_gf_code": "GF00059", "product_ean_code": "8900000000000", "product_hsn": 4, "product_brand": 29, "product_inner_case_size": "4", "product_case_size": "60", "created_at": "2019-02-12T12:26:24.586", "modified_at": "2019-02-12T12:26:24.592", "status": true}}, {"model": "products.product", "pk": 47, "fields": {"product_name": "Dove Intense Repair Shampoo, 6ml", "product_slug": "dove-intense-repair-shampoo-6ml", "product_short_description": "Dove Intense Repair Shampoo, 6ml", "product_long_description": "Dove Intense Repair Shampoo, 6ml", "product_sku": "PERPERDOV00000002", "product_gf_code": "GF01170", "product_ean_code": "8900000000000", "product_hsn": 6, "product_brand": 31, "product_inner_case_size": "16", "product_case_size": "960", "created_at": "2019-02-12T12:26:39.077", "modified_at": "2019-02-12T12:26:39.084", "status": true}}, {"model": "products.product", "pk": 48, "fields": {"product_name": "Dove Hair fall Rescue Shampoo,6ml", "product_slug": "dove-hair-fall-rescue-shampoo6ml", "product_short_description": "Dove Hair fall Rescue Shampoo,6ml", "product_long_description": "Dove Hair fall Rescue Shampoo,6ml", "product_sku": "PERPERDOV00000003", "product_gf_code": "GF01169", "product_ean_code": "8900000000000", "product_hsn": 6, "product_brand": 31, "product_inner_case_size": "16", "product_case_size": "960", "created_at": "2019-02-12T12:28:01.952", "modified_at": "2019-02-12T12:28:01.961", "status": true}}, {"model": "products.product", "pk": 49, "fields": {"product_name": "Dove Shampoo Straight & Silky Shampoo, 6ml", "product_slug": "dove-shampoo-straight-silky-shampoo-6ml", "product_short_description": "Dove Shampoo Straight & Silky Shampoo, 6ml", "product_long_description": "Dove Shampoo Straight & Silky Shampoo, 6ml", "product_sku": "PERPERDOV00000004", "product_gf_code": "GF01168", "product_ean_code": "8900000000000", "product_hsn": 6, "product_brand": 31, "product_inner_case_size": "16", "product_case_size": "960", "created_at": "2019-02-12T12:29:17.835", "modified_at": "2019-02-12T12:29:17.842", "status": true}}, {"model": "products.product", "pk": 50, "fields": {"product_name": "DOVE CREAM BEAUTY BATHING BAR,  50 GM", "product_slug": "dove-cream-beauty-bathing-bar-50-gm", "product_short_description": "DOVE CREAM BEAUTY BATHING BAR,  50 GM", "product_long_description": "DOVE CREAM BEAUTY BATHING BAR,  50 GM", "product_sku": "PERPERDOV00000005", "product_gf_code": "GF01192", "product_ean_code": "8.9E+12", "product_hsn": 7, "product_brand": 31, "product_inner_case_size": "6", "product_case_size": "72", "created_at": "2019-02-12T12:35:06.921", "modified_at": "2019-02-12T12:36:14.532", "status": true}}, {"model": "products.productskugenerator", "pk": 1, "fields": {"parent_cat_sku_code": "BEV", "cat_sku_code": "BEV", "brand_sku_code": "PEP", "last_auto_increment": "00000001"}}, {"model": "products.productskugenerator", "pk": 2, "fields": {"parent_cat_sku_code": "HOK", "cat_sku_code": "HOK", "brand_sku_code": "FRT", "last_auto_increment": "00000001"}}, {"model": "products.productskugenerator", "pk": 3, "fields": {"parent_cat_sku_code": "HOK", "cat_sku_code": "HOK", "brand_sku_code": "FRT", "last_auto_increment": "00000002"}}, {"model": "products.productskugenerator", "pk": 4, "fields": {"parent_cat_sku_code": "HOK", "cat_sku_code": "HOK", "brand_sku_code": "FRT", "last_auto_increment": "00000003"}}, {"model": "products.productskugenerator", "pk": 5, "fields": {"parent_cat_sku_code": "HOK", "cat_sku_code": "HOK", "brand_sku_code": "FRT", "last_auto_increment": "00000004"}}, {"model": "products.productskugenerator", "pk": 6, "fields": {"parent_cat_sku_code": "HOK", "cat_sku_code": "HOK", "brand_sku_code": "MGI", "last_auto_increment": "00000001"}}, {"model": "products.productskugenerator", "pk": 7, "fields": {"parent_cat_sku_code": "SAU", "cat_sku_code": "SAU", "brand_sku_code": "MGI", "last_auto_increment": "00000001"}}, {"model": "products.productskugenerator", "pk": 8, "fields": {"parent_cat_sku_code": "SAU", "cat_sku_code": "SAU", "brand_sku_code": "MGI", "last_auto_increment": "00000002"}}, {"model": "products.productskugenerator", "pk": 9, "fields": {"parent_cat_sku_code": "BAC", "cat_sku_code": "BAC", "brand_sku_code": "NES", "last_auto_increment": "00000001"}}, {"model": "products.productskugenerator", "pk": 10, "fields": {"parent_cat_sku_code": "PER", "cat_sku_code": "PER", "brand_sku_code": "SWT", "last_auto_increment": "00000001"}}, {"model": "products.productskugenerator", "pk": 11, "fields": {"parent_cat_sku_code": "PER", "cat_sku_code": "PER", "brand_sku_code": "SWT", "last_auto_increment": "00000002"}}, {"model": "products.productskugenerator", "pk": 12, "fields": {"parent_cat_sku_code": "PER", "cat_sku_code": "PER", "brand_sku_code": "SWT", "last_auto_increment": "00000003"}}, {"model": "products.productskugenerator", "pk": 13, "fields": {"parent_cat_sku_code": "PER", "cat_sku_code": "PER", "brand_sku_code": "SWT", "last_auto_increment": "00000004"}}, {"model": "products.productskugenerator", "pk": 14, "fields": {"parent_cat_sku_code": "PER", "cat_sku_code": "PER", "brand_sku_code": "SWT", "last_auto_increment": "00000005"}}, {"model": "products.productskugenerator", "pk": 15, "fields": {"parent_cat_sku_code": "PER", "cat_sku_code": "PER", "brand_sku_code": "SWT", "last_auto_increment": "00000006"}}, {"model": "products.productskugenerator", "pk": 16, "fields": {"parent_cat_sku_code": "HOK", "cat_sku_code": "HOK", "brand_sku_code": "FRT", "last_auto_increment": "00000005"}}, {"model": "products.productskugenerator", "pk": 17, "fields": {"parent_cat_sku_code": "BEV", "cat_sku_code": "BEV", "brand_sku_code": "PEP", "last_auto_increment": "00000002"}}, {"model": "products.productskugenerator", "pk": 18, "fields": {"parent_cat_sku_code": "HOK", "cat_sku_code": "HOK", "brand_sku_code": "FRT", "last_auto_increment": "00000006"}}, {"model": "products.productskugenerator", "pk": 19, "fields": {"parent_cat_sku_code": "BAC", "cat_sku_code": "BAC", "brand_sku_code": "PAM", "last_auto_increment": "00000001"}}, {"model": "products.productskugenerator", "pk": 20, "fields": {"parent_cat_sku_code": "BAC", "cat_sku_code": "BAC", "brand_sku_code": "PAM", "last_auto_increment": "00000002"}}, {"model": "products.productskugenerator", "pk": 21, "fields": {"parent_cat_sku_code": "HEA", "cat_sku_code": "HEA", "brand_sku_code": "PAM", "last_auto_increment": "00000001"}}, {"model": "products.productskugenerator", "pk": 22, "fields": {"parent_cat_sku_code": "BEV", "cat_sku_code": "BEV", "brand_sku_code": "TRO", "last_auto_increment": "00000001"}}, {"model": "products.productskugenerator", "pk": 23, "fields": {"parent_cat_sku_code": "BEV", "cat_sku_code": "BEV", "brand_sku_code": "TRO", "last_auto_increment": "00000002"}}, {"model": "products.productskugenerator", "pk": 24, "fields": {"parent_cat_sku_code": "BEV", "cat_sku_code": "BEV", "brand_sku_code": "TRO", "last_auto_increment": "00000003"}}, {"model": "products.productskugenerator", "pk": 25, "fields": {"parent_cat_sku_code": "BEV", "cat_sku_code": "BEV", "brand_sku_code": "TRO", "last_auto_increment": "00000004"}}, {"model": "products.productskugenerator", "pk": 26, "fields": {"parent_cat_sku_code": "BEV", "cat_sku_code": "BEV", "brand_sku_code": "TAZ", "last_auto_increment": "00000001"}}, {"model": "products.productskugenerator", "pk": 27, "fields": {"parent_cat_sku_code": "BEV", "cat_sku_code": "BEV", "brand_sku_code": "TAZ", "last_auto_increment": "00000002"}}, {"model": "products.productskugenerator", "pk": 28, "fields": {"parent_cat_sku_code": "PER", "cat_sku_code": "PER", "brand_sku_code": "DOV", "last_auto_increment": "00000001"}}, {"model": "products.productskugenerator", "pk": 29, "fields": {"parent_cat_sku_code": "BSC", "cat_sku_code": "BSC", "brand_sku_code": "HAS", "last_auto_increment": "00000001"}}, {"model": "products.productskugenerator", "pk": 30, "fields": {"parent_cat_sku_code": "BEV", "cat_sku_code": "BEV", "brand_sku_code": "RED", "last_auto_increment": "00000001"}}, {"model": "products.productskugenerator", "pk": 31, "fields": {"parent_cat_sku_code": "BEV", "cat_sku_code": "BEV", "brand_sku_code": "RED", "last_auto_increment": "00000002"}}, {"model": "products.productskugenerator", "pk": 32, "fields": {"parent_cat_sku_code": "BEV", "cat_sku_code": "BEV", "brand_sku_code": "RED", "last_auto_increment": "00000003"}}, {"model": "products.productskugenerator", "pk": 33, "fields": {"parent_cat_sku_code": "BEV", "cat_sku_code": "BEV", "brand_sku_code": "RED", "last_auto_increment": "00000004"}}, {"model": "products.productskugenerator", "pk": 34, "fields": {"parent_cat_sku_code": "HOK", "cat_sku_code": "HOK", "brand_sku_code": "FRT", "last_auto_increment": "00000007"}}, {"model": "products.productskugenerator", "pk": 35, "fields": {"parent_cat_sku_code": "BEV", "cat_sku_code": "BEV", "brand_sku_code": "FAN", "last_auto_increment": "00000001"}}, {"model": "products.productskugenerator", "pk": 36, "fields": {"parent_cat_sku_code": "BSC", "cat_sku_code": "BSC", "brand_sku_code": "AMU", "last_auto_increment": "00000001"}}, {"model": "products.productskugenerator", "pk": 37, "fields": {"parent_cat_sku_code": "BSC", "cat_sku_code": "BSC", "brand_sku_code": "AMU", "last_auto_increment": "00000002"}}, {"model": "products.productskugenerator", "pk": 38, "fields": {"parent_cat_sku_code": "BSC", "cat_sku_code": "BSC", "brand_sku_code": "AMU", "last_auto_increment": "00000003"}}, {"model": "products.productskugenerator", "pk": 39, "fields": {"parent_cat_sku_code": "BSC", "cat_sku_code": "BSC", "brand_sku_code": "AMU", "last_auto_increment": "00000004"}}, {"model": "products.productskugenerator", "pk": 40, "fields": {"parent_cat_sku_code": "BSC", "cat_sku_code": "BSC", "brand_sku_code": "AMU", "last_auto_increment": "00000005"}}, {"model": "products.productskugenerator", "pk": 41, "fields": {"parent_cat_sku_code": "BRE", "cat_sku_code": "BRE", "brand_sku_code": "CHO", "last_auto_increment": "00000001"}}, {"model": "products.productskugenerator", "pk": 42, "fields": {"parent_cat_sku_code": "BRE", "cat_sku_code": "BRE", "brand_sku_code": "CHO", "last_auto_increment": "00000002"}}, {"model": "products.productskugenerator", "pk": 43, "fields": {"parent_cat_sku_code": "BRE", "cat_sku_code": "BRE", "brand_sku_code": "CHO", "last_auto_increment": "00000003"}}, {"model": "products.productskugenerator", "pk": 44, "fields": {"parent_cat_sku_code": "BRE", "cat_sku_code": "BRE", "brand_sku_code": "CHO", "last_auto_increment": "00000004"}}, {"model": "products.productskugenerator", "pk": 45, "fields": {"parent_cat_sku_code": "BRE", "cat_sku_code": "BRE", "brand_sku_code": "CHO", "last_auto_increment": "00000005"}}, {"model": "products.productskugenerator", "pk": 46, "fields": {"parent_cat_sku_code": "HOK", "cat_sku_code": "HOK", "brand_sku_code": "EZE", "last_auto_increment": "00000001"}}, {"model": "products.productskugenerator", "pk": 47, "fields": {"parent_cat_sku_code": "HOK", "cat_sku_code": "HOK", "brand_sku_code": "EZE", "last_auto_increment": "00000002"}}, {"model": "products.productskugenerator", "pk": 48, "fields": {"parent_cat_sku_code": "HOK", "cat_sku_code": "HOK", "brand_sku_code": "EZE", "last_auto_increment": "00000003"}}, {"model": "products.productskugenerator", "pk": 49, "fields": {"parent_cat_sku_code": "PER", "cat_sku_code": "PER", "brand_sku_code": "DOV", "last_auto_increment": "00000002"}}, {"model": "products.productskugenerator", "pk": 50, "fields": {"parent_cat_sku_code": "PER", "cat_sku_code": "PER", "brand_sku_code": "DOV", "last_auto_increment": "00000003"}}, {"model": "products.productskugenerator", "pk": 51, "fields": {"parent_cat_sku_code": "PER", "cat_sku_code": "PER", "brand_sku_code": "DOV", "last_auto_increment": "00000004"}}, {"model": "products.productskugenerator", "pk": 52, "fields": {"parent_cat_sku_code": "PER", "cat_sku_code": "PER", "brand_sku_code": "DOV", "last_auto_increment": "00000005"}}, {"model": "products.productoption", "pk": 2, "fields": {"product": 3, "size": 2, "color": 2, "fragrance": 1, "flavor": 2, "weight": 4, "package_size": null, "created_at": "2019-01-04T13:54:40.094", "modified_at": "2019-01-04T13:54:40.094"}}, {"model": "products.productoption", "pk": 3, "fields": {"product": 4, "size": 2, "color": 1, "fragrance": 1, "flavor": 1, "weight": 1, "package_size": 1, "created_at": "2019-01-04T13:59:41.466", "modified_at": "2019-01-04T13:59:41.466"}}, {"model": "products.productoption", "pk": 4, "fields": {"product": 1, "size": 2, "color": 1, "fragrance": 1, "flavor": 2, "weight": 4, "package_size": null, "created_at": "2019-01-06T19:51:56.130", "modified_at": "2019-01-06T19:51:56.130"}}, {"model": "products.productoption", "pk": 5, "fields": {"product": 5, "size": 2, "color": 4, "fragrance": null, "flavor": null, "weight": 1, "package_size": null, "created_at": "2019-01-07T15:54:29.808", "modified_at": "2019-01-07T15:54:29.808"}}, {"model": "products.productoption", "pk": 6, "fields": {"product": 6, "size": 2, "color": 3, "fragrance": null, "flavor": 1, "weight": 2, "package_size": null, "created_at": "2019-01-07T15:56:30.707", "modified_at": "2019-01-07T15:56:30.707"}}, {"model": "products.productoption", "pk": 7, "fields": {"product": 7, "size": 1, "color": 2, "fragrance": null, "flavor": null, "weight": 2, "package_size": null, "created_at": "2019-01-07T15:59:55.329", "modified_at": "2019-01-07T15:59:55.329"}}, {"model": "products.productoption", "pk": 8, "fields": {"product": 8, "size": null, "color": null, "fragrance": null, "flavor": null, "weight": null, "package_size": null, "created_at": "2019-01-07T16:03:52.283", "modified_at": "2019-01-07T16:03:52.283"}}, {"model": "products.productoption", "pk": 9, "fields": {"product": 9, "size": null, "color": null, "fragrance": null, "flavor": null, "weight": null, "package_size": null, "created_at": "2019-01-07T16:03:52.313", "modified_at": "2019-01-07T16:03:52.313"}}, {"model": "products.productoption", "pk": 10, "fields": {"product": 10, "size": null, "color": null, "fragrance": null, "flavor": null, "weight": null, "package_size": null, "created_at": "2019-01-07T16:03:52.343", "modified_at": "2019-01-07T16:03:52.343"}}, {"model": "products.productoption", "pk": 11, "fields": {"product": 11, "size": null, "color": null, "fragrance": null, "flavor": null, "weight": null, "package_size": null, "created_at": "2019-01-07T16:03:52.374", "modified_at": "2019-01-07T16:03:52.374"}}, {"model": "products.productoption", "pk": 12, "fields": {"product": 12, "size": 1, "color": null, "fragrance": null, "flavor": null, "weight": null, "package_size": null, "created_at": "2019-01-07T16:03:52.403", "modified_at": "2019-01-07T16:12:51.629"}}, {"model": "products.productoption", "pk": 13, "fields": {"product": 13, "size": null, "color": null, "fragrance": null, "flavor": null, "weight": null, "package_size": null, "created_at": "2019-01-07T16:03:52.435", "modified_at": "2019-01-07T16:03:52.435"}}, {"model": "products.productoption", "pk": 16, "fields": {"product": 16, "size": 1, "color": 1, "fragrance": 1, "flavor": 1, "weight": 1, "package_size": 1, "created_at": "2019-01-07T19:38:41.465", "modified_at": "2019-01-07T19:38:41.465"}}, {"model": "products.productoption", "pk": 17, "fields": {"product": 23, "size": null, "color": null, "fragrance": null, "flavor": null, "weight": 1, "package_size": null, "created_at": "2019-01-31T11:42:34.191", "modified_at": "2019-01-31T11:42:34.191"}}, {"model": "products.productoption", "pk": 18, "fields": {"product": 32, "size": 1, "color": 1, "fragrance": 1, "flavor": 1, "weight": 1, "package_size": 1, "created_at": "2019-02-05T14:40:23.590", "modified_at": "2019-02-07T18:07:54.522"}}, {"model": "products.productoption", "pk": 19, "fields": {"product": 50, "size": null, "color": null, "fragrance": null, "flavor": null, "weight": null, "package_size": null, "created_at": "2019-02-12T12:35:06.951", "modified_at": "2019-02-12T12:36:14.534"}}, {"model": "products.productprice", "pk": 24, "fields": {"product": 4, "city": null, "area": null, "mrp": 100.0, "shop": 54, "price_to_service_partner": 100.0, "price_to_retailer": 90.0, "price_to_super_retailer": 80.0, "cash_discount": null, "loyalty_incentive": null, "start_date": null, "end_date": null, "created_at": "2019-01-15T18:17:16.359", "modified_at": "2019-01-21T12:57:22.868", "status": true}}, {"model": "products.productprice", "pk": 25, "fields": {"product": 1, "city": 1, "area": 1, "mrp": 100.0, "shop": 48, "price_to_service_partner": 90.0, "price_to_retailer": 90.0, "price_to_super_retailer": 90.0, "cash_discount": null, "loyalty_incentive": null, "start_date": null, "end_date": null, "created_at": "2019-01-21T12:09:36.170", "modified_at": "2019-01-21T12:56:47.020", "status": false}}, {"model": "products.productprice", "pk": 26, "fields": {"product": 17, "city": 1, "area": 1, "mrp": 50.0, "shop": 54, "price_to_service_partner": 48.0, "price_to_retailer": 40.0, "price_to_super_retailer": 41.0, "cash_discount": null, "loyalty_incentive": null, "start_date": "2019-01-11T06:00:00", "end_date": "2019-04-19T12:00:00", "created_at": "2019-01-23T12:14:34.538", "modified_at": "2019-01-23T12:14:34.538", "status": true}}, {"model": "products.productprice", "pk": 27, "fields": {"product": 18, "city": 1, "area": 1, "mrp": 48.0, "shop": 54, "price_to_service_partner": 42.0, "price_to_retailer": 40.0, "price_to_super_retailer": 39.0, "cash_discount": null, "loyalty_incentive": null, "start_date": "2019-01-15T06:00:00", "end_date": "2019-04-04T18:00:00", "created_at": "2019-01-23T12:15:00.970", "modified_at": "2019-01-26T13:52:58.940", "status": true}}, {"model": "products.productprice", "pk": 28, "fields": {"product": 4, "city": 1, "area": 1, "mrp": 120.0, "shop": 61, "price_to_service_partner": 115.0, "price_to_retailer": 110.0, "price_to_super_retailer": 109.0, "cash_discount": null, "loyalty_incentive": null, "start_date": "2019-01-07T00:00:00", "end_date": "2019-04-18T12:00:00", "created_at": "2019-01-28T15:19:28.698", "modified_at": "2019-01-28T16:35:05.553", "status": true}}, {"model": "products.productprice", "pk": 29, "fields": {"product": 16, "city": 1, "area": 1, "mrp": 140.0, "shop": 61, "price_to_service_partner": 135.0, "price_to_retailer": 130.0, "price_to_super_retailer": 128.0, "cash_discount": null, "loyalty_incentive": null, "start_date": null, "end_date": null, "created_at": "2019-01-28T15:19:55.957", "modified_at": "2019-01-28T16:35:14.181", "status": true}}, {"model": "products.productprice", "pk": 30, "fields": {"product": 3, "city": 1, "area": 1, "mrp": 100.0, "shop": 63, "price_to_service_partner": 90.0, "price_to_retailer": 90.0, "price_to_super_retailer": 90.0, "cash_discount": null, "loyalty_incentive": null, "start_date": null, "end_date": null, "created_at": "2019-01-28T15:21:35.862", "modified_at": "2019-02-05T16:39:42.595", "status": true}}, {"model": "products.productprice", "pk": 31, "fields": {"product": 5, "city": 1, "area": 1, "mrp": 50.0, "shop": 61, "price_to_service_partner": 45.0, "price_to_retailer": 40.0, "price_to_super_retailer": 39.0, "cash_discount": null, "loyalty_incentive": null, "start_date": "2019-01-08T06:00:00", "end_date": "2019-03-21T06:00:00", "created_at": "2019-01-28T16:36:12.592", "modified_at": "2019-01-28T16:36:12.592", "status": true}}, {"model": "products.productprice", "pk": 32, "fields": {"product": 1, "city": 1, "area": 1, "mrp": 20.0, "shop": 61, "price_to_service_partner": 20.0, "price_to_retailer": 16.0, "price_to_super_retailer": 18.0, "cash_discount": null, "loyalty_incentive": null, "start_date": null, "end_date": null, "created_at": "2019-01-28T16:36:36.103", "modified_at": "2019-01-28T16:36:36.103", "status": false}}, {"model": "products.productprice", "pk": 33, "fields": {"product": 8, "city": 4, "area": 1, "mrp": 85.0, "shop": 62, "price_to_service_partner": 84.0, "price_to_retailer": 80.0, "price_to_super_retailer": 81.0, "cash_discount": null, "loyalty_incentive": null, "start_date": "2019-01-07T12:00:00", "end_date": "2019-03-14T12:00:00", "created_at": "2019-01-28T16:37:38.091", "modified_at": "2019-01-28T16:37:38.091", "status": true}}, {"model": "products.productprice", "pk": 34, "fields": {"product": 9, "city": 4, "area": 1, "mrp": 62.0, "shop": 62, "price_to_service_partner": 60.0, "price_to_retailer": 58.0, "price_to_super_retailer": 59.0, "cash_discount": null, "loyalty_incentive": null, "start_date": null, "end_date": null, "created_at": "2019-01-28T16:38:04.306", "modified_at": "2019-01-28T16:38:04.306", "status": true}}, {"model": "products.productprice", "pk": 35, "fields": {"product": 21, "city": 1, "area": 1, "mrp": 200.0, "shop": null, "price_to_service_partner": 190.0, "price_to_retailer": 190.0, "price_to_super_retailer": 190.0, "cash_discount": null, "loyalty_incentive": null, "start_date": null, "end_date": null, "created_at": "2019-01-30T11:32:32.599", "modified_at": "2019-01-30T11:32:32.599", "status": false}}, {"model": "products.productprice", "pk": 36, "fields": {"product": 21, "city": 1, "area": 1, "mrp": 200.0, "shop": null, "price_to_service_partner": 180.0, "price_to_retailer": 180.0, "price_to_super_retailer": 180.0, "cash_discount": null, "loyalty_incentive": null, "start_date": null, "end_date": null, "created_at": "2019-01-30T11:33:40.449", "modified_at": "2019-01-30T11:33:40.449", "status": true}}, {"model": "products.productprice", "pk": 37, "fields": {"product": 22, "city": 1, "area": 1, "mrp": 250.0, "shop": 88, "price_to_service_partner": 240.0, "price_to_retailer": 240.0, "price_to_super_retailer": 240.0, "cash_discount": null, "loyalty_incentive": null, "start_date": null, "end_date": null, "created_at": "2019-01-30T11:37:01.237", "modified_at": "2019-02-11T17:49:52.061", "status": true}}, {"model": "products.productprice", "pk": 38, "fields": {"product": 6, "city": 1, "area": 1, "mrp": 59.0, "shop": 62, "price_to_service_partner": 55.0, "price_to_retailer": 54.0, "price_to_super_retailer": 52.0, "cash_discount": null, "loyalty_incentive": null, "start_date": null, "end_date": null, "created_at": "2019-01-30T16:45:20.413", "modified_at": "2019-01-30T16:45:20.413", "status": true}}, {"model": "products.productprice", "pk": 39, "fields": {"product": 23, "city": 1, "area": 1, "mrp": 100.0, "shop": null, "price_to_service_partner": 90.0, "price_to_retailer": 90.0, "price_to_super_retailer": 90.0, "cash_discount": null, "loyalty_incentive": null, "start_date": null, "end_date": null, "created_at": "2019-01-31T11:46:12.803", "modified_at": "2019-01-31T11:46:12.803", "status": true}}, {"model": "products.productprice", "pk": 40, "fields": {"product": 1, "city": 1, "area": 1, "mrp": 100.0, "shop": 63, "price_to_service_partner": 90.0, "price_to_retailer": 90.0, "price_to_super_retailer": 90.0, "cash_discount": null, "loyalty_incentive": null, "start_date": null, "end_date": null, "created_at": "2019-01-31T12:14:14.795", "modified_at": "2019-01-31T12:14:14.795", "status": true}}, {"model": "products.productprice", "pk": 41, "fields": {"product": 1, "city": 1, "area": 1, "mrp": 100.0, "shop": 61, "price_to_service_partner": 90.0, "price_to_retailer": 90.0, "price_to_super_retailer": 90.0, "cash_discount": null, "loyalty_incentive": null, "start_date": null, "end_date": null, "created_at": "2019-01-31T12:18:32.324", "modified_at": "2019-01-31T12:18:32.324", "status": true}}, {"model": "products.productprice", "pk": 42, "fields": {"product": 17, "city": 1, "area": 1, "mrp": 100.0, "shop": 62, "price_to_service_partner": 95.0, "price_to_retailer": 90.0, "price_to_super_retailer": 82.0, "cash_discount": null, "loyalty_incentive": null, "start_date": "2019-02-04T00:00:00", "end_date": "2019-04-18T18:00:00", "created_at": "2019-02-01T13:13:24.177", "modified_at": "2019-02-01T13:13:24.177", "status": true}}, {"model": "products.productprice", "pk": 43, "fields": {"product": 18, "city": 1, "area": 1, "mrp": 85.0, "shop": 62, "price_to_service_partner": 82.0, "price_to_retailer": 80.0, "price_to_super_retailer": 79.0, "cash_discount": null, "loyalty_incentive": null, "start_date": "2019-02-14T06:00:00", "end_date": "2019-03-13T00:00:00", "created_at": "2019-02-01T13:14:51.607", "modified_at": "2019-02-01T13:14:51.607", "status": true}}, {"model": "products.productprice", "pk": 44, "fields": {"product": 20, "city": 1, "area": 1, "mrp": 100.0, "shop": 88, "price_to_service_partner": 91.0, "price_to_retailer": 95.0, "price_to_super_retailer": 93.0, "cash_discount": null, "loyalty_incentive": null, "start_date": "2019-02-11T12:00:00", "end_date": "2019-04-25T12:00:00", "created_at": "2019-02-01T13:15:47.730", "modified_at": "2019-02-11T17:47:40.594", "status": true}}, {"model": "products.productprice", "pk": 45, "fields": {"product": 21, "city": 1, "area": 1, "mrp": 120.0, "shop": 88, "price_to_service_partner": 110.0, "price_to_retailer": 100.0, "price_to_super_retailer": 93.0, "cash_discount": null, "loyalty_incentive": null, "start_date": null, "end_date": null, "created_at": "2019-02-01T13:16:18.258", "modified_at": "2019-02-11T17:47:00.769", "status": true}}, {"model": "products.productprice", "pk": 46, "fields": {"product": 25, "city": 1, "area": 1, "mrp": 100.0, "shop": 71, "price_to_service_partner": 90.0, "price_to_retailer": 85.0, "price_to_super_retailer": 82.0, "cash_discount": null, "loyalty_incentive": null, "start_date": null, "end_date": null, "created_at": "2019-02-01T13:35:31.907", "modified_at": "2019-02-01T13:35:31.907", "status": true}}, {"model": "products.productprice", "pk": 47, "fields": {"product": 24, "city": 1, "area": 1, "mrp": 120.0, "shop": 71, "price_to_service_partner": 110.0, "price_to_retailer": 100.0, "price_to_super_retailer": 93.0, "cash_discount": null, "loyalty_incentive": null, "start_date": null, "end_date": null, "created_at": "2019-02-01T13:35:53.495", "modified_at": "2019-02-01T13:35:53.495", "status": true}}, {"model": "products.productprice", "pk": 48, "fields": {"product": 26, "city": 1, "area": 1, "mrp": 100.0, "shop": 71, "price_to_service_partner": 95.0, "price_to_retailer": 90.0, "price_to_super_retailer": 86.0, "cash_discount": null, "loyalty_incentive": null, "start_date": "2019-01-14T12:00:00", "end_date": "2019-04-17T12:00:00", "created_at": "2019-02-01T17:07:43.261", "modified_at": "2019-02-01T17:10:51.837", "status": true}}, {"model": "products.productprice", "pk": 49, "fields": {"product": 27, "city": 1, "area": 1, "mrp": 20.0, "shop": 61, "price_to_service_partner": 18.0, "price_to_retailer": 18.0, "price_to_super_retailer": 18.0, "cash_discount": null, "loyalty_incentive": null, "start_date": null, "end_date": null, "created_at": "2019-02-04T11:46:40.616", "modified_at": "2019-02-04T11:46:40.616", "status": true}}, {"model": "products.productprice", "pk": 50, "fields": {"product": 28, "city": 1, "area": 1, "mrp": 120.0, "shop": 82, "price_to_service_partner": 120.0, "price_to_retailer": 120.0, "price_to_super_retailer": 120.0, "cash_discount": null, "loyalty_incentive": null, "start_date": null, "end_date": null, "created_at": "2019-02-04T13:50:44.848", "modified_at": "2019-02-04T13:50:44.848", "status": true}}, {"model": "products.productprice", "pk": 51, "fields": {"product": 29, "city": 1, "area": 1, "mrp": 100.0, "shop": 82, "price_to_service_partner": 100.0, "price_to_retailer": 100.0, "price_to_super_retailer": 100.0, "cash_discount": null, "loyalty_incentive": null, "start_date": null, "end_date": null, "created_at": "2019-02-04T13:51:02.562", "modified_at": "2019-02-04T13:51:02.562", "status": true}}, {"model": "products.productprice", "pk": 52, "fields": {"product": 30, "city": 1, "area": 1, "mrp": 110.0, "shop": 82, "price_to_service_partner": 110.0, "price_to_retailer": 110.0, "price_to_super_retailer": 110.0, "cash_discount": null, "loyalty_incentive": null, "start_date": null, "end_date": null, "created_at": "2019-02-04T13:51:21.545", "modified_at": "2019-02-04T13:51:21.545", "status": true}}, {"model": "products.productprice", "pk": 53, "fields": {"product": 31, "city": 1, "area": 1, "mrp": 100.0, "shop": 82, "price_to_service_partner": 100.0, "price_to_retailer": 100.0, "price_to_super_retailer": 100.0, "cash_discount": null, "loyalty_incentive": null, "start_date": null, "end_date": null, "created_at": "2019-02-04T13:51:38.255", "modified_at": "2019-02-04T13:51:38.255", "status": true}}, {"model": "products.productprice", "pk": 55, "fields": {"product": 16, "city": 1, "area": null, "mrp": 200.0, "shop": 77, "price_to_service_partner": 190.0, "price_to_retailer": 190.0, "price_to_super_retailer": 0.0, "cash_discount": null, "loyalty_incentive": null, "start_date": "2019-02-01T15:34:37", "end_date": "2019-03-03T15:34:37", "created_at": "2019-02-04T18:37:24.529", "modified_at": "2019-02-04T18:37:24.529", "status": true}}, {"model": "products.productprice", "pk": 56, "fields": {"product": 4, "city": 1, "area": null, "mrp": 200.0, "shop": 77, "price_to_service_partner": 190.0, "price_to_retailer": 190.0, "price_to_super_retailer": 0.0, "cash_discount": null, "loyalty_incentive": null, "start_date": "2019-02-01T15:34:37", "end_date": "2019-03-03T15:34:37", "created_at": "2019-02-04T18:37:24.541", "modified_at": "2019-02-04T18:37:24.541", "status": true}}, {"model": "products.productprice", "pk": 57, "fields": {"product": 3, "city": 1, "area": null, "mrp": 200.0, "shop": 77, "price_to_service_partner": 190.0, "price_to_retailer": 190.0, "price_to_super_retailer": 190.0, "cash_discount": null, "loyalty_incentive": null, "start_date": "2019-02-01T15:34:37", "end_date": "2019-03-03T15:34:37", "created_at": "2019-02-04T18:37:24.552", "modified_at": "2019-02-04T18:38:30.150", "status": true}}, {"model": "products.productprice", "pk": 58, "fields": {"product": 23, "city": 1, "area": 1, "mrp": 100.0, "shop": 55, "price_to_service_partner": 90.0, "price_to_retailer": 90.0, "price_to_super_retailer": 90.0, "cash_discount": null, "loyalty_incentive": null, "start_date": null, "end_date": null, "created_at": "2019-02-05T14:24:26.331", "modified_at": "2019-02-05T14:24:26.331", "status": true}}, {"model": "products.productprice", "pk": 59, "fields": {"product": 7, "city": 1, "area": 1, "mrp": 45.0, "shop": 61, "price_to_service_partner": 45.0, "price_to_retailer": 45.0, "price_to_super_retailer": 45.0, "cash_discount": null, "loyalty_incentive": null, "start_date": null, "end_date": null, "created_at": "2019-02-05T14:25:29.986", "modified_at": "2019-02-05T14:26:49.413", "status": false}}, {"model": "products.productprice", "pk": 60, "fields": {"product": 7, "city": 1, "area": 1, "mrp": 45.0, "shop": null, "price_to_service_partner": 45.0, "price_to_retailer": 45.0, "price_to_super_retailer": 45.0, "cash_discount": null, "loyalty_incentive": null, "start_date": null, "end_date": null, "created_at": "2019-02-05T14:27:17.756", "modified_at": "2019-02-05T14:27:17.756", "status": false}}, {"model": "products.productprice", "pk": 61, "fields": {"product": 7, "city": 1, "area": 1, "mrp": 56.0, "shop": null, "price_to_service_partner": 56.0, "price_to_retailer": 56.0, "price_to_super_retailer": 56.0, "cash_discount": null, "loyalty_incentive": null, "start_date": null, "end_date": null, "created_at": "2019-02-05T14:28:41.966", "modified_at": "2019-02-05T14:28:41.966", "status": true}}, {"model": "products.productprice", "pk": 62, "fields": {"product": 7, "city": 1, "area": 1, "mrp": 123.0, "shop": 64, "price_to_service_partner": 123.0, "price_to_retailer": 123.0, "price_to_super_retailer": 123.0, "cash_discount": null, "loyalty_incentive": null, "start_date": null, "end_date": null, "created_at": "2019-02-05T14:31:50.238", "modified_at": "2019-02-05T16:17:53.278", "status": true}}, {"model": "products.productprice", "pk": 63, "fields": {"product": 22, "city": 1, "area": null, "mrp": 100.0, "shop": 83, "price_to_service_partner": 90.0, "price_to_retailer": 90.0, "price_to_super_retailer": 0.0, "cash_discount": null, "loyalty_incentive": null, "start_date": "2019-02-05T16:22:46", "end_date": "2019-03-07T16:22:46", "created_at": "2019-02-05T16:51:56.404", "modified_at": "2019-02-05T16:51:56.404", "status": true}}, {"model": "products.productprice", "pk": 64, "fields": {"product": 23, "city": 1, "area": null, "mrp": 100.0, "shop": 83, "price_to_service_partner": 90.0, "price_to_retailer": 90.0, "price_to_super_retailer": 0.0, "cash_discount": null, "loyalty_incentive": null, "start_date": "2019-02-05T16:22:46", "end_date": "2019-03-07T16:22:46", "created_at": "2019-02-05T16:51:56.415", "modified_at": "2019-02-05T16:51:56.415", "status": true}}, {"model": "products.productprice", "pk": 65, "fields": {"product": 25, "city": 1, "area": null, "mrp": 100.0, "shop": 83, "price_to_service_partner": 90.0, "price_to_retailer": 90.0, "price_to_super_retailer": 0.0, "cash_discount": null, "loyalty_incentive": null, "start_date": "2019-02-05T16:22:46", "end_date": "2019-03-07T16:22:46", "created_at": "2019-02-05T16:51:56.426", "modified_at": "2019-02-05T16:51:56.426", "status": true}}, {"model": "products.productprice", "pk": 66, "fields": {"product": 24, "city": 1, "area": null, "mrp": 100.0, "shop": 83, "price_to_service_partner": 90.0, "price_to_retailer": 90.0, "price_to_super_retailer": 0.0, "cash_discount": null, "loyalty_incentive": null, "start_date": "2019-02-05T16:22:46", "end_date": "2019-03-07T16:22:46", "created_at": "2019-02-05T16:51:56.437", "modified_at": "2019-02-05T16:51:56.437", "status": true}}, {"model": "products.productprice", "pk": 67, "fields": {"product": 26, "city": 1, "area": null, "mrp": 100.0, "shop": 83, "price_to_service_partner": 90.0, "price_to_retailer": 90.0, "price_to_super_retailer": 0.0, "cash_discount": null, "loyalty_incentive": null, "start_date": "2019-02-05T16:22:46", "end_date": "2019-03-07T16:22:46", "created_at": "2019-02-05T16:51:56.448", "modified_at": "2019-02-05T16:51:56.448", "status": true}}, {"model": "products.productprice", "pk": 68, "fields": {"product": 27, "city": 1, "area": null, "mrp": 100.0, "shop": 83, "price_to_service_partner": 90.0, "price_to_retailer": 90.0, "price_to_super_retailer": 0.0, "cash_discount": null, "loyalty_incentive": null, "start_date": "2019-02-05T16:22:46", "end_date": "2019-03-07T16:22:46", "created_at": "2019-02-05T16:51:56.458", "modified_at": "2019-02-05T16:51:56.458", "status": true}}, {"model": "products.productprice", "pk": 69, "fields": {"product": 28, "city": 1, "area": null, "mrp": 100.0, "shop": 83, "price_to_service_partner": 90.0, "price_to_retailer": 90.0, "price_to_super_retailer": 0.0, "cash_discount": null, "loyalty_incentive": null, "start_date": "2019-02-05T16:22:46", "end_date": "2019-03-07T16:22:46", "created_at": "2019-02-05T16:51:56.469", "modified_at": "2019-02-05T16:51:56.469", "status": true}}, {"model": "products.productprice", "pk": 70, "fields": {"product": 29, "city": 1, "area": null, "mrp": 100.0, "shop": 83, "price_to_service_partner": 90.0, "price_to_retailer": 90.0, "price_to_super_retailer": 0.0, "cash_discount": null, "loyalty_incentive": null, "start_date": "2019-02-05T16:22:46", "end_date": "2019-03-07T16:22:46", "created_at": "2019-02-05T16:51:56.479", "modified_at": "2019-02-05T16:51:56.480", "status": true}}, {"model": "products.productprice", "pk": 71, "fields": {"product": 30, "city": 1, "area": null, "mrp": 100.0, "shop": 83, "price_to_service_partner": 90.0, "price_to_retailer": 90.0, "price_to_super_retailer": 0.0, "cash_discount": null, "loyalty_incentive": null, "start_date": "2019-02-05T16:22:46", "end_date": "2019-03-07T16:22:46", "created_at": "2019-02-05T16:51:56.490", "modified_at": "2019-02-05T16:51:56.491", "status": true}}, {"model": "products.productprice", "pk": 72, "fields": {"product": 31, "city": 1, "area": null, "mrp": 100.0, "shop": 83, "price_to_service_partner": 90.0, "price_to_retailer": 90.0, "price_to_super_retailer": 0.0, "cash_discount": null, "loyalty_incentive": null, "start_date": "2019-02-05T16:22:46", "end_date": "2019-03-07T16:22:46", "created_at": "2019-02-05T16:51:56.501", "modified_at": "2019-02-05T16:51:56.501", "status": true}}, {"model": "products.productprice", "pk": 73, "fields": {"product": 32, "city": 1, "area": null, "mrp": 100.0, "shop": 83, "price_to_service_partner": 90.0, "price_to_retailer": 90.0, "price_to_super_retailer": 0.0, "cash_discount": null, "loyalty_incentive": null, "start_date": "2019-02-05T16:22:46", "end_date": "2019-03-07T16:22:46", "created_at": "2019-02-05T16:51:56.512", "modified_at": "2019-02-05T16:51:56.512", "status": true}}, {"model": "products.productprice", "pk": 74, "fields": {"product": 33, "city": 1, "area": null, "mrp": 100.0, "shop": 83, "price_to_service_partner": 90.0, "price_to_retailer": 90.0, "price_to_super_retailer": 0.0, "cash_discount": null, "loyalty_incentive": null, "start_date": "2019-02-05T16:22:46", "end_date": "2019-03-07T16:22:46", "created_at": "2019-02-05T16:51:56.523", "modified_at": "2019-02-05T16:51:56.523", "status": true}}, {"model": "products.productprice", "pk": 75, "fields": {"product": 12, "city": 1, "area": null, "mrp": 100.0, "shop": 83, "price_to_service_partner": 100.0, "price_to_retailer": 100.0, "price_to_super_retailer": 0.0, "cash_discount": null, "loyalty_incentive": null, "start_date": "2019-02-05T16:22:46", "end_date": "2019-03-07T16:22:46", "created_at": "2019-02-05T16:56:22.222", "modified_at": "2019-02-05T16:56:22.222", "status": true}}, {"model": "products.productprice", "pk": 76, "fields": {"product": 11, "city": 1, "area": null, "mrp": 100.0, "shop": 83, "price_to_service_partner": 100.0, "price_to_retailer": 100.0, "price_to_super_retailer": 0.0, "cash_discount": null, "loyalty_incentive": null, "start_date": "2019-02-05T16:22:46", "end_date": "2019-03-07T16:22:46", "created_at": "2019-02-05T16:56:22.233", "modified_at": "2019-02-05T16:56:22.233", "status": true}}, {"model": "products.productprice", "pk": 77, "fields": {"product": 8, "city": 1, "area": null, "mrp": 100.0, "shop": 83, "price_to_service_partner": 100.0, "price_to_retailer": 100.0, "price_to_super_retailer": 0.0, "cash_discount": null, "loyalty_incentive": null, "start_date": "2019-02-05T16:22:46", "end_date": "2019-03-07T16:22:46", "created_at": "2019-02-05T16:56:22.243", "modified_at": "2019-02-05T16:56:22.243", "status": true}}, {"model": "products.productprice", "pk": 78, "fields": {"product": 9, "city": 1, "area": null, "mrp": 100.0, "shop": 83, "price_to_service_partner": 100.0, "price_to_retailer": 100.0, "price_to_super_retailer": 0.0, "cash_discount": null, "loyalty_incentive": null, "start_date": "2019-02-05T16:22:46", "end_date": "2019-03-07T16:22:46", "created_at": "2019-02-05T16:56:22.253", "modified_at": "2019-02-05T16:56:22.253", "status": true}}, {"model": "products.productprice", "pk": 79, "fields": {"product": 10, "city": 1, "area": null, "mrp": 100.0, "shop": 83, "price_to_service_partner": 100.0, "price_to_retailer": 100.0, "price_to_super_retailer": 0.0, "cash_discount": null, "loyalty_incentive": null, "start_date": "2019-02-05T16:22:46", "end_date": "2019-03-07T16:22:46", "created_at": "2019-02-05T16:56:22.264", "modified_at": "2019-02-05T16:56:22.264", "status": true}}, {"model": "products.productprice", "pk": 80, "fields": {"product": 13, "city": 1, "area": null, "mrp": 100.0, "shop": 83, "price_to_service_partner": 100.0, "price_to_retailer": 100.0, "price_to_super_retailer": 0.0, "cash_discount": null, "loyalty_incentive": null, "start_date": "2019-02-05T16:22:46", "end_date": "2019-03-07T16:22:46", "created_at": "2019-02-05T16:56:22.274", "modified_at": "2019-02-05T16:56:22.274", "status": true}}, {"model": "products.productprice", "pk": 81, "fields": {"product": 34, "city": 1, "area": 1, "mrp": 300.0, "shop": 85, "price_to_service_partner": 290.0, "price_to_retailer": 290.0, "price_to_super_retailer": 290.0, "cash_discount": null, "loyalty_incentive": null, "start_date": null, "end_date": null, "created_at": "2019-02-06T13:00:31.768", "modified_at": "2019-02-06T13:02:16.189", "status": true}}, {"model": "products.productprice", "pk": 82, "fields": {"product": 35, "city": 1, "area": 1, "mrp": 100.0, "shop": 85, "price_to_service_partner": 90.0, "price_to_retailer": 90.0, "price_to_super_retailer": 90.0, "cash_discount": null, "loyalty_incentive": null, "start_date": null, "end_date": null, "created_at": "2019-02-06T13:02:46.725", "modified_at": "2019-02-06T13:02:46.725", "status": true}}, {"model": "products.productprice", "pk": 83, "fields": {"product": 36, "city": 1, "area": 1, "mrp": 500.0, "shop": 85, "price_to_service_partner": 490.0, "price_to_retailer": 490.0, "price_to_super_retailer": 490.0, "cash_discount": null, "loyalty_incentive": null, "start_date": null, "end_date": null, "created_at": "2019-02-06T13:03:15.421", "modified_at": "2019-02-06T13:03:15.421", "status": true}}, {"model": "products.productprice", "pk": 84, "fields": {"product": 37, "city": 1, "area": 1, "mrp": 500.0, "shop": 85, "price_to_service_partner": 490.0, "price_to_retailer": 490.0, "price_to_super_retailer": 490.0, "cash_discount": null, "loyalty_incentive": null, "start_date": null, "end_date": null, "created_at": "2019-02-06T13:03:44.790", "modified_at": "2019-02-06T13:03:44.790", "status": true}}, {"model": "products.productprice", "pk": 85, "fields": {"product": 38, "city": 1, "area": 1, "mrp": 200.0, "shop": 85, "price_to_service_partner": 190.0, "price_to_retailer": 190.0, "price_to_super_retailer": 190.0, "cash_discount": null, "loyalty_incentive": null, "start_date": null, "end_date": null, "created_at": "2019-02-06T13:04:09.138", "modified_at": "2019-02-06T13:04:09.138", "status": true}}, {"model": "products.productprice", "pk": 86, "fields": {"product": 39, "city": 1, "area": 1, "mrp": 115.0, "shop": 87, "price_to_service_partner": 115.0, "price_to_retailer": 115.0, "price_to_super_retailer": 115.0, "cash_discount": null, "loyalty_incentive": null, "start_date": null, "end_date": null, "created_at": "2019-02-06T17:55:00.397", "modified_at": "2019-02-06T17:55:00.397", "status": true}}, {"model": "products.productprice", "pk": 87, "fields": {"product": 40, "city": 1, "area": 1, "mrp": 40.0, "shop": 87, "price_to_service_partner": 40.0, "price_to_retailer": 40.0, "price_to_super_retailer": 40.0, "cash_discount": null, "loyalty_incentive": null, "start_date": null, "end_date": null, "created_at": "2019-02-06T17:55:24.147", "modified_at": "2019-02-06T17:55:24.147", "status": true}}, {"model": "products.productprice", "pk": 88, "fields": {"product": 41, "city": 1, "area": 1, "mrp": 30.0, "shop": 87, "price_to_service_partner": 30.0, "price_to_retailer": 30.0, "price_to_super_retailer": 30.0, "cash_discount": null, "loyalty_incentive": null, "start_date": null, "end_date": null, "created_at": "2019-02-06T17:56:05.082", "modified_at": "2019-02-06T17:56:05.082", "status": false}}, {"model": "products.productprice", "pk": 89, "fields": {"product": 41, "city": 1, "area": 2, "mrp": 20.0, "shop": 87, "price_to_service_partner": 20.0, "price_to_retailer": 20.0, "price_to_super_retailer": 20.0, "cash_discount": null, "loyalty_incentive": null, "start_date": null, "end_date": null, "created_at": "2019-02-06T17:56:39.820", "modified_at": "2019-02-06T17:56:39.820", "status": true}}, {"model": "products.productprice", "pk": 90, "fields": {"product": 43, "city": 1, "area": 1, "mrp": 60.0, "shop": 87, "price_to_service_partner": 60.0, "price_to_retailer": 60.0, "price_to_super_retailer": 60.0, "cash_discount": null, "loyalty_incentive": null, "start_date": null, "end_date": null, "created_at": "2019-02-06T17:57:00.476", "modified_at": "2019-02-06T17:57:00.476", "status": true}}, {"model": "products.productprice", "pk": 91, "fields": {"product": 39, "city": 1, "area": null, "mrp": 100.0, "shop": 88, "price_to_service_partner": 120.0, "price_to_retailer": 120.0, "price_to_super_retailer": 0.0, "cash_discount": null, "loyalty_incentive": null, "start_date": "2019-02-06T16:28:26", "end_date": "2019-03-08T16:28:26", "created_at": "2019-02-06T18:49:39.444", "modified_at": "2019-02-06T18:49:39.444", "status": false}}, {"model": "products.productprice", "pk": 92, "fields": {"product": 40, "city": 1, "area": null, "mrp": 100.0, "shop": 88, "price_to_service_partner": 120.0, "price_to_retailer": 120.0, "price_to_super_retailer": 0.0, "cash_discount": null, "loyalty_incentive": null, "start_date": "2019-02-06T16:28:26", "end_date": "2019-03-08T16:28:26", "created_at": "2019-02-06T18:49:39.456", "modified_at": "2019-02-06T18:49:39.456", "status": false}}, {"model": "products.productprice", "pk": 93, "fields": {"product": 41, "city": 1, "area": null, "mrp": 100.0, "shop": 88, "price_to_service_partner": 120.0, "price_to_retailer": 120.0, "price_to_super_retailer": 0.0, "cash_discount": null, "loyalty_incentive": null, "start_date": "2019-02-06T16:28:26", "end_date": "2019-03-08T16:28:26", "created_at": "2019-02-06T18:49:39.467", "modified_at": "2019-02-06T18:49:39.467", "status": false}}, {"model": "products.productprice", "pk": 94, "fields": {"product": 42, "city": 1, "area": null, "mrp": 100.0, "shop": 88, "price_to_service_partner": 120.0, "price_to_retailer": 120.0, "price_to_super_retailer": 0.0, "cash_discount": null, "loyalty_incentive": null, "start_date": "2019-02-06T16:28:26", "end_date": "2019-03-08T16:28:26", "created_at": "2019-02-06T18:49:39.477", "modified_at": "2019-02-06T18:49:39.477", "status": false}}, {"model": "products.productprice", "pk": 95, "fields": {"product": 43, "city": 1, "area": null, "mrp": 100.0, "shop": 88, "price_to_service_partner": 120.0, "price_to_retailer": 120.0, "price_to_super_retailer": 0.0, "cash_discount": null, "loyalty_incentive": null, "start_date": "2019-02-06T16:28:26", "end_date": "2019-03-08T16:28:26", "created_at": "2019-02-06T18:49:39.488", "modified_at": "2019-02-06T18:49:39.488", "status": false}}, {"model": "products.productprice", "pk": 96, "fields": {"product": 39, "city": 1, "area": null, "mrp": 100.0, "shop": 88, "price_to_service_partner": 120.0, "price_to_retailer": 120.0, "price_to_super_retailer": 0.0, "cash_discount": null, "loyalty_incentive": null, "start_date": "2019-02-06T16:28:26", "end_date": "2019-03-08T16:28:26", "created_at": "2019-02-06T18:52:55.646", "modified_at": "2019-02-06T18:52:55.646", "status": true}}, {"model": "products.productprice", "pk": 97, "fields": {"product": 40, "city": 1, "area": null, "mrp": 100.0, "shop": 88, "price_to_service_partner": 120.0, "price_to_retailer": 120.0, "price_to_super_retailer": 0.0, "cash_discount": null, "loyalty_incentive": null, "start_date": "2019-02-06T16:28:26", "end_date": "2019-03-08T16:28:26", "created_at": "2019-02-06T18:52:55.658", "modified_at": "2019-02-06T18:52:55.658", "status": true}}, {"model": "products.productprice", "pk": 98, "fields": {"product": 41, "city": 1, "area": null, "mrp": 100.0, "shop": 88, "price_to_service_partner": 120.0, "price_to_retailer": 120.0, "price_to_super_retailer": 0.0, "cash_discount": null, "loyalty_incentive": null, "start_date": "2019-02-06T16:28:26", "end_date": "2019-03-08T16:28:26", "created_at": "2019-02-06T18:52:55.669", "modified_at": "2019-02-06T18:52:55.669", "status": true}}, {"model": "products.productprice", "pk": 99, "fields": {"product": 42, "city": 1, "area": null, "mrp": 100.0, "shop": 88, "price_to_service_partner": 120.0, "price_to_retailer": 120.0, "price_to_super_retailer": 0.0, "cash_discount": null, "loyalty_incentive": null, "start_date": "2019-02-06T16:28:26", "end_date": "2019-03-08T16:28:26", "created_at": "2019-02-06T18:52:55.680", "modified_at": "2019-02-06T18:52:55.680", "status": true}}, {"model": "products.productprice", "pk": 100, "fields": {"product": 43, "city": 1, "area": null, "mrp": 100.0, "shop": 88, "price_to_service_partner": 120.0, "price_to_retailer": 120.0, "price_to_super_retailer": 0.0, "cash_discount": null, "loyalty_incentive": null, "start_date": "2019-02-06T16:28:26", "end_date": "2019-03-08T16:28:26", "created_at": "2019-02-06T18:52:55.692", "modified_at": "2019-02-06T18:52:55.692", "status": true}}, {"model": "products.productprice", "pk": 101, "fields": {"product": 3, "city": null, "area": null, "mrp": 110.0, "shop": 48, "price_to_service_partner": 90.0, "price_to_retailer": 100.0, "price_to_super_retailer": 0.0, "cash_discount": null, "loyalty_incentive": null, "start_date": null, "end_date": null, "created_at": "2019-02-09T19:12:37.612", "modified_at": "2019-02-09T19:12:37.612", "status": true}}, {"model": "products.productprice", "pk": 102, "fields": {"product": 1, "city": null, "area": null, "mrp": 100.0, "shop": 48, "price_to_service_partner": 90.0, "price_to_retailer": 95.0, "price_to_super_retailer": 0.0, "cash_discount": null, "loyalty_incentive": null, "start_date": null, "end_date": null, "created_at": "2019-02-09T19:13:13.065", "modified_at": "2019-02-09T19:13:13.065", "status": true}}, {"model": "products.productprice", "pk": 103, "fields": {"product": 4, "city": null, "area": null, "mrp": 0.0, "shop": 88, "price_to_service_partner": 0.0, "price_to_retailer": 50.0, "price_to_super_retailer": 0.0, "cash_discount": null, "loyalty_incentive": null, "start_date": null, "end_date": null, "created_at": "2019-02-11T12:03:39.004", "modified_at": "2019-02-11T12:03:39.004", "status": true}}, {"model": "products.productprice", "pk": 104, "fields": {"product": 44, "city": 1, "area": null, "mrp": 90.0, "shop": 125, "price_to_service_partner": 80.0, "price_to_retailer": 80.0, "price_to_super_retailer": 0.0, "cash_discount": null, "loyalty_incentive": null, "start_date": "2019-02-11T18:41:53", "end_date": "2019-03-13T18:41:53", "created_at": "2019-02-12T12:41:55.230", "modified_at": "2019-02-12T12:41:55.230", "status": true}}, {"model": "products.productprice", "pk": 105, "fields": {"product": 45, "city": 1, "area": null, "mrp": 250.0, "shop": 125, "price_to_service_partner": 240.0, "price_to_retailer": 240.0, "price_to_super_retailer": 0.0, "cash_discount": null, "loyalty_incentive": null, "start_date": "2019-02-11T18:41:53", "end_date": "2019-03-13T18:41:53", "created_at": "2019-02-12T12:41:55.242", "modified_at": "2019-02-12T12:41:55.242", "status": true}}, {"model": "products.productprice", "pk": 106, "fields": {"product": 46, "city": 1, "area": null, "mrp": 190.0, "shop": 125, "price_to_service_partner": 180.0, "price_to_retailer": 180.0, "price_to_super_retailer": 0.0, "cash_discount": null, "loyalty_incentive": null, "start_date": "2019-02-11T18:41:53", "end_date": "2019-03-13T18:41:53", "created_at": "2019-02-12T12:41:55.253", "modified_at": "2019-02-12T12:41:55.253", "status": true}}, {"model": "products.productprice", "pk": 107, "fields": {"product": 47, "city": 1, "area": null, "mrp": 90.0, "shop": 137, "price_to_service_partner": 90.0, "price_to_retailer": 90.0, "price_to_super_retailer": 0.0, "cash_discount": null, "loyalty_incentive": null, "start_date": "2019-02-11T18:41:53", "end_date": "2019-03-13T18:41:53", "created_at": "2019-02-12T12:57:35.562", "modified_at": "2019-02-13T17:04:17.121", "status": true}}, {"model": "products.productprice", "pk": 108, "fields": {"product": 48, "city": 1, "area": null, "mrp": 90.0, "shop": 137, "price_to_service_partner": 90.0, "price_to_retailer": 90.0, "price_to_super_retailer": 0.0, "cash_discount": null, "loyalty_incentive": null, "start_date": "2019-02-11T18:41:53", "end_date": "2019-03-13T18:41:53", "created_at": "2019-02-12T12:57:35.574", "modified_at": "2019-02-13T17:04:09.852", "status": true}}, {"model": "products.productprice", "pk": 109, "fields": {"product": 49, "city": 1, "area": null, "mrp": 90.0, "shop": 137, "price_to_service_partner": 90.0, "price_to_retailer": 90.0, "price_to_super_retailer": 0.0, "cash_discount": null, "loyalty_incentive": null, "start_date": "2019-02-11T18:41:53", "end_date": "2019-03-13T18:41:53", "created_at": "2019-02-12T12:57:35.587", "modified_at": "2019-02-13T17:04:03.671", "status": true}}, {"model": "products.productprice", "pk": 110, "fields": {"product": 50, "city": 1, "area": null, "mrp": 90.0, "shop": 137, "price_to_service_partner": 90.0, "price_to_retailer": 90.0, "price_to_super_retailer": 0.0, "cash_discount": null, "loyalty_incentive": null, "start_date": "2019-02-11T18:41:53", "end_date": "2019-03-13T18:41:53", "created_at": "2019-02-12T12:57:35.598", "modified_at": "2019-02-13T17:03:53.177", "status": false}}, {"model": "products.productprice", "pk": 111, "fields": {"product": 50, "city": 1, "area": 2, "mrp": 90.0, "shop": 137, "price_to_service_partner": 80.0, "price_to_retailer": 80.0, "price_to_super_retailer": 80.0, "cash_discount": null, "loyalty_incentive": null, "start_date": null, "end_date": null, "created_at": "2019-02-12T13:43:01.575", "modified_at": "2019-02-13T17:03:47.324", "status": false}}, {"model": "products.productprice", "pk": 112, "fields": {"product": 50, "city": null, "area": null, "mrp": 0.0, "shop": 137, "price_to_service_partner": 100.0, "price_to_retailer": 100.0, "price_to_super_retailer": 100.0, "cash_discount": null, "loyalty_incentive": null, "start_date": null, "end_date": null, "created_at": "2019-02-13T17:35:40.115", "modified_at": "2019-02-13T17:35:40.115", "status": true}}, {"model": "products.productcategory", "pk": 1, "fields": {"product": 1, "category": 2, "created_at": "2019-01-04T13:14:43.131", "modified_at": "2019-01-04T13:14:43.131", "status": true}}, {"model": "products.productcategory", "pk": 3, "fields": {"product": 3, "category": 1, "created_at": "2019-01-04T13:54:40.083", "modified_at": "2019-01-04T13:54:40.083", "status": true}}, {"model": "products.productcategory", "pk": 4, "fields": {"product": 3, "category": 1, "created_at": "2019-01-04T13:54:40.093", "modified_at": "2019-01-04T13:54:40.093", "status": true}}, {"model": "products.productcategory", "pk": 5, "fields": {"product": 4, "category": 1, "created_at": "2019-01-04T13:59:41.462", "modified_at": "2019-01-04T13:59:41.462", "status": true}}, {"model": "products.productcategory", "pk": 7, "fields": {"product": 5, "category": 8, "created_at": "2019-01-07T15:54:29.807", "modified_at": "2019-01-07T15:54:29.807", "status": true}}, {"model": "products.productcategory", "pk": 8, "fields": {"product": 6, "category": 8, "created_at": "2019-01-07T15:56:30.706", "modified_at": "2019-01-07T15:56:30.706", "status": true}}, {"model": "products.productcategory", "pk": 9, "fields": {"product": 7, "category": 4, "created_at": "2019-01-07T15:59:55.328", "modified_at": "2019-01-07T15:59:55.328", "status": true}}, {"model": "products.productcategory", "pk": 10, "fields": {"product": 8, "category": 3, "created_at": "2019-01-07T16:03:52.279", "modified_at": "2019-01-07T16:03:52.279", "status": true}}, {"model": "products.productcategory", "pk": 11, "fields": {"product": 9, "category": 3, "created_at": "2019-01-07T16:03:52.310", "modified_at": "2019-01-07T16:03:52.310", "status": true}}, {"model": "products.productcategory", "pk": 12, "fields": {"product": 10, "category": 3, "created_at": "2019-01-07T16:03:52.339", "modified_at": "2019-01-07T16:03:52.339", "status": true}}, {"model": "products.productcategory", "pk": 13, "fields": {"product": 11, "category": 3, "created_at": "2019-01-07T16:03:52.370", "modified_at": "2019-01-07T16:03:52.370", "status": true}}, {"model": "products.productcategory", "pk": 14, "fields": {"product": 12, "category": 3, "created_at": "2019-01-07T16:03:52.400", "modified_at": "2019-01-07T16:03:52.400", "status": true}}, {"model": "products.productcategory", "pk": 15, "fields": {"product": 13, "category": 3, "created_at": "2019-01-07T16:03:52.432", "modified_at": "2019-01-07T16:03:52.432", "status": true}}, {"model": "products.productcategory", "pk": 18, "fields": {"product": 16, "category": 1, "created_at": "2019-01-07T19:38:41.461", "modified_at": "2019-01-07T19:38:41.461", "status": true}}, {"model": "products.productcategory", "pk": 19, "fields": {"product": 17, "category": 4, "created_at": "2019-01-23T12:08:00.948", "modified_at": "2019-01-23T12:08:00.948", "status": true}}, {"model": "products.productcategory", "pk": 20, "fields": {"product": 18, "category": 5, "created_at": "2019-01-23T12:10:57.253", "modified_at": "2019-01-24T16:10:39.311", "status": true}}, {"model": "products.productcategory", "pk": 21, "fields": {"product": 20, "category": 2, "created_at": "2019-01-30T11:25:22.006", "modified_at": "2019-01-30T11:25:22.006", "status": true}}, {"model": "products.productcategory", "pk": 22, "fields": {"product": 21, "category": 2, "created_at": "2019-01-30T11:27:01.348", "modified_at": "2019-01-30T11:27:01.348", "status": true}}, {"model": "products.productcategory", "pk": 23, "fields": {"product": 22, "category": 2, "created_at": "2019-01-30T11:28:55.419", "modified_at": "2019-01-30T11:28:55.419", "status": true}}, {"model": "products.productcategory", "pk": 24, "fields": {"product": 23, "category": 2, "created_at": "2019-01-31T11:42:34.190", "modified_at": "2019-01-31T11:42:34.190", "status": true}}, {"model": "products.productcategory", "pk": 25, "fields": {"product": 24, "category": 2, "created_at": "2019-02-01T13:31:31.640", "modified_at": "2019-02-01T13:31:31.640", "status": true}}, {"model": "products.productcategory", "pk": 26, "fields": {"product": 25, "category": 2, "created_at": "2019-02-01T13:32:38.249", "modified_at": "2019-02-01T13:32:38.249", "status": true}}, {"model": "products.productcategory", "pk": 27, "fields": {"product": 26, "category": 3, "created_at": "2019-02-01T17:07:09.864", "modified_at": "2019-02-01T17:07:09.864", "status": true}}, {"model": "products.productcategory", "pk": 28, "fields": {"product": 27, "category": 6, "created_at": "2019-02-04T11:45:51.686", "modified_at": "2019-02-04T11:45:51.686", "status": true}}, {"model": "products.productcategory", "pk": 29, "fields": {"product": 28, "category": 2, "created_at": "2019-02-04T13:40:15.350", "modified_at": "2019-02-04T13:40:15.350", "status": true}}, {"model": "products.productcategory", "pk": 30, "fields": {"product": 29, "category": 2, "created_at": "2019-02-04T13:41:56.689", "modified_at": "2019-02-04T13:41:56.689", "status": true}}, {"model": "products.productcategory", "pk": 31, "fields": {"product": 30, "category": 2, "created_at": "2019-02-04T13:43:47.101", "modified_at": "2019-02-04T13:43:47.101", "status": true}}, {"model": "products.productcategory", "pk": 32, "fields": {"product": 31, "category": 2, "created_at": "2019-02-04T13:44:51.063", "modified_at": "2019-02-04T13:44:51.063", "status": true}}, {"model": "products.productcategory", "pk": 33, "fields": {"product": 32, "category": 1, "created_at": "2019-02-05T14:40:23.583", "modified_at": "2019-02-05T14:40:23.583", "status": true}}, {"model": "products.productcategory", "pk": 34, "fields": {"product": 33, "category": 2, "created_at": "2019-02-05T16:36:22.029", "modified_at": "2019-02-05T16:36:22.029", "status": true}}, {"model": "products.productcategory", "pk": 35, "fields": {"product": 34, "category": 6, "created_at": "2019-02-06T12:52:34.553", "modified_at": "2019-02-06T12:52:34.553", "status": true}}, {"model": "products.productcategory", "pk": 36, "fields": {"product": 35, "category": 6, "created_at": "2019-02-06T12:54:52.080", "modified_at": "2019-02-06T12:54:52.080", "status": true}}, {"model": "products.productcategory", "pk": 37, "fields": {"product": 36, "category": 6, "created_at": "2019-02-06T12:54:55.503", "modified_at": "2019-02-06T12:54:55.503", "status": true}}, {"model": "products.productcategory", "pk": 38, "fields": {"product": 37, "category": 6, "created_at": "2019-02-06T12:56:07.294", "modified_at": "2019-02-06T12:56:07.294", "status": true}}, {"model": "products.productcategory", "pk": 39, "fields": {"product": 38, "category": 6, "created_at": "2019-02-06T12:56:24.968", "modified_at": "2019-02-06T12:56:24.968", "status": true}}, {"model": "products.productcategory", "pk": 40, "fields": {"product": 39, "category": 9, "created_at": "2019-02-06T17:38:57.492", "modified_at": "2019-02-06T17:38:57.492", "status": true}}, {"model": "products.productcategory", "pk": 41, "fields": {"product": 40, "category": 9, "created_at": "2019-02-06T17:40:12.651", "modified_at": "2019-02-06T17:40:12.651", "status": true}}, {"model": "products.productcategory", "pk": 42, "fields": {"product": 41, "category": 9, "created_at": "2019-02-06T17:41:13.505", "modified_at": "2019-02-06T17:41:13.505", "status": true}}, {"model": "products.productcategory", "pk": 43, "fields": {"product": 42, "category": 9, "created_at": "2019-02-06T17:42:36.776", "modified_at": "2019-02-06T17:42:36.776", "status": true}}, {"model": "products.productcategory", "pk": 44, "fields": {"product": 43, "category": 9, "created_at": "2019-02-06T17:43:31.479", "modified_at": "2019-02-06T17:43:31.479", "status": true}}, {"model": "products.productcategory", "pk": 45, "fields": {"product": 44, "category": 1, "created_at": "2019-02-12T12:09:44.778", "modified_at": "2019-02-12T12:09:44.778", "status": true}}, {"model": "products.productcategory", "pk": 46, "fields": {"product": 45, "category": 1, "created_at": "2019-02-12T12:24:24.917", "modified_at": "2019-02-12T12:24:24.917", "status": true}}, {"model": "products.productcategory", "pk": 47, "fields": {"product": 46, "category": 1, "created_at": "2019-02-12T12:26:24.594", "modified_at": "2019-02-12T12:26:24.594", "status": true}}, {"model": "products.productcategory", "pk": 48, "fields": {"product": 47, "category": 3, "created_at": "2019-02-12T12:26:39.086", "modified_at": "2019-02-12T12:26:39.086", "status": true}}, {"model": "products.productcategory", "pk": 49, "fields": {"product": 48, "category": 3, "created_at": "2019-02-12T12:28:01.983", "modified_at": "2019-02-12T12:28:01.983", "status": true}}, {"model": "products.productcategory", "pk": 50, "fields": {"product": 49, "category": 3, "created_at": "2019-02-12T12:29:17.844", "modified_at": "2019-02-12T12:29:17.844", "status": true}}, {"model": "products.productcategory", "pk": 51, "fields": {"product": 50, "category": 3, "created_at": "2019-02-12T12:35:06.945", "modified_at": "2019-02-12T12:35:06.945", "status": true}}, {"model": "products.productimage", "pk": 1, "fields": {"product": 1, "image_name": "pepsi", "image_alt_text": null, "image": "product_image/292394_4-pepsi-soft-drink.jpg", "created_at": "2019-01-04T13:14:43.194", "modified_at": "2019-01-04T13:14:43.194", "status": true}}, {"model": "products.productimage", "pk": 3, "fields": {"product": 3, "image_name": "Rice", "image_alt_text": null, "image": "product_image/40022616_2-fortune-basmati-rice-rozana.jpg", "created_at": "2019-01-04T13:54:40.419", "modified_at": "2019-01-04T13:54:40.420", "status": true}}, {"model": "products.productimage", "pk": 4, "fields": {"product": 4, "image_name": "Fortune Rice", "image_alt_text": null, "image": "product_image/super-bamati-rice.png", "created_at": "2019-01-05T15:34:42.069", "modified_at": "2019-01-05T15:34:42.069", "status": true}}, {"model": "products.productimage", "pk": 5, "fields": {"product": 5, "image_name": "maggi", "image_alt_text": null, "image": "product_image/nestle-maggi-masala-noodles-500x500_1.jpg", "created_at": "2019-01-07T15:54:29.931", "modified_at": "2019-01-07T15:54:29.931", "status": true}}, {"model": "products.productimage", "pk": 6, "fields": {"product": 6, "image_name": "MAGGI Pichkoo", "image_alt_text": null, "image": "product_image/download.jpg", "created_at": "2019-01-07T15:56:30.771", "modified_at": "2019-01-07T15:56:30.772", "status": true}}, {"model": "products.productimage", "pk": 7, "fields": {"product": 7, "image_name": "CERELAC", "image_alt_text": null, "image": "product_image/download_1.jpg", "created_at": "2019-01-07T15:59:55.420", "modified_at": "2019-01-07T15:59:55.420", "status": true}}, {"model": "products.productimage", "pk": 10, "fields": {"product": 16, "image_name": "Fortune", "image_alt_text": null, "image": "product_image/12BBPRG00000121.jpg", "created_at": "2019-01-10T18:00:55.123", "modified_at": "2019-01-10T18:00:55.123", "status": true}}, {"model": "products.productimage", "pk": 11, "fields": {"product": 5, "image_name": "GF01269", "image_alt_text": null, "image": "product_image/GF01269.jpg", "created_at": "2019-01-17T17:38:53.928", "modified_at": "2019-01-17T17:38:53.928", "status": true}}, {"model": "products.productimage", "pk": 12, "fields": {"product": 4, "image_name": "GF01271", "image_alt_text": null, "image": "product_image/GF01271.jpg", "created_at": "2019-01-17T17:38:54.385", "modified_at": "2019-01-17T17:38:54.385", "status": true}}, {"model": "products.productimage", "pk": 13, "fields": {"product": 16, "image_name": "yiyiyi", "image_alt_text": null, "image": "product_image/GF01273.jpg", "created_at": "2019-01-17T17:38:54.934", "modified_at": "2019-01-21T12:05:48.235", "status": true}}, {"model": "products.productimage", "pk": 14, "fields": {"product": 12, "image_name": "fdgdgffb", "image_alt_text": null, "image": "product_image/GF01271.jpg", "created_at": "2019-01-17T17:38:55.206", "modified_at": "2019-01-17T17:48:16.294", "status": true}}, {"model": "products.productimage", "pk": 15, "fields": {"product": 18, "image_name": "PAMPER", "image_alt_text": null, "image": "product_image/GF01041.jpg", "created_at": "2019-01-23T12:10:57.445", "modified_at": "2019-01-23T12:10:57.445", "status": true}}, {"model": "products.productimage", "pk": 16, "fields": {"product": 20, "image_name": "GF00424", "image_alt_text": null, "image": "product_image/GF00424.jpg", "created_at": "2019-01-30T11:25:22.471", "modified_at": "2019-01-30T11:25:22.471", "status": true}}, {"model": "products.productimage", "pk": 17, "fields": {"product": 21, "image_name": "GF00423", "image_alt_text": null, "image": "product_image/GF00424.jpg", "created_at": "2019-01-30T11:27:01.463", "modified_at": "2019-01-30T11:27:01.463", "status": true}}, {"model": "products.productimage", "pk": 18, "fields": {"product": 22, "image_name": "GF00422", "image_alt_text": null, "image": "product_image/GF00424.jpg", "created_at": "2019-01-30T11:28:55.581", "modified_at": "2019-01-30T11:28:55.581", "status": true}}, {"model": "products.productimage", "pk": 19, "fields": {"product": 23, "image_name": "GF01335", "image_alt_text": null, "image": "product_image/GF01335.jpg", "created_at": "2019-01-31T11:42:34.430", "modified_at": "2019-01-31T11:42:34.430", "status": true}}, {"model": "products.productimage", "pk": 20, "fields": {"product": 24, "image_name": "GF01692_1", "image_alt_text": null, "image": "product_image/GF01692_1.jpg", "created_at": "2019-02-01T13:31:31.732", "modified_at": "2019-02-01T13:32:48.181", "status": true}}, {"model": "products.productimage", "pk": 21, "fields": {"product": 25, "image_name": "GF01597_1", "image_alt_text": null, "image": "product_image/GF01597_1.jpg", "created_at": "2019-02-01T13:32:38.337", "modified_at": "2019-02-01T13:32:38.337", "status": true}}, {"model": "products.productimage", "pk": 22, "fields": {"product": 26, "image_name": "GF01439", "image_alt_text": null, "image": "product_image/GF01439.jpg", "created_at": "2019-02-01T17:07:10.039", "modified_at": "2019-02-01T17:07:10.039", "status": true}}, {"model": "products.productimage", "pk": 23, "fields": {"product": 27, "image_name": "haldiram", "image_alt_text": null, "image": "product_image/haldiram1llinone.jpg", "created_at": "2019-02-04T11:45:51.761", "modified_at": "2019-02-04T11:45:51.761", "status": true}}, {"model": "products.productimage", "pk": 24, "fields": {"product": 28, "image_name": "GF01696_1", "image_alt_text": null, "image": "product_image/GF01696_1.jpg", "created_at": "2019-02-04T13:40:15.450", "modified_at": "2019-02-04T13:40:15.450", "status": true}}, {"model": "products.productimage", "pk": 25, "fields": {"product": 29, "image_name": "GF01696", "image_alt_text": null, "image": "product_image/GF01696.jpg", "created_at": "2019-02-04T13:41:56.810", "modified_at": "2019-02-04T13:41:56.810", "status": true}}, {"model": "products.productimage", "pk": 26, "fields": {"product": 30, "image_name": "GF01695_1", "image_alt_text": null, "image": "product_image/GF01695_1.jpg", "created_at": "2019-02-04T13:43:47.211", "modified_at": "2019-02-04T13:43:47.211", "status": true}}, {"model": "products.productimage", "pk": 27, "fields": {"product": 31, "image_name": "GF01694_1", "image_alt_text": null, "image": "product_image/GF01694_1.jpg", "created_at": "2019-02-04T13:44:51.154", "modified_at": "2019-02-04T13:44:51.154", "status": true}}, {"model": "products.productimage", "pk": 28, "fields": {"product": 31, "image_name": "GF01694_1", "image_alt_text": null, "image": "product_image/GF01694_1.jpg", "created_at": "2019-02-05T14:44:10.427", "modified_at": "2019-02-05T14:44:10.427", "status": true}}, {"model": "products.productimage", "pk": 29, "fields": {"product": 33, "image_name": "GF01072", "image_alt_text": null, "image": "product_image/GF01072.jpg", "created_at": "2019-02-05T16:36:22.185", "modified_at": "2019-02-05T16:36:22.185", "status": true}}, {"model": "products.productimage", "pk": 30, "fields": {"product": 34, "image_name": "GF01201", "image_alt_text": null, "image": "product_image/Amul.png", "created_at": "2019-02-06T12:52:34.605", "modified_at": "2019-02-06T12:52:34.605", "status": true}}, {"model": "products.productimage", "pk": 31, "fields": {"product": 35, "image_name": "GF00126", "image_alt_text": null, "image": "product_image/Amul_Fresh_Cream_32X250_mL_TPMRP-57.jpg", "created_at": "2019-02-06T12:54:52.151", "modified_at": "2019-02-06T12:54:52.151", "status": true}}, {"model": "products.productimage", "pk": 32, "fields": {"product": 36, "image_name": "GF01200", "image_alt_text": null, "image": "product_image/GF01200.jpg", "created_at": "2019-02-06T12:54:55.568", "modified_at": "2019-02-06T12:54:55.568", "status": true}}, {"model": "products.productimage", "pk": 33, "fields": {"product": 37, "image_name": "GF01199", "image_alt_text": null, "image": "product_image/GF01199.jpg", "created_at": "2019-02-06T12:56:07.397", "modified_at": "2019-02-06T12:56:07.397", "status": true}}, {"model": "products.productimage", "pk": 34, "fields": {"product": 38, "image_name": "GF00125", "image_alt_text": null, "image": "product_image/Amul_Fresh_Cream_32X250_mL_TPMRP-57.jpg", "created_at": "2019-02-06T12:56:25.044", "modified_at": "2019-02-06T12:56:25.044", "status": true}}, {"model": "products.productimage", "pk": 35, "fields": {"product": 39, "image_name": "GF01429", "image_alt_text": null, "image": "product_image/GF01429.jpg", "created_at": "2019-02-06T17:38:57.659", "modified_at": "2019-02-06T17:38:57.659", "status": true}}, {"model": "products.productimage", "pk": 36, "fields": {"product": 40, "image_name": "GF01428", "image_alt_text": null, "image": "product_image/GF01429.jpg", "created_at": "2019-02-06T17:40:12.730", "modified_at": "2019-02-06T17:40:12.730", "status": true}}, {"model": "products.productimage", "pk": 37, "fields": {"product": 41, "image_name": "GF01427", "image_alt_text": null, "image": "product_image/GF01429.jpg", "created_at": "2019-02-06T17:41:13.648", "modified_at": "2019-02-06T17:41:13.648", "status": true}}, {"model": "products.productimage", "pk": 38, "fields": {"product": 42, "image_name": "GF01425", "image_alt_text": null, "image": "product_image/GF01429.jpg", "created_at": "2019-02-06T17:42:36.916", "modified_at": "2019-02-06T17:42:36.916", "status": true}}, {"model": "products.productimage", "pk": 39, "fields": {"product": 43, "image_name": "GF01424", "image_alt_text": null, "image": "product_image/GF01429.jpg", "created_at": "2019-02-06T17:43:31.541", "modified_at": "2019-02-06T17:43:31.541", "status": true}}, {"model": "products.productimage", "pk": 40, "fields": {"product": 20, "image_name": "GF00424", "image_alt_text": null, "image": "product_image/GF00424.jpg", "created_at": "2019-02-07T18:06:04.279", "modified_at": "2019-02-07T18:06:04.279", "status": true}}, {"model": "products.productimage", "pk": 41, "fields": {"product": 44, "image_name": "GF01691", "image_alt_text": null, "image": "product_image/Godrej_Ezee.jpg", "created_at": "2019-02-12T12:09:44.857", "modified_at": "2019-02-12T12:09:44.857", "status": true}}, {"model": "products.productimage", "pk": 42, "fields": {"product": 45, "image_name": "GF00060_1", "image_alt_text": null, "image": "product_image/Godrej_Ezee.jpg", "created_at": "2019-02-12T12:24:24.997", "modified_at": "2019-02-12T12:24:24.997", "status": true}}, {"model": "products.productimage", "pk": 43, "fields": {"product": 46, "image_name": "GF00059", "image_alt_text": null, "image": "product_image/Godrej_Ezee.jpg", "created_at": "2019-02-12T12:26:24.669", "modified_at": "2019-02-12T12:26:24.670", "status": true}}, {"model": "products.productimage", "pk": 44, "fields": {"product": 47, "image_name": "GF01170", "image_alt_text": null, "image": "product_image/GF01170.jpg", "created_at": "2019-02-12T12:26:39.136", "modified_at": "2019-02-12T12:26:39.136", "status": true}}, {"model": "products.productimage", "pk": 45, "fields": {"product": 48, "image_name": "GF01169", "image_alt_text": null, "image": "product_image/GF01169.jpg", "created_at": "2019-02-12T12:28:02.134", "modified_at": "2019-02-12T12:28:02.134", "status": true}}, {"model": "products.productimage", "pk": 46, "fields": {"product": 49, "image_name": "GF01168", "image_alt_text": null, "image": "product_image/GF01168.jpg", "created_at": "2019-02-12T12:29:17.972", "modified_at": "2019-02-12T12:29:17.972", "status": true}}, {"model": "products.productimage", "pk": 47, "fields": {"product": 50, "image_name": "GF01192", "image_alt_text": null, "image": "product_image/GF01192.jpg", "created_at": "2019-02-12T12:36:14.613", "modified_at": "2019-02-12T12:36:14.613", "status": true}}, {"model": "products.tax", "pk": 1, "fields": {"tax_name": "SGST-9", "tax_type": null, "tax_percentage": 9.0, "tax_start_at": null, "tax_end_at": null, "created_at": "2019-01-04T13:13:30.669", "modified_at": "2019-01-04T13:13:30.669", "status": true}}, {"model": "products.tax", "pk": 2, "fields": {"tax_name": "CGST-9", "tax_type": "gst", "tax_percentage": 9.0, "tax_start_at": null, "tax_end_at": null, "created_at": "2019-01-04T13:14:01.045", "modified_at": "2019-02-01T15:31:29.021", "status": true}}, {"model": "products.tax", "pk": 3, "fields": {"tax_name": "IGST - 5", "tax_type": "gst", "tax_percentage": 5.0, "tax_start_at": null, "tax_end_at": null, "created_at": "2019-01-04T13:14:27.370", "modified_at": "2019-01-14T19:01:08.853", "status": true}}, {"model": "products.tax", "pk": 4, "fields": {"tax_name": "IGST-18", "tax_type": "gst", "tax_percentage": 18.0, "tax_start_at": "2019-01-01T06:00:00", "tax_end_at": null, "created_at": "2019-01-07T15:58:50.473", "modified_at": "2019-01-07T15:58:50.473", "status": true}}, {"model": "products.tax", "pk": 5, "fields": {"tax_name": "gst", "tax_type": "gst", "tax_percentage": 10.0, "tax_start_at": null, "tax_end_at": null, "created_at": "2019-01-10T20:25:30.523", "modified_at": "2019-02-01T15:31:43.702", "status": true}}, {"model": "products.tax", "pk": 6, "fields": {"tax_name": "GST-9", "tax_type": "gst", "tax_percentage": 0.0, "tax_start_at": "2019-01-06T18:00:00", "tax_end_at": "2019-02-06T18:00:00", "created_at": "2019-01-14T18:50:16.512", "modified_at": "2019-02-01T17:07:07.974", "status": true}}, {"model": "products.tax", "pk": 7, "fields": {"tax_name": "GST-5", "tax_type": "gst", "tax_percentage": 5.0, "tax_start_at": "2019-01-06T06:00:00", "tax_end_at": null, "created_at": "2019-02-04T13:40:05.441", "modified_at": "2019-02-04T13:40:05.441", "status": true}}, {"model": "products.tax", "pk": 8, "fields": {"tax_name": "GST-18", "tax_type": "gst", "tax_percentage": 18.0, "tax_start_at": "2019-02-04T12:00:00", "tax_end_at": null, "created_at": "2019-02-12T12:26:32.474", "modified_at": "2019-02-12T12:26:32.474", "status": true}}, {"model": "products.producttaxmapping", "pk": 1, "fields": {"product": 1, "tax": 4, "created_at": "2019-01-04T13:14:43.197", "modified_at": "2019-01-26T10:50:33.450", "status": true}}, {"model": "products.producttaxmapping", "pk": 7, "fields": {"product": 3, "tax": 1, "created_at": "2019-01-06T13:32:47.206", "modified_at": "2019-01-06T13:32:47.206", "status": true}}, {"model": "products.producttaxmapping", "pk": 8, "fields": {"product": 5, "tax": 2, "created_at": "2019-01-07T15:54:29.933", "modified_at": "2019-01-07T15:54:29.933", "status": true}}, {"model": "products.producttaxmapping", "pk": 9, "fields": {"product": 5, "tax": 1, "created_at": "2019-01-07T15:54:29.935", "modified_at": "2019-01-07T15:54:29.935", "status": true}}, {"model": "products.producttaxmapping", "pk": 10, "fields": {"product": 6, "tax": 1, "created_at": "2019-01-07T15:56:30.774", "modified_at": "2019-01-07T15:56:30.774", "status": true}}, {"model": "products.producttaxmapping", "pk": 11, "fields": {"product": 7, "tax": 1, "created_at": "2019-01-07T15:59:55.422", "modified_at": "2019-01-07T15:59:55.422", "status": true}}, {"model": "products.producttaxmapping", "pk": 12, "fields": {"product": 8, "tax": 4, "created_at": "2019-01-07T16:03:52.287", "modified_at": "2019-01-07T16:03:52.287", "status": true}}, {"model": "products.producttaxmapping", "pk": 13, "fields": {"product": 9, "tax": 4, "created_at": "2019-01-07T16:03:52.317", "modified_at": "2019-01-07T16:03:52.317", "status": true}}, {"model": "products.producttaxmapping", "pk": 14, "fields": {"product": 10, "tax": 4, "created_at": "2019-01-07T16:03:52.347", "modified_at": "2019-01-07T16:03:52.347", "status": true}}, {"model": "products.producttaxmapping", "pk": 15, "fields": {"product": 11, "tax": 4, "created_at": "2019-01-07T16:03:52.377", "modified_at": "2019-01-07T16:03:52.377", "status": true}}, {"model": "products.producttaxmapping", "pk": 16, "fields": {"product": 12, "tax": 4, "created_at": "2019-01-07T16:03:52.407", "modified_at": "2019-01-07T16:03:52.407", "status": true}}, {"model": "products.producttaxmapping", "pk": 17, "fields": {"product": 13, "tax": 4, "created_at": "2019-01-07T16:03:52.439", "modified_at": "2019-01-07T16:03:52.439", "status": true}}, {"model": "products.producttaxmapping", "pk": 20, "fields": {"product": 16, "tax": 1, "created_at": "2019-01-07T19:38:41.470", "modified_at": "2019-01-07T19:38:41.470", "status": true}}, {"model": "products.producttaxmapping", "pk": 24, "fields": {"product": 4, "tax": 3, "created_at": "2019-01-14T18:20:47.758", "modified_at": "2019-01-14T18:57:26.209", "status": true}}, {"model": "products.producttaxmapping", "pk": 25, "fields": {"product": 17, "tax": 2, "created_at": "2019-01-23T12:08:12.894", "modified_at": "2019-01-23T12:08:12.894", "status": true}}, {"model": "products.producttaxmapping", "pk": 26, "fields": {"product": 18, "tax": 6, "created_at": "2019-01-23T12:10:57.447", "modified_at": "2019-01-23T12:10:57.447", "status": true}}, {"model": "products.producttaxmapping", "pk": 27, "fields": {"product": 20, "tax": 4, "created_at": "2019-01-30T11:25:22.473", "modified_at": "2019-01-30T11:25:22.473", "status": true}}, {"model": "products.producttaxmapping", "pk": 28, "fields": {"product": 21, "tax": 6, "created_at": "2019-01-30T11:27:01.465", "modified_at": "2019-01-30T11:27:01.465", "status": true}}, {"model": "products.producttaxmapping", "pk": 29, "fields": {"product": 22, "tax": 2, "created_at": "2019-01-30T11:28:55.583", "modified_at": "2019-01-30T11:28:55.583", "status": true}}, {"model": "products.producttaxmapping", "pk": 30, "fields": {"product": 23, "tax": 1, "created_at": "2019-01-31T11:42:34.432", "modified_at": "2019-01-31T11:42:34.432", "status": true}}, {"model": "products.producttaxmapping", "pk": 31, "fields": {"product": 24, "tax": 5, "created_at": "2019-02-01T13:31:31.735", "modified_at": "2019-02-01T15:31:45.542", "status": true}}, {"model": "products.producttaxmapping", "pk": 32, "fields": {"product": 25, "tax": 2, "created_at": "2019-02-01T13:32:38.339", "modified_at": "2019-02-01T13:32:38.339", "status": true}}, {"model": "products.producttaxmapping", "pk": 33, "fields": {"product": 26, "tax": 6, "created_at": "2019-02-01T17:07:10.041", "modified_at": "2019-02-01T17:07:10.041", "status": true}}, {"model": "products.producttaxmapping", "pk": 34, "fields": {"product": 27, "tax": 1, "created_at": "2019-02-04T11:45:51.763", "modified_at": "2019-02-04T11:45:51.763", "status": true}}, {"model": "products.producttaxmapping", "pk": 35, "fields": {"product": 28, "tax": 7, "created_at": "2019-02-04T13:40:15.452", "modified_at": "2019-02-04T13:40:15.452", "status": true}}, {"model": "products.producttaxmapping", "pk": 36, "fields": {"product": 29, "tax": 7, "created_at": "2019-02-04T13:41:56.812", "modified_at": "2019-02-04T13:41:56.812", "status": true}}, {"model": "products.producttaxmapping", "pk": 37, "fields": {"product": 30, "tax": 7, "created_at": "2019-02-04T13:43:47.213", "modified_at": "2019-02-04T13:43:47.213", "status": true}}, {"model": "products.producttaxmapping", "pk": 38, "fields": {"product": 31, "tax": 7, "created_at": "2019-02-04T13:44:51.156", "modified_at": "2019-02-04T13:44:51.156", "status": true}}, {"model": "products.producttaxmapping", "pk": 39, "fields": {"product": 32, "tax": 1, "created_at": "2019-02-05T14:40:23.601", "modified_at": "2019-02-05T14:40:23.601", "status": true}}, {"model": "products.producttaxmapping", "pk": 40, "fields": {"product": 33, "tax": 7, "created_at": "2019-02-05T16:36:22.187", "modified_at": "2019-02-05T16:36:22.187", "status": true}}, {"model": "products.producttaxmapping", "pk": 41, "fields": {"product": 34, "tax": 7, "created_at": "2019-02-06T12:52:34.607", "modified_at": "2019-02-06T12:52:34.607", "status": true}}, {"model": "products.producttaxmapping", "pk": 42, "fields": {"product": 35, "tax": 4, "created_at": "2019-02-06T12:54:52.153", "modified_at": "2019-02-06T12:54:52.153", "status": true}}, {"model": "products.producttaxmapping", "pk": 43, "fields": {"product": 36, "tax": 7, "created_at": "2019-02-06T12:54:55.571", "modified_at": "2019-02-06T12:54:55.571", "status": true}}, {"model": "products.producttaxmapping", "pk": 44, "fields": {"product": 37, "tax": 7, "created_at": "2019-02-06T12:56:07.399", "modified_at": "2019-02-06T12:56:07.399", "status": true}}, {"model": "products.producttaxmapping", "pk": 45, "fields": {"product": 38, "tax": 4, "created_at": "2019-02-06T12:56:25.046", "modified_at": "2019-02-06T12:56:25.046", "status": true}}, {"model": "products.producttaxmapping", "pk": 46, "fields": {"product": 39, "tax": 1, "created_at": "2019-02-06T17:38:57.661", "modified_at": "2019-02-06T17:38:57.661", "status": true}}, {"model": "products.producttaxmapping", "pk": 47, "fields": {"product": 40, "tax": 4, "created_at": "2019-02-06T17:40:12.732", "modified_at": "2019-02-06T17:40:12.732", "status": true}}, {"model": "products.producttaxmapping", "pk": 48, "fields": {"product": 41, "tax": 4, "created_at": "2019-02-06T17:41:13.650", "modified_at": "2019-02-06T17:41:13.650", "status": true}}, {"model": "products.producttaxmapping", "pk": 49, "fields": {"product": 42, "tax": 3, "created_at": "2019-02-06T17:42:36.918", "modified_at": "2019-02-06T17:42:36.918", "status": true}}, {"model": "products.producttaxmapping", "pk": 50, "fields": {"product": 43, "tax": 3, "created_at": "2019-02-06T17:43:31.543", "modified_at": "2019-02-06T17:43:31.543", "status": true}}, {"model": "products.producttaxmapping", "pk": 51, "fields": {"product": 44, "tax": 4, "created_at": "2019-02-12T12:09:44.859", "modified_at": "2019-02-12T12:09:44.859", "status": true}}, {"model": "products.producttaxmapping", "pk": 52, "fields": {"product": 45, "tax": 6, "created_at": "2019-02-12T12:24:24.999", "modified_at": "2019-02-12T12:24:24.999", "status": true}}, {"model": "products.producttaxmapping", "pk": 53, "fields": {"product": 46, "tax": 1, "created_at": "2019-02-12T12:26:24.671", "modified_at": "2019-02-12T12:26:24.671", "status": true}}, {"model": "products.producttaxmapping", "pk": 54, "fields": {"product": 47, "tax": 8, "created_at": "2019-02-12T12:26:39.137", "modified_at": "2019-02-12T12:26:39.137", "status": true}}, {"model": "products.producttaxmapping", "pk": 55, "fields": {"product": 48, "tax": 8, "created_at": "2019-02-12T12:28:02.137", "modified_at": "2019-02-12T12:28:02.137", "status": true}}, {"model": "products.producttaxmapping", "pk": 56, "fields": {"product": 49, "tax": 8, "created_at": "2019-02-12T12:29:17.974", "modified_at": "2019-02-12T12:29:17.974", "status": true}}, {"model": "products.producttaxmapping", "pk": 57, "fields": {"product": 50, "tax": 8, "created_at": "2019-02-12T12:35:06.964", "modified_at": "2019-02-12T12:35:06.964", "status": true}}, {"model": "products.productvendormapping", "pk": 2, "fields": {"vendor": 1, "product": 3, "product_price": 200.0, "created_at": "2019-01-04T16:28:01.235", "modified_at": "2019-01-04T16:28:01.235"}}, {"model": "products.productvendormapping", "pk": 3, "fields": {"vendor": 1, "product": 4, "product_price": 224.0, "created_at": "2019-01-04T16:28:01.236", "modified_at": "2019-01-04T16:28:01.236"}}, {"model": "products.productvendormapping", "pk": 4, "fields": {"vendor": 1, "product": 1, "product_price": 85.0, "created_at": "2019-01-06T19:41:46.197", "modified_at": "2019-01-06T19:41:46.197"}}, {"model": "products.productvendormapping", "pk": 5, "fields": {"vendor": 3, "product": 5, "product_price": 15.0, "created_at": "2019-01-07T15:58:13.397", "modified_at": "2019-01-07T15:58:13.397"}}, {"model": "products.productvendormapping", "pk": 6, "fields": {"vendor": 3, "product": 6, "product_price": 20.0, "created_at": "2019-01-07T15:58:13.398", "modified_at": "2019-01-07T15:58:13.398"}}, {"model": "products.productvendormapping", "pk": 9, "fields": {"vendor": 4, "product": 8, "product_price": 280.0, "created_at": "2019-01-08T12:06:10.274", "modified_at": "2019-01-08T12:06:10.274"}}, {"model": "products.productvendormapping", "pk": 10, "fields": {"vendor": 4, "product": 12, "product_price": 250.0, "created_at": "2019-01-08T12:06:10.275", "modified_at": "2019-01-08T12:06:10.275"}}, {"model": "products.productvendormapping", "pk": 12, "fields": {"vendor": 5, "product": 17, "product_price": 120.0, "created_at": "2019-01-23T12:12:36.422", "modified_at": "2019-01-23T12:12:36.422"}}, {"model": "products.productvendormapping", "pk": 13, "fields": {"vendor": 5, "product": 18, "product_price": 90.0, "created_at": "2019-01-23T12:12:36.423", "modified_at": "2019-01-23T12:12:36.423"}}, {"model": "products.productvendormapping", "pk": 14, "fields": {"vendor": 6, "product": 12, "product_price": 500.0, "created_at": "2019-01-25T23:20:08.388", "modified_at": "2019-01-25T23:20:08.388"}}, {"model": "products.productvendormapping", "pk": 15, "fields": {"vendor": 6, "product": 4, "product_price": 300.0, "created_at": "2019-01-25T23:37:06.627", "modified_at": "2019-01-25T23:37:06.627"}}, {"model": "products.productvendormapping", "pk": 16, "fields": {"vendor": 6, "product": 3, "product_price": 200.0, "created_at": "2019-01-25T23:37:06.629", "modified_at": "2019-01-25T23:37:06.629"}}, {"model": "products.productvendormapping", "pk": 17, "fields": {"vendor": 7, "product": 16, "product_price": 120.0, "created_at": "2019-01-26T10:48:36.080", "modified_at": "2019-01-26T10:48:36.080"}}, {"model": "products.productvendormapping", "pk": 18, "fields": {"vendor": 7, "product": 1, "product_price": 110.0, "created_at": "2019-01-26T10:48:36.082", "modified_at": "2019-01-26T10:48:36.082"}}, {"model": "products.productvendormapping", "pk": 19, "fields": {"vendor": 7, "product": 5, "product_price": 45.0, "created_at": "2019-01-26T10:48:36.083", "modified_at": "2019-01-26T10:48:36.083"}}, {"model": "products.productvendormapping", "pk": 20, "fields": {"vendor": 8, "product": 4, "product_price": 120.0, "created_at": "2019-01-26T11:05:00.938", "modified_at": "2019-01-26T11:05:00.938"}}, {"model": "products.productvendormapping", "pk": 21, "fields": {"vendor": 8, "product": 3, "product_price": 121.0, "created_at": "2019-01-26T11:05:00.939", "modified_at": "2019-01-26T11:05:00.939"}}, {"model": "products.productvendormapping", "pk": 22, "fields": {"vendor": 6, "product": 16, "product_price": 250.0, "created_at": "2019-01-28T15:22:55.754", "modified_at": "2019-01-28T15:22:55.754"}}, {"model": "products.productvendormapping", "pk": 23, "fields": {"vendor": 9, "product": 8, "product_price": 110.0, "created_at": "2019-01-28T16:40:08.442", "modified_at": "2019-01-28T16:40:08.442"}}, {"model": "products.productvendormapping", "pk": 24, "fields": {"vendor": 9, "product": 9, "product_price": 100.0, "created_at": "2019-01-28T16:40:08.443", "modified_at": "2019-01-28T16:40:08.443"}}, {"model": "products.productvendormapping", "pk": 25, "fields": {"vendor": 10, "product": 12, "product_price": 60.0, "created_at": "2019-01-30T12:22:43.176", "modified_at": "2019-01-30T12:22:43.176"}}, {"model": "products.productvendormapping", "pk": 26, "fields": {"vendor": 10, "product": 11, "product_price": 60.0, "created_at": "2019-01-30T12:22:43.176", "modified_at": "2019-01-30T12:22:43.176"}}, {"model": "products.productvendormapping", "pk": 27, "fields": {"vendor": 10, "product": 4, "product_price": 290.0, "created_at": "2019-01-30T12:22:43.176", "modified_at": "2019-01-30T12:22:43.176"}}, {"model": "products.productvendormapping", "pk": 28, "fields": {"vendor": 10, "product": 3, "product_price": 300.0, "created_at": "2019-01-30T12:22:43.176", "modified_at": "2019-01-30T12:22:43.176"}}, {"model": "products.productvendormapping", "pk": 29, "fields": {"vendor": 10, "product": 5, "product_price": 50.0, "created_at": "2019-01-30T12:22:43.176", "modified_at": "2019-01-30T12:22:43.176"}}, {"model": "products.productvendormapping", "pk": 31, "fields": {"vendor": 10, "product": 6, "product_price": 67.0, "created_at": "2019-01-30T12:22:43.176", "modified_at": "2019-01-30T12:22:43.176"}}, {"model": "products.productvendormapping", "pk": 32, "fields": {"vendor": 10, "product": 7, "product_price": 76.0, "created_at": "2019-01-30T12:22:43.176", "modified_at": "2019-01-30T12:22:43.176"}}, {"model": "products.productvendormapping", "pk": 33, "fields": {"vendor": 10, "product": 8, "product_price": 76.0, "created_at": "2019-01-30T12:22:43.176", "modified_at": "2019-01-30T12:22:43.176"}}, {"model": "products.productvendormapping", "pk": 34, "fields": {"vendor": 10, "product": 9, "product_price": 76.0, "created_at": "2019-01-30T12:22:43.176", "modified_at": "2019-01-30T12:22:43.176"}}, {"model": "products.productvendormapping", "pk": 35, "fields": {"vendor": 10, "product": 10, "product_price": 76.0, "created_at": "2019-01-30T12:22:43.176", "modified_at": "2019-01-30T12:22:43.176"}}, {"model": "products.productvendormapping", "pk": 36, "fields": {"vendor": 10, "product": 13, "product_price": 78.0, "created_at": "2019-01-30T12:22:43.176", "modified_at": "2019-01-30T12:22:43.176"}}, {"model": "products.productvendormapping", "pk": 37, "fields": {"vendor": 10, "product": 16, "product_price": 200.0, "created_at": "2019-01-30T12:22:43.176", "modified_at": "2019-01-30T12:22:43.176"}}, {"model": "products.productvendormapping", "pk": 38, "fields": {"vendor": 10, "product": 17, "product_price": 40.0, "created_at": "2019-01-30T12:22:43.176", "modified_at": "2019-01-30T12:22:43.176"}}, {"model": "products.productvendormapping", "pk": 39, "fields": {"vendor": 10, "product": 21, "product_price": 120.0, "created_at": "2019-01-30T12:22:43.176", "modified_at": "2019-01-30T12:22:43.176"}}, {"model": "products.productvendormapping", "pk": 40, "fields": {"vendor": 10, "product": 18, "product_price": 30.0, "created_at": "2019-01-30T12:22:43.176", "modified_at": "2019-01-30T12:22:43.176"}}, {"model": "products.productvendormapping", "pk": 41, "fields": {"vendor": 10, "product": 1, "product_price": 70.0, "created_at": "2019-01-30T12:22:43.176", "modified_at": "2019-01-30T12:22:43.176"}}, {"model": "products.productvendormapping", "pk": 44, "fields": {"vendor": 7, "product": 23, "product_price": 90.0, "created_at": "2019-01-31T11:48:53.244", "modified_at": "2019-01-31T11:48:53.244"}}, {"model": "products.productvendormapping", "pk": 45, "fields": {"vendor": 11, "product": 18, "product_price": 150.0, "created_at": "2019-02-01T13:18:57.705", "modified_at": "2019-02-01T13:18:57.705"}}, {"model": "products.productvendormapping", "pk": 46, "fields": {"vendor": 11, "product": 17, "product_price": 170.0, "created_at": "2019-02-01T13:18:57.707", "modified_at": "2019-02-01T13:18:57.707"}}, {"model": "products.productvendormapping", "pk": 47, "fields": {"vendor": 11, "product": 20, "product_price": 150.0, "created_at": "2019-02-01T13:18:57.708", "modified_at": "2019-02-01T13:18:57.708"}}, {"model": "products.productvendormapping", "pk": 48, "fields": {"vendor": 11, "product": 21, "product_price": 130.0, "created_at": "2019-02-01T13:18:57.709", "modified_at": "2019-02-01T13:18:57.709"}}, {"model": "products.productvendormapping", "pk": 49, "fields": {"vendor": 12, "product": 25, "product_price": 170.0, "created_at": "2019-02-01T13:37:35.174", "modified_at": "2019-02-01T13:37:35.174"}}, {"model": "products.productvendormapping", "pk": 50, "fields": {"vendor": 12, "product": 24, "product_price": 150.0, "created_at": "2019-02-01T13:37:35.175", "modified_at": "2019-02-01T13:37:35.175"}}, {"model": "products.productvendormapping", "pk": 52, "fields": {"vendor": 10, "product": 12, "product_price": 60.0, "created_at": "2019-02-01T17:26:23.703", "modified_at": "2019-02-01T17:26:23.703"}}, {"model": "products.productvendormapping", "pk": 53, "fields": {"vendor": 10, "product": 11, "product_price": 60.0, "created_at": "2019-02-01T17:26:23.703", "modified_at": "2019-02-01T17:26:23.703"}}, {"model": "products.productvendormapping", "pk": 54, "fields": {"vendor": 10, "product": 4, "product_price": 290.0, "created_at": "2019-02-01T17:26:23.703", "modified_at": "2019-02-01T17:26:23.703"}}, {"model": "products.productvendormapping", "pk": 55, "fields": {"vendor": 10, "product": 3, "product_price": 300.0, "created_at": "2019-02-01T17:26:23.703", "modified_at": "2019-02-01T17:26:23.703"}}, {"model": "products.productvendormapping", "pk": 56, "fields": {"vendor": 10, "product": 5, "product_price": 50.0, "created_at": "2019-02-01T17:26:23.703", "modified_at": "2019-02-01T17:26:23.703"}}, {"model": "products.productvendormapping", "pk": 57, "fields": {"vendor": 10, "product": 20, "product_price": 50.0, "created_at": "2019-02-01T17:26:23.703", "modified_at": "2019-02-01T17:26:23.703"}}, {"model": "products.productvendormapping", "pk": 58, "fields": {"vendor": 10, "product": 6, "product_price": 67.0, "created_at": "2019-02-01T17:26:23.703", "modified_at": "2019-02-01T17:26:23.703"}}, {"model": "products.productvendormapping", "pk": 59, "fields": {"vendor": 10, "product": 7, "product_price": 76.0, "created_at": "2019-02-01T17:26:23.703", "modified_at": "2019-02-01T17:26:23.703"}}, {"model": "products.productvendormapping", "pk": 60, "fields": {"vendor": 10, "product": 8, "product_price": 76.0, "created_at": "2019-02-01T17:26:23.703", "modified_at": "2019-02-01T17:26:23.703"}}, {"model": "products.productvendormapping", "pk": 61, "fields": {"vendor": 10, "product": 9, "product_price": 76.0, "created_at": "2019-02-01T17:26:23.704", "modified_at": "2019-02-01T17:26:23.704"}}, {"model": "products.productvendormapping", "pk": 62, "fields": {"vendor": 10, "product": 10, "product_price": 76.0, "created_at": "2019-02-01T17:26:23.704", "modified_at": "2019-02-01T17:26:23.704"}}, {"model": "products.productvendormapping", "pk": 63, "fields": {"vendor": 10, "product": 13, "product_price": 78.0, "created_at": "2019-02-01T17:26:23.704", "modified_at": "2019-02-01T17:26:23.704"}}, {"model": "products.productvendormapping", "pk": 64, "fields": {"vendor": 10, "product": 16, "product_price": 200.0, "created_at": "2019-02-01T17:26:23.704", "modified_at": "2019-02-01T17:26:23.704"}}, {"model": "products.productvendormapping", "pk": 65, "fields": {"vendor": 10, "product": 17, "product_price": 40.0, "created_at": "2019-02-01T17:26:23.704", "modified_at": "2019-02-01T17:26:23.704"}}, {"model": "products.productvendormapping", "pk": 66, "fields": {"vendor": 10, "product": 21, "product_price": 120.0, "created_at": "2019-02-01T17:26:23.704", "modified_at": "2019-02-01T17:26:23.704"}}, {"model": "products.productvendormapping", "pk": 67, "fields": {"vendor": 10, "product": 18, "product_price": 30.0, "created_at": "2019-02-01T17:26:23.704", "modified_at": "2019-02-01T17:26:23.704"}}, {"model": "products.productvendormapping", "pk": 68, "fields": {"vendor": 10, "product": 1, "product_price": 70.0, "created_at": "2019-02-01T17:26:23.704", "modified_at": "2019-02-01T17:26:23.704"}}, {"model": "products.productvendormapping", "pk": 69, "fields": {"vendor": 10, "product": 22, "product_price": 56.0, "created_at": "2019-02-01T17:26:23.704", "modified_at": "2019-02-01T17:26:23.704"}}, {"model": "products.productvendormapping", "pk": 70, "fields": {"vendor": 14, "product": 21, "product_price": 130.0, "created_at": "2019-02-01T17:28:13.357", "modified_at": "2019-02-01T17:28:13.357"}}, {"model": "products.productvendormapping", "pk": 71, "fields": {"vendor": 14, "product": 22, "product_price": 120.0, "created_at": "2019-02-01T17:28:13.359", "modified_at": "2019-02-01T17:28:13.359"}}, {"model": "products.productvendormapping", "pk": 72, "fields": {"vendor": 10, "product": 27, "product_price": 20.0, "created_at": "2019-02-04T11:47:47.735", "modified_at": "2019-02-04T11:47:47.735"}}, {"model": "products.productvendormapping", "pk": 73, "fields": {"vendor": 15, "product": 28, "product_price": 150.0, "created_at": "2019-02-04T13:49:56.197", "modified_at": "2019-02-05T14:21:23.031"}}, {"model": "products.productvendormapping", "pk": 74, "fields": {"vendor": 15, "product": 29, "product_price": 155.0, "created_at": "2019-02-04T13:49:56.201", "modified_at": "2019-02-04T13:49:56.201"}}, {"model": "products.productvendormapping", "pk": 75, "fields": {"vendor": 15, "product": 30, "product_price": 145.0, "created_at": "2019-02-04T13:49:56.203", "modified_at": "2019-02-05T14:15:14.911"}}, {"model": "products.productvendormapping", "pk": 76, "fields": {"vendor": 15, "product": 31, "product_price": 100.0, "created_at": "2019-02-04T13:49:56.204", "modified_at": "2019-02-05T14:20:10.591"}}, {"model": "products.productvendormapping", "pk": 77, "fields": {"vendor": 10, "product": 12, "product_price": 60.0, "created_at": "2019-02-05T12:28:23.734", "modified_at": "2019-02-05T12:28:23.734"}}, {"model": "products.productvendormapping", "pk": 78, "fields": {"vendor": 10, "product": 11, "product_price": 60.0, "created_at": "2019-02-05T12:28:23.734", "modified_at": "2019-02-05T12:28:23.734"}}, {"model": "products.productvendormapping", "pk": 79, "fields": {"vendor": 10, "product": 4, "product_price": 290.0, "created_at": "2019-02-05T12:28:23.734", "modified_at": "2019-02-05T12:28:23.734"}}, {"model": "products.productvendormapping", "pk": 80, "fields": {"vendor": 10, "product": 3, "product_price": 300.0, "created_at": "2019-02-05T12:28:23.734", "modified_at": "2019-02-05T12:28:23.734"}}, {"model": "products.productvendormapping", "pk": 81, "fields": {"vendor": 10, "product": 5, "product_price": 50.0, "created_at": "2019-02-05T12:28:23.734", "modified_at": "2019-02-05T12:28:23.734"}}, {"model": "products.productvendormapping", "pk": 82, "fields": {"vendor": 10, "product": 20, "product_price": 50.0, "created_at": "2019-02-05T12:28:23.734", "modified_at": "2019-02-05T12:28:23.734"}}, {"model": "products.productvendormapping", "pk": 83, "fields": {"vendor": 10, "product": 6, "product_price": 67.0, "created_at": "2019-02-05T12:28:23.736", "modified_at": "2019-02-05T12:28:23.736"}}, {"model": "products.productvendormapping", "pk": 84, "fields": {"vendor": 10, "product": 7, "product_price": 76.0, "created_at": "2019-02-05T12:28:23.736", "modified_at": "2019-02-05T12:28:23.736"}}, {"model": "products.productvendormapping", "pk": 85, "fields": {"vendor": 10, "product": 8, "product_price": 76.0, "created_at": "2019-02-05T12:28:23.736", "modified_at": "2019-02-05T12:28:23.736"}}, {"model": "products.productvendormapping", "pk": 86, "fields": {"vendor": 10, "product": 9, "product_price": 76.0, "created_at": "2019-02-05T12:28:23.736", "modified_at": "2019-02-05T12:28:23.736"}}, {"model": "products.productvendormapping", "pk": 87, "fields": {"vendor": 10, "product": 10, "product_price": 76.0, "created_at": "2019-02-05T12:28:23.736", "modified_at": "2019-02-05T12:28:23.736"}}, {"model": "products.productvendormapping", "pk": 88, "fields": {"vendor": 10, "product": 13, "product_price": 78.0, "created_at": "2019-02-05T12:28:23.736", "modified_at": "2019-02-05T12:28:23.736"}}, {"model": "products.productvendormapping", "pk": 89, "fields": {"vendor": 10, "product": 16, "product_price": 200.0, "created_at": "2019-02-05T12:28:23.736", "modified_at": "2019-02-05T12:28:23.736"}}, {"model": "products.productvendormapping", "pk": 90, "fields": {"vendor": 10, "product": 17, "product_price": 40.0, "created_at": "2019-02-05T12:28:23.736", "modified_at": "2019-02-05T12:28:23.736"}}, {"model": "products.productvendormapping", "pk": 91, "fields": {"vendor": 10, "product": 21, "product_price": 120.0, "created_at": "2019-02-05T12:28:23.736", "modified_at": "2019-02-05T12:28:23.736"}}, {"model": "products.productvendormapping", "pk": 92, "fields": {"vendor": 10, "product": 18, "product_price": 30.0, "created_at": "2019-02-05T12:28:23.736", "modified_at": "2019-02-05T12:28:23.736"}}, {"model": "products.productvendormapping", "pk": 93, "fields": {"vendor": 10, "product": 1, "product_price": 70.0, "created_at": "2019-02-05T12:28:23.736", "modified_at": "2019-02-05T12:28:23.736"}}, {"model": "products.productvendormapping", "pk": 94, "fields": {"vendor": 10, "product": 22, "product_price": 56.0, "created_at": "2019-02-05T12:28:23.736", "modified_at": "2019-02-05T12:28:23.736"}}, {"model": "products.productvendormapping", "pk": 95, "fields": {"vendor": 10, "product": 23, "product_price": 90.0, "created_at": "2019-02-05T12:28:23.739", "modified_at": "2019-02-05T14:17:04.638"}}, {"model": "products.productvendormapping", "pk": 101, "fields": {"vendor": 5, "product": 4, "product_price": 100.0, "created_at": "2019-02-05T12:43:28.031", "modified_at": "2019-02-05T12:43:28.031"}}, {"model": "products.productvendormapping", "pk": 179, "fields": {"vendor": 10, "product": 12, "product_price": 60.0, "created_at": "2019-02-05T14:17:04.635", "modified_at": "2019-02-05T14:17:04.635"}}, {"model": "products.productvendormapping", "pk": 180, "fields": {"vendor": 10, "product": 11, "product_price": 60.0, "created_at": "2019-02-05T14:17:04.635", "modified_at": "2019-02-05T14:17:04.635"}}, {"model": "products.productvendormapping", "pk": 181, "fields": {"vendor": 10, "product": 4, "product_price": 290.0, "created_at": "2019-02-05T14:17:04.636", "modified_at": "2019-02-05T14:17:04.636"}}, {"model": "products.productvendormapping", "pk": 182, "fields": {"vendor": 10, "product": 3, "product_price": 300.0, "created_at": "2019-02-05T14:17:04.636", "modified_at": "2019-02-05T14:17:04.636"}}, {"model": "products.productvendormapping", "pk": 183, "fields": {"vendor": 10, "product": 5, "product_price": 50.0, "created_at": "2019-02-05T14:17:04.636", "modified_at": "2019-02-05T14:17:04.636"}}, {"model": "products.productvendormapping", "pk": 184, "fields": {"vendor": 10, "product": 20, "product_price": 50.0, "created_at": "2019-02-05T14:17:04.636", "modified_at": "2019-02-05T14:17:04.636"}}, {"model": "products.productvendormapping", "pk": 185, "fields": {"vendor": 10, "product": 6, "product_price": 67.0, "created_at": "2019-02-05T14:17:04.636", "modified_at": "2019-02-05T14:17:04.636"}}, {"model": "products.productvendormapping", "pk": 186, "fields": {"vendor": 10, "product": 7, "product_price": 76.0, "created_at": "2019-02-05T14:17:04.636", "modified_at": "2019-02-05T14:17:04.636"}}, {"model": "products.productvendormapping", "pk": 187, "fields": {"vendor": 10, "product": 8, "product_price": 76.0, "created_at": "2019-02-05T14:17:04.636", "modified_at": "2019-02-05T14:17:04.636"}}, {"model": "products.productvendormapping", "pk": 188, "fields": {"vendor": 10, "product": 9, "product_price": 76.0, "created_at": "2019-02-05T14:17:04.636", "modified_at": "2019-02-05T14:17:04.636"}}, {"model": "products.productvendormapping", "pk": 189, "fields": {"vendor": 10, "product": 10, "product_price": 76.0, "created_at": "2019-02-05T14:17:04.636", "modified_at": "2019-02-05T14:17:04.636"}}, {"model": "products.productvendormapping", "pk": 190, "fields": {"vendor": 10, "product": 13, "product_price": 78.0, "created_at": "2019-02-05T14:17:04.636", "modified_at": "2019-02-05T14:17:04.636"}}, {"model": "products.productvendormapping", "pk": 191, "fields": {"vendor": 10, "product": 16, "product_price": 200.0, "created_at": "2019-02-05T14:17:04.636", "modified_at": "2019-02-05T14:17:04.636"}}, {"model": "products.productvendormapping", "pk": 192, "fields": {"vendor": 10, "product": 17, "product_price": 40.0, "created_at": "2019-02-05T14:17:04.636", "modified_at": "2019-02-05T14:17:04.636"}}, {"model": "products.productvendormapping", "pk": 193, "fields": {"vendor": 10, "product": 21, "product_price": 120.0, "created_at": "2019-02-05T14:17:04.636", "modified_at": "2019-02-05T14:17:04.636"}}, {"model": "products.productvendormapping", "pk": 194, "fields": {"vendor": 10, "product": 18, "product_price": 30.0, "created_at": "2019-02-05T14:17:04.636", "modified_at": "2019-02-05T14:17:04.636"}}, {"model": "products.productvendormapping", "pk": 195, "fields": {"vendor": 10, "product": 1, "product_price": 70.0, "created_at": "2019-02-05T14:17:04.636", "modified_at": "2019-02-05T14:17:04.636"}}, {"model": "products.productvendormapping", "pk": 196, "fields": {"vendor": 10, "product": 22, "product_price": 60.0, "created_at": "2019-02-05T14:17:04.636", "modified_at": "2019-02-05T14:17:26.528"}}, {"model": "products.productvendormapping", "pk": 197, "fields": {"vendor": 10, "product": 12, "product_price": 60.0, "created_at": "2019-02-05T14:17:26.525", "modified_at": "2019-02-05T14:17:26.525"}}, {"model": "products.productvendormapping", "pk": 198, "fields": {"vendor": 10, "product": 11, "product_price": 60.0, "created_at": "2019-02-05T14:17:26.525", "modified_at": "2019-02-05T14:17:26.525"}}, {"model": "products.productvendormapping", "pk": 199, "fields": {"vendor": 10, "product": 4, "product_price": 290.0, "created_at": "2019-02-05T14:17:26.525", "modified_at": "2019-02-05T14:17:26.525"}}, {"model": "products.productvendormapping", "pk": 200, "fields": {"vendor": 10, "product": 3, "product_price": 300.0, "created_at": "2019-02-05T14:17:26.525", "modified_at": "2019-02-05T14:17:26.525"}}, {"model": "products.productvendormapping", "pk": 201, "fields": {"vendor": 10, "product": 5, "product_price": 50.0, "created_at": "2019-02-05T14:17:26.525", "modified_at": "2019-02-05T14:17:26.525"}}, {"model": "products.productvendormapping", "pk": 202, "fields": {"vendor": 10, "product": 20, "product_price": 50.0, "created_at": "2019-02-05T14:17:26.525", "modified_at": "2019-02-05T14:17:26.525"}}, {"model": "products.productvendormapping", "pk": 203, "fields": {"vendor": 10, "product": 6, "product_price": 67.0, "created_at": "2019-02-05T14:17:26.525", "modified_at": "2019-02-05T14:17:26.525"}}, {"model": "products.productvendormapping", "pk": 204, "fields": {"vendor": 10, "product": 7, "product_price": 76.0, "created_at": "2019-02-05T14:17:26.525", "modified_at": "2019-02-05T14:17:26.525"}}, {"model": "products.productvendormapping", "pk": 205, "fields": {"vendor": 10, "product": 8, "product_price": 76.0, "created_at": "2019-02-05T14:17:26.525", "modified_at": "2019-02-05T14:17:26.525"}}, {"model": "products.productvendormapping", "pk": 206, "fields": {"vendor": 10, "product": 9, "product_price": 76.0, "created_at": "2019-02-05T14:17:26.525", "modified_at": "2019-02-05T14:17:26.525"}}, {"model": "products.productvendormapping", "pk": 207, "fields": {"vendor": 10, "product": 10, "product_price": 76.0, "created_at": "2019-02-05T14:17:26.525", "modified_at": "2019-02-05T14:17:26.525"}}, {"model": "products.productvendormapping", "pk": 208, "fields": {"vendor": 10, "product": 13, "product_price": 78.0, "created_at": "2019-02-05T14:17:26.525", "modified_at": "2019-02-05T14:17:26.525"}}, {"model": "products.productvendormapping", "pk": 209, "fields": {"vendor": 10, "product": 16, "product_price": 200.0, "created_at": "2019-02-05T14:17:26.525", "modified_at": "2019-02-05T14:17:26.525"}}, {"model": "products.productvendormapping", "pk": 210, "fields": {"vendor": 10, "product": 17, "product_price": 40.0, "created_at": "2019-02-05T14:17:26.525", "modified_at": "2019-02-05T14:17:26.525"}}, {"model": "products.productvendormapping", "pk": 211, "fields": {"vendor": 10, "product": 21, "product_price": 120.0, "created_at": "2019-02-05T14:17:26.525", "modified_at": "2019-02-05T14:17:26.525"}}, {"model": "products.productvendormapping", "pk": 212, "fields": {"vendor": 10, "product": 18, "product_price": 30.0, "created_at": "2019-02-05T14:17:26.525", "modified_at": "2019-02-05T14:17:26.525"}}, {"model": "products.productvendormapping", "pk": 213, "fields": {"vendor": 10, "product": 1, "product_price": 70.0, "created_at": "2019-02-05T14:17:26.525", "modified_at": "2019-02-05T14:17:26.525"}}, {"model": "products.productvendormapping", "pk": 214, "fields": {"vendor": 10, "product": 22, "product_price": 60.0, "created_at": "2019-02-05T14:17:26.525", "modified_at": "2019-02-05T14:17:43.696"}}, {"model": "products.productvendormapping", "pk": 215, "fields": {"vendor": 10, "product": 12, "product_price": 60.0, "created_at": "2019-02-05T14:17:43.692", "modified_at": "2019-02-05T14:17:43.692"}}, {"model": "products.productvendormapping", "pk": 216, "fields": {"vendor": 10, "product": 11, "product_price": 60.0, "created_at": "2019-02-05T14:17:43.692", "modified_at": "2019-02-05T14:17:43.692"}}, {"model": "products.productvendormapping", "pk": 217, "fields": {"vendor": 10, "product": 4, "product_price": 290.0, "created_at": "2019-02-05T14:17:43.692", "modified_at": "2019-02-05T14:17:43.692"}}, {"model": "products.productvendormapping", "pk": 218, "fields": {"vendor": 10, "product": 3, "product_price": 300.0, "created_at": "2019-02-05T14:17:43.692", "modified_at": "2019-02-05T14:17:43.692"}}, {"model": "products.productvendormapping", "pk": 219, "fields": {"vendor": 10, "product": 5, "product_price": 50.0, "created_at": "2019-02-05T14:17:43.692", "modified_at": "2019-02-05T14:17:43.692"}}, {"model": "products.productvendormapping", "pk": 220, "fields": {"vendor": 10, "product": 20, "product_price": 50.0, "created_at": "2019-02-05T14:17:43.692", "modified_at": "2019-02-05T14:17:43.692"}}, {"model": "products.productvendormapping", "pk": 221, "fields": {"vendor": 10, "product": 6, "product_price": 67.0, "created_at": "2019-02-05T14:17:43.692", "modified_at": "2019-02-05T14:17:43.692"}}, {"model": "products.productvendormapping", "pk": 222, "fields": {"vendor": 10, "product": 7, "product_price": 76.0, "created_at": "2019-02-05T14:17:43.692", "modified_at": "2019-02-05T14:17:43.692"}}, {"model": "products.productvendormapping", "pk": 223, "fields": {"vendor": 10, "product": 8, "product_price": 76.0, "created_at": "2019-02-05T14:17:43.692", "modified_at": "2019-02-05T14:17:43.692"}}, {"model": "products.productvendormapping", "pk": 224, "fields": {"vendor": 10, "product": 9, "product_price": 76.0, "created_at": "2019-02-05T14:17:43.692", "modified_at": "2019-02-05T14:17:43.692"}}, {"model": "products.productvendormapping", "pk": 225, "fields": {"vendor": 10, "product": 10, "product_price": 76.0, "created_at": "2019-02-05T14:17:43.692", "modified_at": "2019-02-05T14:17:43.692"}}, {"model": "products.productvendormapping", "pk": 226, "fields": {"vendor": 10, "product": 13, "product_price": 78.0, "created_at": "2019-02-05T14:17:43.692", "modified_at": "2019-02-05T14:17:43.692"}}, {"model": "products.productvendormapping", "pk": 227, "fields": {"vendor": 10, "product": 16, "product_price": 200.0, "created_at": "2019-02-05T14:17:43.692", "modified_at": "2019-02-05T14:17:43.692"}}, {"model": "products.productvendormapping", "pk": 228, "fields": {"vendor": 10, "product": 17, "product_price": 40.0, "created_at": "2019-02-05T14:17:43.692", "modified_at": "2019-02-05T14:17:43.692"}}, {"model": "products.productvendormapping", "pk": 229, "fields": {"vendor": 10, "product": 21, "product_price": 120.0, "created_at": "2019-02-05T14:17:43.692", "modified_at": "2019-02-05T14:17:43.692"}}, {"model": "products.productvendormapping", "pk": 230, "fields": {"vendor": 10, "product": 18, "product_price": 30.0, "created_at": "2019-02-05T14:17:43.692", "modified_at": "2019-02-05T14:17:43.692"}}, {"model": "products.productvendormapping", "pk": 231, "fields": {"vendor": 10, "product": 1, "product_price": 70.0, "created_at": "2019-02-05T14:17:43.692", "modified_at": "2019-02-05T14:17:43.692"}}, {"model": "products.productvendormapping", "pk": 232, "fields": {"vendor": 10, "product": 22, "product_price": 60.0, "created_at": "2019-02-05T14:17:43.692", "modified_at": "2019-02-05T14:18:46.931"}}, {"model": "products.productvendormapping", "pk": 233, "fields": {"vendor": 10, "product": 12, "product_price": 60.0, "created_at": "2019-02-05T14:18:46.928", "modified_at": "2019-02-05T14:18:46.929"}}, {"model": "products.productvendormapping", "pk": 234, "fields": {"vendor": 10, "product": 11, "product_price": 60.0, "created_at": "2019-02-05T14:18:46.929", "modified_at": "2019-02-05T14:18:46.929"}}, {"model": "products.productvendormapping", "pk": 235, "fields": {"vendor": 10, "product": 4, "product_price": 290.0, "created_at": "2019-02-05T14:18:46.929", "modified_at": "2019-02-05T14:18:46.929"}}, {"model": "products.productvendormapping", "pk": 236, "fields": {"vendor": 10, "product": 3, "product_price": 300.0, "created_at": "2019-02-05T14:18:46.929", "modified_at": "2019-02-05T14:18:46.929"}}, {"model": "products.productvendormapping", "pk": 237, "fields": {"vendor": 10, "product": 5, "product_price": 50.0, "created_at": "2019-02-05T14:18:46.929", "modified_at": "2019-02-05T14:18:46.929"}}, {"model": "products.productvendormapping", "pk": 238, "fields": {"vendor": 10, "product": 20, "product_price": 50.0, "created_at": "2019-02-05T14:18:46.929", "modified_at": "2019-02-05T14:18:46.929"}}, {"model": "products.productvendormapping", "pk": 239, "fields": {"vendor": 10, "product": 6, "product_price": 67.0, "created_at": "2019-02-05T14:18:46.929", "modified_at": "2019-02-05T14:18:46.929"}}, {"model": "products.productvendormapping", "pk": 240, "fields": {"vendor": 10, "product": 7, "product_price": 76.0, "created_at": "2019-02-05T14:18:46.929", "modified_at": "2019-02-05T14:18:46.929"}}, {"model": "products.productvendormapping", "pk": 241, "fields": {"vendor": 10, "product": 8, "product_price": 76.0, "created_at": "2019-02-05T14:18:46.929", "modified_at": "2019-02-05T14:18:46.929"}}, {"model": "products.productvendormapping", "pk": 242, "fields": {"vendor": 10, "product": 9, "product_price": 76.0, "created_at": "2019-02-05T14:18:46.929", "modified_at": "2019-02-05T14:18:46.929"}}, {"model": "products.productvendormapping", "pk": 243, "fields": {"vendor": 10, "product": 10, "product_price": 76.0, "created_at": "2019-02-05T14:18:46.929", "modified_at": "2019-02-05T14:18:46.929"}}, {"model": "products.productvendormapping", "pk": 244, "fields": {"vendor": 10, "product": 13, "product_price": 78.0, "created_at": "2019-02-05T14:18:46.929", "modified_at": "2019-02-05T14:18:46.929"}}, {"model": "products.productvendormapping", "pk": 245, "fields": {"vendor": 10, "product": 16, "product_price": 200.0, "created_at": "2019-02-05T14:18:46.929", "modified_at": "2019-02-05T14:18:46.929"}}, {"model": "products.productvendormapping", "pk": 246, "fields": {"vendor": 10, "product": 17, "product_price": 40.0, "created_at": "2019-02-05T14:18:46.929", "modified_at": "2019-02-05T14:18:46.929"}}, {"model": "products.productvendormapping", "pk": 247, "fields": {"vendor": 10, "product": 21, "product_price": 120.0, "created_at": "2019-02-05T14:18:46.929", "modified_at": "2019-02-05T14:18:46.929"}}, {"model": "products.productvendormapping", "pk": 248, "fields": {"vendor": 10, "product": 18, "product_price": 30.0, "created_at": "2019-02-05T14:18:46.929", "modified_at": "2019-02-05T14:18:46.929"}}, {"model": "products.productvendormapping", "pk": 249, "fields": {"vendor": 10, "product": 1, "product_price": 70.0, "created_at": "2019-02-05T14:18:46.929", "modified_at": "2019-02-05T14:18:46.929"}}, {"model": "products.productvendormapping", "pk": 250, "fields": {"vendor": 10, "product": 22, "product_price": 56.0, "created_at": "2019-02-05T14:18:46.929", "modified_at": "2019-02-05T14:18:46.929"}}, {"model": "products.productvendormapping", "pk": 251, "fields": {"vendor": 15, "product": 29, "product_price": 156.0, "created_at": "2019-02-05T14:21:23.032", "modified_at": "2019-02-05T14:21:23.032"}}, {"model": "products.productvendormapping", "pk": 252, "fields": {"vendor": 2, "product": 12, "product_price": 120.0, "created_at": "2019-02-05T14:37:48.751", "modified_at": "2019-02-05T14:37:56.233"}}, {"model": "products.productvendormapping", "pk": 253, "fields": {"vendor": 19, "product": 12, "product_price": 100.0, "created_at": "2019-02-05T16:47:12.430", "modified_at": "2019-02-05T16:47:12.430"}}, {"model": "products.productvendormapping", "pk": 254, "fields": {"vendor": 19, "product": 11, "product_price": 100.0, "created_at": "2019-02-05T16:47:12.430", "modified_at": "2019-02-05T16:47:12.430"}}, {"model": "products.productvendormapping", "pk": 255, "fields": {"vendor": 19, "product": 4, "product_price": 100.0, "created_at": "2019-02-05T16:47:12.430", "modified_at": "2019-02-05T16:47:12.430"}}, {"model": "products.productvendormapping", "pk": 256, "fields": {"vendor": 19, "product": 3, "product_price": 120.0, "created_at": "2019-02-05T16:47:12.430", "modified_at": "2019-02-06T12:07:12.593"}}, {"model": "products.productvendormapping", "pk": 257, "fields": {"vendor": 19, "product": 12, "product_price": 100.0, "created_at": "2019-02-06T12:07:12.591", "modified_at": "2019-02-06T12:07:12.591"}}, {"model": "products.productvendormapping", "pk": 258, "fields": {"vendor": 19, "product": 11, "product_price": 100.0, "created_at": "2019-02-06T12:07:12.591", "modified_at": "2019-02-06T12:07:12.591"}}, {"model": "products.productvendormapping", "pk": 259, "fields": {"vendor": 19, "product": 4, "product_price": 100.0, "created_at": "2019-02-06T12:07:12.591", "modified_at": "2019-02-06T12:07:12.591"}}, {"model": "products.productvendormapping", "pk": 260, "fields": {"vendor": 19, "product": 3, "product_price": 140.0, "created_at": "2019-02-06T12:07:12.591", "modified_at": "2019-02-06T12:13:18.396"}}, {"model": "products.productvendormapping", "pk": 261, "fields": {"vendor": 19, "product": 12, "product_price": 100.0, "created_at": "2019-02-06T12:13:18.394", "modified_at": "2019-02-06T12:13:18.394"}}, {"model": "products.productvendormapping", "pk": 262, "fields": {"vendor": 19, "product": 11, "product_price": 100.0, "created_at": "2019-02-06T12:13:18.394", "modified_at": "2019-02-06T12:13:18.394"}}, {"model": "products.productvendormapping", "pk": 263, "fields": {"vendor": 19, "product": 4, "product_price": 100.0, "created_at": "2019-02-06T12:13:18.394", "modified_at": "2019-02-06T12:13:18.394"}}, {"model": "products.productvendormapping", "pk": 264, "fields": {"vendor": 19, "product": 3, "product_price": 100.0, "created_at": "2019-02-06T12:13:18.394", "modified_at": "2019-02-06T12:13:18.394"}}, {"model": "products.productvendormapping", "pk": 265, "fields": {"vendor": 19, "product": 12, "product_price": 100.0, "created_at": "2019-02-06T12:13:30.756", "modified_at": "2019-02-06T12:13:30.756"}}, {"model": "products.productvendormapping", "pk": 266, "fields": {"vendor": 19, "product": 11, "product_price": 100.0, "created_at": "2019-02-06T12:13:30.756", "modified_at": "2019-02-06T12:13:30.756"}}, {"model": "products.productvendormapping", "pk": 267, "fields": {"vendor": 19, "product": 4, "product_price": 100.0, "created_at": "2019-02-06T12:13:30.756", "modified_at": "2019-02-06T12:13:30.756"}}, {"model": "products.productvendormapping", "pk": 268, "fields": {"vendor": 19, "product": 3, "product_price": 100.0, "created_at": "2019-02-06T12:13:30.756", "modified_at": "2019-02-06T12:13:30.756"}}, {"model": "products.productvendormapping", "pk": 269, "fields": {"vendor": 19, "product": 33, "product_price": 500.0, "created_at": "2019-02-06T12:13:30.758", "modified_at": "2019-02-06T12:18:35.571"}}, {"model": "products.productvendormapping", "pk": 270, "fields": {"vendor": 19, "product": 12, "product_price": 100.0, "created_at": "2019-02-06T12:18:35.570", "modified_at": "2019-02-06T12:18:35.570"}}, {"model": "products.productvendormapping", "pk": 271, "fields": {"vendor": 19, "product": 11, "product_price": 100.0, "created_at": "2019-02-06T12:18:35.570", "modified_at": "2019-02-06T12:18:35.570"}}, {"model": "products.productvendormapping", "pk": 272, "fields": {"vendor": 19, "product": 4, "product_price": 100.0, "created_at": "2019-02-06T12:18:35.570", "modified_at": "2019-02-06T12:18:35.570"}}, {"model": "products.productvendormapping", "pk": 273, "fields": {"vendor": 19, "product": 3, "product_price": 123.0, "created_at": "2019-02-06T12:18:35.570", "modified_at": "2019-02-06T12:18:54.306"}}, {"model": "products.productvendormapping", "pk": 274, "fields": {"vendor": 19, "product": 12, "product_price": 100.0, "created_at": "2019-02-06T12:18:54.305", "modified_at": "2019-02-06T12:18:54.305"}}, {"model": "products.productvendormapping", "pk": 275, "fields": {"vendor": 19, "product": 11, "product_price": 100.0, "created_at": "2019-02-06T12:18:54.305", "modified_at": "2019-02-06T12:18:54.305"}}, {"model": "products.productvendormapping", "pk": 276, "fields": {"vendor": 19, "product": 4, "product_price": 100.0, "created_at": "2019-02-06T12:18:54.305", "modified_at": "2019-02-06T12:18:54.305"}}, {"model": "products.productvendormapping", "pk": 277, "fields": {"vendor": 19, "product": 3, "product_price": 100.0, "created_at": "2019-02-06T12:18:54.305", "modified_at": "2019-02-06T12:18:54.305"}}, {"model": "products.productvendormapping", "pk": 278, "fields": {"vendor": 22, "product": 34, "product_price": 250.0, "created_at": "2019-02-06T12:57:42.650", "modified_at": "2019-02-06T12:57:42.650"}}, {"model": "products.productvendormapping", "pk": 279, "fields": {"vendor": 22, "product": 35, "product_price": 60.0, "created_at": "2019-02-06T12:57:42.653", "modified_at": "2019-02-06T12:57:42.653"}}, {"model": "products.productvendormapping", "pk": 280, "fields": {"vendor": 22, "product": 36, "product_price": 450.0, "created_at": "2019-02-06T12:57:42.654", "modified_at": "2019-02-06T12:57:42.654"}}, {"model": "products.productvendormapping", "pk": 281, "fields": {"vendor": 22, "product": 37, "product_price": 450.0, "created_at": "2019-02-06T12:57:42.655", "modified_at": "2019-02-06T12:57:42.655"}}, {"model": "products.productvendormapping", "pk": 282, "fields": {"vendor": 22, "product": 38, "product_price": 190.0, "created_at": "2019-02-06T12:57:42.657", "modified_at": "2019-02-06T12:57:42.657"}}, {"model": "products.productvendormapping", "pk": 283, "fields": {"vendor": 23, "product": 39, "product_price": 150.0, "created_at": "2019-02-06T17:46:50.808", "modified_at": "2019-02-06T17:46:50.808"}}, {"model": "products.productvendormapping", "pk": 284, "fields": {"vendor": 23, "product": 41, "product_price": 30.0, "created_at": "2019-02-06T17:46:50.809", "modified_at": "2019-02-06T17:46:50.809"}}, {"model": "products.productvendormapping", "pk": 285, "fields": {"vendor": 23, "product": 43, "product_price": 50.0, "created_at": "2019-02-06T17:46:50.810", "modified_at": "2019-02-06T17:46:50.810"}}, {"model": "products.productvendormapping", "pk": 286, "fields": {"vendor": 23, "product": 42, "product_price": 190.0, "created_at": "2019-02-06T17:46:50.812", "modified_at": "2019-02-06T17:46:50.812"}}, {"model": "products.productvendormapping", "pk": 287, "fields": {"vendor": 23, "product": 40, "product_price": 50.0, "created_at": "2019-02-06T17:46:50.813", "modified_at": "2019-02-06T17:46:50.813"}}, {"model": "products.productvendormapping", "pk": 288, "fields": {"vendor": 24, "product": 1, "product_price": 56.0, "created_at": "2019-02-07T13:11:30.456", "modified_at": "2019-02-07T13:11:30.456"}}, {"model": "products.productvendormapping", "pk": 289, "fields": {"vendor": 25, "product": 45, "product_price": 250.0, "created_at": "2019-02-12T12:27:41.503", "modified_at": "2019-02-12T12:27:41.503"}}, {"model": "products.productvendormapping", "pk": 290, "fields": {"vendor": 25, "product": 46, "product_price": 190.0, "created_at": "2019-02-12T12:27:41.504", "modified_at": "2019-02-12T12:27:41.504"}}, {"model": "products.productvendormapping", "pk": 291, "fields": {"vendor": 25, "product": 44, "product_price": 50.0, "created_at": "2019-02-12T12:27:41.506", "modified_at": "2019-02-12T12:27:41.506"}}, {"model": "products.productvendormapping", "pk": 292, "fields": {"vendor": 26, "product": 47, "product_price": 100.0, "created_at": "2019-02-12T12:39:00.780", "modified_at": "2019-02-12T12:39:00.780"}}, {"model": "products.productvendormapping", "pk": 293, "fields": {"vendor": 26, "product": 48, "product_price": 100.0, "created_at": "2019-02-12T12:39:00.782", "modified_at": "2019-02-12T12:39:00.782"}}, {"model": "products.productvendormapping", "pk": 294, "fields": {"vendor": 26, "product": 49, "product_price": 100.0, "created_at": "2019-02-12T12:39:00.783", "modified_at": "2019-02-12T12:39:00.783"}}, {"model": "products.productvendormapping", "pk": 295, "fields": {"vendor": 26, "product": 50, "product_price": 100.0, "created_at": "2019-02-12T12:39:00.784", "modified_at": "2019-02-12T12:39:00.784"}}]