[{"model": "shops.shoptype", "pk": 1, "fields": {"shop_type": "r", "shop_sub_type": null, "created_at": "2019-01-04T13:09:12.806", "modified_at": "2019-01-04T13:09:12.806", "status": true}}, {"model": "shops.shoptype", "pk": 2, "fields": {"shop_type": "sr", "shop_sub_type": null, "created_at": "2019-01-04T13:17:55.472", "modified_at": "2019-01-04T13:17:55.472", "status": true}}, {"model": "shops.shoptype", "pk": 3, "fields": {"shop_type": "gf", "shop_sub_type": null, "created_at": "2019-01-04T13:18:04.288", "modified_at": "2019-01-04T13:18:04.288", "status": true}}, {"model": "shops.shoptype", "pk": 4, "fields": {"shop_type": "sp", "shop_sub_type": null, "created_at": "2019-01-04T13:18:13.110", "modified_at": "2019-01-04T13:18:13.110", "status": true}}, {"model": "shops.shop", "pk": 4, "fields": {"shop_name": "raj ki dukan", "shop_owner": 3, "shop_type": 3, "created_at": "2019-01-04T17:35:39.445", "modified_at": "2019-01-25T20:03:54.955", "status": true, "related_users": [17]}}, {"model": "shops.shop", "pk": 5, "fields": {"shop_name": "Dgghh", "shop_owner": 9, "shop_type": 1, "created_at": "2019-01-04T17:41:59.898", "modified_at": "2019-01-04T17:59:58.058", "status": true, "related_users": []}}, {"model": "shops.shop", "pk": 11, "fields": {"shop_name": "My store", "shop_owner": 12, "shop_type": 1, "created_at": "2019-01-06T23:35:20.389", "modified_at": "2019-01-09T16:42:59.966", "status": true, "related_users": []}}, {"model": "shops.shop", "pk": 19, "fields": {"shop_name": "s\nShashwat's General Store", "shop_owner": 13, "shop_type": 1, "created_at": "2019-01-07T14:41:34.792", "modified_at": "2019-01-07T14:41:34.792", "status": false, "related_users": []}}, {"model": "shops.shop", "pk": 20, "fields": {"shop_name": "stor3", "shop_owner": 13, "shop_type": 1, "created_at": "2019-01-07T15:53:28.695", "modified_at": "2019-01-07T15:53:28.695", "status": false, "related_users": []}}, {"model": "shops.shop", "pk": 21, "fields": {"shop_name": "store 4", "shop_owner": 13, "shop_type": 1, "created_at": "2019-01-07T16:08:04.952", "modified_at": "2019-01-07T16:08:04.952", "status": false, "related_users": []}}, {"model": "shops.shop", "pk": 25, "fields": {"shop_name": "shaah shop", "shop_owner": 15, "shop_type": 1, "created_at": "2019-01-08T00:35:58.692", "modified_at": "2019-01-08T00:35:58.692", "status": false, "related_users": []}}, {"model": "shops.shop", "pk": 26, "fields": {"shop_name": "ss2", "shop_owner": 15, "shop_type": 1, "created_at": "2019-01-08T00:44:33.723", "modified_at": "2019-01-08T00:44:33.723", "status": false, "related_users": []}}, {"model": "shops.shop", "pk": 27, "fields": {"shop_name": "harmeek4", "shop_owner": 13, "shop_type": 2, "created_at": "2019-01-08T13:12:15.765", "modified_at": "2019-01-11T19:56:18.453", "status": false, "related_users": []}}, {"model": "shops.shop", "pk": 28, "fields": {"shop_name": "store 60", "shop_owner": 13, "shop_type": 1, "created_at": "2019-01-08T13:16:44.927", "modified_at": "2019-01-14T15:27:44.676", "status": true, "related_users": []}}, {"model": "shops.shop", "pk": 29, "fields": {"shop_name": "store 65\nstore67", "shop_owner": 13, "shop_type": 1, "created_at": "2019-01-08T13:19:23.323", "modified_at": "2019-01-08T13:19:23.323", "status": false, "related_users": []}}, {"model": "shops.shop", "pk": 30, "fields": {"shop_name": "store 99", "shop_owner": 13, "shop_type": 1, "created_at": "2019-01-08T13:26:13.736", "modified_at": "2019-01-08T13:26:13.736", "status": false, "related_users": []}}, {"model": "shops.shop", "pk": 31, "fields": {"shop_name": "Arzoo Apartment Shop", "shop_owner": 16, "shop_type": 1, "created_at": "2019-01-08T14:15:51.917", "modified_at": "2019-02-07T14:54:37.036", "status": true, "related_users": []}}, {"model": "shops.shop", "pk": 32, "fields": {"shop_name": "Raj kirana", "shop_owner": 17, "shop_type": 1, "created_at": "2019-01-09T11:40:32.882", "modified_at": "2019-01-09T11:42:29.805", "status": true, "related_users": []}}, {"model": "shops.shop", "pk": 39, "fields": {"shop_name": "Villa Shop", "shop_owner": 16, "shop_type": 1, "created_at": "2019-01-09T16:33:54.747", "modified_at": "2019-01-09T16:33:54.747", "status": false, "related_users": []}}, {"model": "shops.shop", "pk": 42, "fields": {"shop_name": "Aiwain Shop", "shop_owner": 16, "shop_type": 1, "created_at": "2019-01-11T17:26:01.852", "modified_at": "2019-01-11T17:26:01.852", "status": false, "related_users": []}}, {"model": "shops.shop", "pk": 43, "fields": {"shop_name": "Aiwain", "shop_owner": 16, "shop_type": 1, "created_at": "2019-01-11T17:33:05.350", "modified_at": "2019-01-11T17:33:05.350", "status": false, "related_users": []}}, {"model": "shops.shop", "pk": 44, "fields": {"shop_name": "Old Delhi Shop", "shop_owner": 16, "shop_type": 1, "created_at": "2019-01-11T17:34:43.284", "modified_at": "2019-01-11T17:34:43.284", "status": false, "related_users": []}}, {"model": "shops.shop", "pk": 45, "fields": {"shop_name": "Mukesh Shop", "shop_owner": 3, "shop_type": 1, "created_at": "2019-01-14T12:41:11.705", "modified_at": "2019-01-15T18:15:45.727", "status": true, "related_users": []}}, {"model": "shops.shop", "pk": 47, "fields": {"shop_name": "My Shop", "shop_owner": 1, "shop_type": 1, "created_at": "2019-01-15T12:16:39.276", "modified_at": "2019-01-15T13:35:27.401", "status": true, "related_users": []}}, {"model": "shops.shop", "pk": 48, "fields": {"shop_name": "Burg Shop", "shop_owner": 8, "shop_type": 4, "created_at": "2019-01-15T12:31:21.527", "modified_at": "2019-02-09T19:02:17.281", "status": true, "related_users": [34]}}, {"model": "shops.shop", "pk": 53, "fields": {"shop_name": "Pallavi diksha shop", "shop_owner": 1, "shop_type": 1, "created_at": "2019-01-15T16:53:35.640", "modified_at": "2019-01-15T16:55:10.827", "status": true, "related_users": []}}, {"model": "shops.shop", "pk": 54, "fields": {"shop_name": "Gramfactory Noida", "shop_owner": 3, "shop_type": 3, "created_at": "2019-01-15T18:19:13.052", "modified_at": "2019-01-26T14:48:19.192", "status": true, "related_users": [26, 28]}}, {"model": "shops.shop", "pk": 55, "fields": {"shop_name": "Temp shop", "shop_owner": 20, "shop_type": 1, "created_at": "2019-01-17T15:42:32.760", "modified_at": "2019-01-17T15:42:32.760", "status": false, "related_users": []}}, {"model": "shops.shop", "pk": 56, "fields": {"shop_name": "Nandan pal shop", "shop_owner": 1, "shop_type": 1, "created_at": "2019-01-21T12:02:13.180", "modified_at": "2019-01-21T12:03:41.528", "status": true, "related_users": []}}, {"model": "shops.shop", "pk": 57, "fields": {"shop_name": "kk shop", "shop_owner": 19, "shop_type": 1, "created_at": "2019-01-23T12:55:19.801", "modified_at": "2019-01-23T12:56:59.878", "status": true, "related_users": []}}, {"model": "shops.shop", "pk": 58, "fields": {"shop_name": "dev testing", "shop_owner": 1, "shop_type": 1, "created_at": "2019-01-24T10:52:19.481", "modified_at": "2019-02-05T16:16:08.286", "status": true, "related_users": []}}, {"model": "shops.shop", "pk": 60, "fields": {"shop_name": "pallavi testing", "shop_owner": 1, "shop_type": 1, "created_at": "2019-01-26T11:00:16.723", "modified_at": "2019-01-26T13:30:48.195", "status": true, "related_users": [32]}}, {"model": "shops.shop", "pk": 61, "fields": {"shop_name": "demp shop", "shop_owner": 19, "shop_type": 3, "created_at": "2019-01-26T11:23:47.494", "modified_at": "2019-02-05T13:29:24.915", "status": true, "related_users": [19, 25, 30, 34, 37]}}, {"model": "shops.shop", "pk": 62, "fields": {"shop_name": "SAW shop", "shop_owner": 19, "shop_type": 3, "created_at": "2019-01-28T12:24:39.413", "modified_at": "2019-02-04T12:11:22.328", "status": true, "related_users": [1]}}, {"model": "shops.shop", "pk": 63, "fields": {"shop_name": "SP1", "shop_owner": 19, "shop_type": 4, "created_at": "2019-01-28T18:09:36.718", "modified_at": "2019-02-05T14:58:56.515", "status": true, "related_users": [1, 37]}}, {"model": "shops.shop", "pk": 64, "fields": {"shop_name": "SP2", "shop_owner": 19, "shop_type": 4, "created_at": "2019-01-29T12:41:58.872", "modified_at": "2019-02-09T01:16:33.543", "status": true, "related_users": []}}, {"model": "shops.shop", "pk": 65, "fields": {"shop_name": "punisher shop", "shop_owner": 19, "shop_type": 1, "created_at": "2019-01-31T12:42:36.729", "modified_at": "2019-01-31T12:54:08.635", "status": true, "related_users": []}}, {"model": "shops.shop", "pk": 70, "fields": {"shop_name": "ghg", "shop_owner": 19, "shop_type": 1, "created_at": "2019-02-01T13:31:53.755", "modified_at": "2019-02-01T13:31:53.755", "status": false, "related_users": []}}, {"model": "shops.shop", "pk": 71, "fields": {"shop_name": "AF", "shop_owner": 19, "shop_type": 3, "created_at": "2019-02-01T13:34:58.895", "modified_at": "2019-02-05T13:14:34.778", "status": true, "related_users": []}}, {"model": "shops.shop", "pk": 72, "fields": {"shop_name": "stori55", "shop_owner": 19, "shop_type": 1, "created_at": "2019-02-01T13:37:39.655", "modified_at": "2019-02-01T13:37:39.655", "status": false, "related_users": []}}, {"model": "shops.shop", "pk": 73, "fields": {"shop_name": "stori55", "shop_owner": 19, "shop_type": 1, "created_at": "2019-02-01T13:38:55.530", "modified_at": "2019-02-01T13:38:55.530", "status": false, "related_users": []}}, {"model": "shops.shop", "pk": 77, "fields": {"shop_name": "SP3", "shop_owner": 19, "shop_type": 4, "created_at": "2019-02-01T15:27:43.592", "modified_at": "2019-02-04T18:21:30.548", "status": true, "related_users": []}}, {"model": "shops.shop", "pk": 78, "fields": {"shop_name": "GS SHOP", "shop_owner": 19, "shop_type": 1, "created_at": "2019-02-01T17:13:09.858", "modified_at": "2019-02-01T17:13:59.942", "status": true, "related_users": []}}, {"model": "shops.shop", "pk": 79, "fields": {"shop_name": "GF Noida", "shop_owner": 19, "shop_type": 3, "created_at": "2019-02-01T17:24:13.058", "modified_at": "2019-02-05T13:28:53.226", "status": true, "related_users": [1, 37]}}, {"model": "shops.shop", "pk": 81, "fields": {"shop_name": "Om Chand Sri chand dev chand #@ pvt ltd", "shop_owner": 1, "shop_type": 1, "created_at": "2019-02-04T12:21:15.187", "modified_at": "2019-02-04T12:21:15.187", "status": false, "related_users": []}}, {"model": "shops.shop", "pk": 82, "fields": {"shop_name": "GF_4/2/19", "shop_owner": 1, "shop_type": 3, "created_at": "2019-02-04T13:45:45.410", "modified_at": "2019-02-04T14:20:10.056", "status": true, "related_users": [19]}}, {"model": "shops.shop", "pk": 83, "fields": {"shop_name": "SP_4/2/19", "shop_owner": 1, "shop_type": 4, "created_at": "2019-02-04T13:49:27.668", "modified_at": "2019-02-09T19:01:09.118", "status": true, "related_users": [1, 19, 37]}}, {"model": "shops.shop", "pk": 84, "fields": {"shop_name": "LOGISTIC SHOP", "shop_owner": 1, "shop_type": 1, "created_at": "2019-02-06T12:47:18.441", "modified_at": "2019-02-06T13:07:44.411", "status": true, "related_users": []}}, {"model": "shops.shop", "pk": 85, "fields": {"shop_name": "MC", "shop_owner": 19, "shop_type": 3, "created_at": "2019-02-06T13:01:41.944", "modified_at": "2019-02-06T16:47:29.807", "status": true, "related_users": [1]}}, {"model": "shops.shop", "pk": 86, "fields": {"shop_name": "SP4", "shop_owner": 19, "shop_type": 4, "created_at": "2019-02-06T16:40:32.405", "modified_at": "2019-02-09T01:16:15.267", "status": true, "related_users": [1]}}, {"model": "shops.shop", "pk": 87, "fields": {"shop_name": "AUTO-SHOP", "shop_owner": 1, "shop_type": 3, "created_at": "2019-02-06T17:54:09.031", "modified_at": "2019-02-08T19:21:55.760", "status": true, "related_users": [19]}}, {"model": "shops.shop", "pk": 88, "fields": {"shop_name": "AUTO-SP", "shop_owner": 1, "shop_type": 4, "created_at": "2019-02-06T17:56:56.732", "modified_at": "2019-02-11T11:52:40.639", "status": true, "related_users": []}}, {"model": "shops.shop", "pk": 89, "fields": {"shop_name": "Chouhan shop", "shop_owner": 1, "shop_type": 1, "created_at": "2019-02-07T13:50:03.652", "modified_at": "2019-02-07T13:52:16.166", "status": true, "related_users": []}}, {"model": "shops.shop", "pk": 90, "fields": {"shop_name": "kk shop", "shop_owner": 1, "shop_type": 1, "created_at": "2019-02-11T11:24:27.877", "modified_at": "2019-02-11T11:24:27.877", "status": true, "related_users": []}}, {"model": "shops.shop", "pk": 91, "fields": {"shop_name": "Sector 46 market Store", "shop_owner": 16, "shop_type": 1, "created_at": "2019-02-11T13:57:36.045", "modified_at": "2019-02-11T13:57:36.045", "status": false, "related_users": []}}, {"model": "shops.shop", "pk": 92, "fields": {"shop_name": "Gold Souk Mall Store", "shop_owner": 16, "shop_type": 1, "created_at": "2019-02-11T14:00:17.515", "modified_at": "2019-02-11T14:00:17.515", "status": false, "related_users": []}}, {"model": "shops.shop", "pk": 93, "fields": {"shop_name": "Purani Delhi Store", "shop_owner": 16, "shop_type": 1, "created_at": "2019-02-11T14:13:14.629", "modified_at": "2019-02-11T14:13:14.629", "status": false, "related_users": []}}, {"model": "shops.shop", "pk": 94, "fields": {"shop_name": "Test shop", "shop_owner": 16, "shop_type": 1, "created_at": "2019-02-11T15:13:21.708", "modified_at": "2019-02-11T15:13:21.708", "status": false, "related_users": []}}, {"model": "shops.shop", "pk": 95, "fields": {"shop_name": "Chandni chauk store", "shop_owner": 16, "shop_type": 1, "created_at": "2019-02-11T15:20:11.077", "modified_at": "2019-02-11T15:20:11.077", "status": false, "related_users": []}}, {"model": "shops.shop", "pk": 96, "fields": {"shop_name": "New Delhi store", "shop_owner": 16, "shop_type": 1, "created_at": "2019-02-11T15:46:51.629", "modified_at": "2019-02-11T15:46:51.629", "status": false, "related_users": []}}, {"model": "shops.shop", "pk": 97, "fields": {"shop_name": "Chandni chauk store", "shop_owner": 16, "shop_type": 1, "created_at": "2019-02-11T16:05:22.148", "modified_at": "2019-02-11T16:05:22.148", "status": false, "related_users": []}}, {"model": "shops.shop", "pk": 98, "fields": {"shop_name": "temp shop", "shop_owner": 19, "shop_type": 1, "created_at": "2019-02-11T16:09:29.734", "modified_at": "2019-02-11T16:09:29.734", "status": false, "related_users": []}}, {"model": "shops.shop", "pk": 99, "fields": {"shop_name": "Temporary Shop", "shop_owner": 16, "shop_type": 1, "created_at": "2019-02-11T16:16:33.628", "modified_at": "2019-02-11T16:16:33.628", "status": false, "related_users": []}}, {"model": "shops.shop", "pk": 100, "fields": {"shop_name": "Purani Delhi shop", "shop_owner": 16, "shop_type": 1, "created_at": "2019-02-11T16:18:06.122", "modified_at": "2019-02-11T16:18:06.122", "status": false, "related_users": []}}, {"model": "shops.shop", "pk": 101, "fields": {"shop_name": "Gurgaon Store", "shop_owner": 16, "shop_type": 1, "created_at": "2019-02-11T16:39:45.429", "modified_at": "2019-02-11T16:39:45.429", "status": false, "related_users": []}}, {"model": "shops.shop", "pk": 102, "fields": {"shop_name": "Sadar Bazar Store", "shop_owner": 16, "shop_type": 1, "created_at": "2019-02-11T17:30:40.884", "modified_at": "2019-02-11T17:30:40.884", "status": false, "related_users": []}}, {"model": "shops.shop", "pk": 103, "fields": {"shop_name": "Temporary Shop", "shop_owner": 16, "shop_type": 1, "created_at": "2019-02-11T17:32:06.428", "modified_at": "2019-02-11T17:32:06.428", "status": false, "related_users": []}}, {"model": "shops.shop", "pk": 104, "fields": {"shop_name": "Sadar Bazar Store", "shop_owner": 16, "shop_type": 1, "created_at": "2019-02-11T17:33:33.735", "modified_at": "2019-02-11T17:33:33.735", "status": false, "related_users": []}}, {"model": "shops.shop", "pk": 105, "fields": {"shop_name": "Sadar Bazar Store", "shop_owner": 16, "shop_type": 1, "created_at": "2019-02-11T17:36:17.061", "modified_at": "2019-02-11T17:36:17.061", "status": false, "related_users": []}}, {"model": "shops.shop", "pk": 106, "fields": {"shop_name": "Sadar Bazar Store", "shop_owner": 16, "shop_type": 1, "created_at": "2019-02-11T17:39:30.404", "modified_at": "2019-02-11T17:39:30.405", "status": false, "related_users": []}}, {"model": "shops.shop", "pk": 107, "fields": {"shop_name": "Sadar Bazar Store", "shop_owner": 16, "shop_type": 1, "created_at": "2019-02-11T17:47:00.933", "modified_at": "2019-02-11T17:47:00.933", "status": false, "related_users": []}}, {"model": "shops.shop", "pk": 108, "fields": {"shop_name": "Sadar Bazar Store", "shop_owner": 16, "shop_type": 1, "created_at": "2019-02-11T17:54:04.544", "modified_at": "2019-02-11T17:54:04.544", "status": false, "related_users": []}}, {"model": "shops.shop", "pk": 109, "fields": {"shop_name": "Sadar Bazar Store", "shop_owner": 16, "shop_type": 1, "created_at": "2019-02-11T18:08:27.661", "modified_at": "2019-02-11T18:08:27.661", "status": false, "related_users": []}}, {"model": "shops.shop", "pk": 110, "fields": {"shop_name": "Sadar Bazar Store", "shop_owner": 16, "shop_type": 1, "created_at": "2019-02-11T18:09:37.259", "modified_at": "2019-02-11T18:09:37.259", "status": false, "related_users": []}}, {"model": "shops.shop", "pk": 111, "fields": {"shop_name": "Sadar Bazar Store", "shop_owner": 16, "shop_type": 1, "created_at": "2019-02-11T18:10:54.228", "modified_at": "2019-02-11T18:10:54.228", "status": false, "related_users": []}}, {"model": "shops.shop", "pk": 112, "fields": {"shop_name": "sadar bazar store", "shop_owner": 19, "shop_type": 1, "created_at": "2019-02-11T18:13:04.682", "modified_at": "2019-02-11T18:13:04.682", "status": false, "related_users": []}}, {"model": "shops.shop", "pk": 113, "fields": {"shop_name": "Sadar Bazar Store", "shop_owner": 16, "shop_type": 1, "created_at": "2019-02-11T18:20:05.532", "modified_at": "2019-02-11T18:20:05.532", "status": false, "related_users": []}}, {"model": "shops.shop", "pk": 114, "fields": {"shop_name": "Sadar Bazar Store", "shop_owner": 16, "shop_type": 1, "created_at": "2019-02-11T18:23:00.910", "modified_at": "2019-02-11T18:23:00.910", "status": false, "related_users": []}}, {"model": "shops.shop", "pk": 115, "fields": {"shop_name": "sfxggh", "shop_owner": 19, "shop_type": 1, "created_at": "2019-02-11T18:39:46.541", "modified_at": "2019-02-11T18:39:46.541", "status": false, "related_users": []}}, {"model": "shops.shop", "pk": 116, "fields": {"shop_name": "Sadar Bazar Store", "shop_owner": 16, "shop_type": 1, "created_at": "2019-02-11T19:16:12.372", "modified_at": "2019-02-11T19:16:12.372", "status": false, "related_users": []}}, {"model": "shops.shop", "pk": 117, "fields": {"shop_name": "Sadar Bazar Store", "shop_owner": 16, "shop_type": 1, "created_at": "2019-02-11T19:24:17.603", "modified_at": "2019-02-11T19:24:17.603", "status": false, "related_users": []}}, {"model": "shops.shop", "pk": 118, "fields": {"shop_name": "Chandani Chauk Store", "shop_owner": 16, "shop_type": 1, "created_at": "2019-02-11T19:31:06.119", "modified_at": "2019-02-11T19:31:06.119", "status": false, "related_users": []}}, {"model": "shops.shop", "pk": 119, "fields": {"shop_name": "Chandani Chauk Store", "shop_owner": 16, "shop_type": 1, "created_at": "2019-02-11T19:34:41.539", "modified_at": "2019-02-11T19:34:41.539", "status": false, "related_users": []}}, {"model": "shops.shop", "pk": 120, "fields": {"shop_name": "Dlf mall store", "shop_owner": 16, "shop_type": 1, "created_at": "2019-02-12T11:45:08.230", "modified_at": "2019-02-12T11:45:08.230", "status": false, "related_users": []}}, {"model": "shops.shop", "pk": 121, "fields": {"shop_name": "Gip mall shop", "shop_owner": 16, "shop_type": 1, "created_at": "2019-02-12T11:53:55.752", "modified_at": "2019-02-12T11:53:55.752", "status": false, "related_users": []}}, {"model": "shops.shop", "pk": 122, "fields": {"shop_name": "sljsndl", "shop_owner": 19, "shop_type": 1, "created_at": "2019-02-12T12:19:32.991", "modified_at": "2019-02-12T12:19:32.991", "status": false, "related_users": []}}, {"model": "shops.shop", "pk": 123, "fields": {"shop_name": "sbd", "shop_owner": 19, "shop_type": 1, "created_at": "2019-02-12T12:21:22.739", "modified_at": "2019-02-12T12:21:22.739", "status": false, "related_users": []}}, {"model": "shops.shop", "pk": 124, "fields": {"shop_name": "New Shop", "shop_owner": 1, "shop_type": 3, "created_at": "2019-02-12T12:33:03.271", "modified_at": "2019-02-12T12:33:38.201", "status": true, "related_users": [1]}}, {"model": "shops.shop", "pk": 125, "fields": {"shop_name": "New SP", "shop_owner": 1, "shop_type": 4, "created_at": "2019-02-12T12:35:43.508", "modified_at": "2019-02-12T12:35:43.508", "status": true, "related_users": [1]}}, {"model": "shops.shop", "pk": 127, "fields": {"shop_name": "Test 1", "shop_owner": 19, "shop_type": 4, "created_at": "2019-02-12T12:42:54.605", "modified_at": "2019-02-12T12:57:00.104", "status": true, "related_users": []}}, {"model": "shops.shop", "pk": 128, "fields": {"shop_name": "Gip mall shop", "shop_owner": 16, "shop_type": 1, "created_at": "2019-02-12T12:42:56.683", "modified_at": "2019-02-12T12:42:56.683", "status": false, "related_users": []}}, {"model": "shops.shop", "pk": 129, "fields": {"shop_name": "Temp shop", "shop_owner": 16, "shop_type": 1, "created_at": "2019-02-12T13:47:14.180", "modified_at": "2019-02-12T13:47:14.180", "status": false, "related_users": []}}, {"model": "shops.shop", "pk": 130, "fields": {"shop_name": "Temp", "shop_owner": 16, "shop_type": 1, "created_at": "2019-02-12T13:53:07.429", "modified_at": "2019-02-12T13:53:07.429", "status": false, "related_users": []}}, {"model": "shops.shop", "pk": 131, "fields": {"shop_name": "Gip mall shop", "shop_owner": 16, "shop_type": 1, "created_at": "2019-02-12T14:13:14.815", "modified_at": "2019-02-12T14:13:14.815", "status": false, "related_users": []}}, {"model": "shops.shop", "pk": 132, "fields": {"shop_name": "Temp", "shop_owner": 16, "shop_type": 1, "created_at": "2019-02-12T14:14:20.545", "modified_at": "2019-02-12T14:14:20.545", "status": false, "related_users": []}}, {"model": "shops.shop", "pk": 133, "fields": {"shop_name": "Temp shop", "shop_owner": 16, "shop_type": 1, "created_at": "2019-02-12T14:16:54.673", "modified_at": "2019-02-12T14:16:54.673", "status": false, "related_users": []}}, {"model": "shops.shop", "pk": 134, "fields": {"shop_name": "Temp", "shop_owner": 16, "shop_type": 1, "created_at": "2019-02-12T14:43:23.059", "modified_at": "2019-02-12T14:43:23.059", "status": false, "related_users": []}}, {"model": "shops.shop", "pk": 135, "fields": {"shop_name": "Temp shop", "shop_owner": 16, "shop_type": 1, "created_at": "2019-02-12T15:03:05.863", "modified_at": "2019-02-12T15:03:05.863", "status": false, "related_users": []}}, {"model": "shops.shop", "pk": 136, "fields": {"shop_name": "Gip mall store", "shop_owner": 16, "shop_type": 1, "created_at": "2019-02-12T15:08:19.924", "modified_at": "2019-02-12T15:08:19.924", "status": false, "related_users": []}}, {"model": "shops.shop", "pk": 137, "fields": {"shop_name": "LL shop", "shop_owner": 19, "shop_type": 3, "created_at": "2019-02-13T17:03:28.000", "modified_at": "2019-02-13T17:03:28.000", "status": true, "related_users": []}}, {"model": "shops.shop", "pk": 138, "fields": {"shop_name": "abc shop", "shop_owner": 24, "shop_type": 1, "created_at": "2019-02-13T18:24:21.005", "modified_at": "2019-02-13T18:30:00.766", "status": true, "related_users": []}}, {"model": "shops.shop", "pk": 139, "fields": {"shop_name": "my shop", "shop_owner": 32, "shop_type": 1, "created_at": "2019-02-13T18:39:31.925", "modified_at": "2019-02-13T18:39:31.925", "status": false, "related_users": []}}, {"model": "shops.shop", "pk": 140, "fields": {"shop_name": "5trtretretet", "shop_owner": 1, "shop_type": 1, "created_at": "2019-02-14T11:58:02.926", "modified_at": "2019-02-14T11:58:44.789", "status": true, "related_users": []}}, {"model": "shops.shopphoto", "pk": 5, "fields": {"shop_name": 11, "shop_photo": "shop_photos/shop_name/IMG_20190106_233709.jpg"}}, {"model": "shops.shopphoto", "pk": 12, "fields": {"shop_name": 19, "shop_photo": "shop_photos/shop_name/IMG_20190107_151316.jpg"}}, {"model": "shops.shopphoto", "pk": 13, "fields": {"shop_name": 25, "shop_photo": "shop_photos/shop_name/IMG_20181130_143931.jpg"}}, {"model": "shops.shopphoto", "pk": 14, "fields": {"shop_name": 26, "shop_photo": "shop_photos/shop_name/IMG_20181130_143931.jpg"}}, {"model": "shops.shopphoto", "pk": 15, "fields": {"shop_name": 27, "shop_photo": "shop_photos/shop_name/IMG_20181129_190546.jpg"}}, {"model": "shops.shopphoto", "pk": 16, "fields": {"shop_name": 28, "shop_photo": "shop_photos/shop_name/IMG_20181129_190516.jpg"}}, {"model": "shops.shopphoto", "pk": 17, "fields": {"shop_name": 29, "shop_photo": "shop_photos/shop_name/IMG_20181129_190516.jpg"}}, {"model": "shops.shopphoto", "pk": 18, "fields": {"shop_name": 31, "shop_photo": "shop_photos/shop_name/IMG-20190107-WA0003.jpg"}}, {"model": "shops.shopphoto", "pk": 19, "fields": {"shop_name": 32, "shop_photo": "shop_photos/shop_name/IMG-20190109-WA0005.jpg"}}, {"model": "shops.shopphoto", "pk": 21, "fields": {"shop_name": 39, "shop_photo": "shop_photos/shop_name/IMG-20190107-WA0000.jpg"}}, {"model": "shops.shopphoto", "pk": 25, "fields": {"shop_name": 47, "shop_photo": "shop_photos/shop_name/IMG_20190115_121708.jpg"}}, {"model": "shops.shopphoto", "pk": 26, "fields": {"shop_name": 47, "shop_photo": "shop_photos/shop_name/IMG_20190109_183906.jpg"}}, {"model": "shops.shopphoto", "pk": 30, "fields": {"shop_name": 53, "shop_photo": "shop_photos/shop_name/IMG-20190107-WA0001.jpg"}}, {"model": "shops.shopphoto", "pk": 31, "fields": {"shop_name": 31, "shop_photo": "shop_photos/shop_name/IMG_20190116_140216.jpg"}}, {"model": "shops.shopphoto", "pk": 32, "fields": {"shop_name": 31, "shop_photo": "shop_photos/shop_name/IMG_20190116_140930.jpg"}}, {"model": "shops.shopphoto", "pk": 33, "fields": {"shop_name": 31, "shop_photo": "shop_photos/shop_name/Screenshot_20190115-0545352.png"}}, {"model": "shops.shopphoto", "pk": 34, "fields": {"shop_name": 31, "shop_photo": "shop_photos/shop_name/IMG_20190116_140638480_HDR.jpg"}}, {"model": "shops.shopphoto", "pk": 35, "fields": {"shop_name": 31, "shop_photo": "shop_photos/shop_name/IMG_20190116_143754122.jpg"}}, {"model": "shops.shopphoto", "pk": 36, "fields": {"shop_name": 31, "shop_photo": "shop_photos/shop_name/IMG_20190116_143754122.jpg"}}, {"model": "shops.shopphoto", "pk": 37, "fields": {"shop_name": 31, "shop_photo": "shop_photos/shop_name/IMG_20190116_140638480_HDR.jpg"}}, {"model": "shops.shopphoto", "pk": 38, "fields": {"shop_name": 31, "shop_photo": "shop_photos/shop_name/IMG_20190116_151017.jpg"}}, {"model": "shops.shopphoto", "pk": 39, "fields": {"shop_name": 56, "shop_photo": "shop_photos/shop_name/IMG_20190121_120242.jpg"}}, {"model": "shops.shopphoto", "pk": 40, "fields": {"shop_name": 57, "shop_photo": "shop_photos/shop_name/IMG-20190123-WA0000.jpg"}}, {"model": "shops.shopphoto", "pk": 41, "fields": {"shop_name": 58, "shop_photo": "shop_photos/shop_name/Screenshot_2019-01-22-13-04-28-714_com.gram.factory.retailerapplication.png"}}, {"model": "shops.shopphoto", "pk": 42, "fields": {"shop_name": 65, "shop_photo": "shop_photos/shop_name/IMG_20181213_155510.jpg"}}, {"model": "shops.shopphoto", "pk": 48, "fields": {"shop_name": 78, "shop_photo": "shop_photos/shop_name/IMG_20181020_175748.jpg"}}, {"model": "shops.shopphoto", "pk": 49, "fields": {"shop_name": 84, "shop_photo": "shop_photos/shop_name/IMG_20190206_124820.jpg"}}, {"model": "shops.shopphoto", "pk": 50, "fields": {"shop_name": 89, "shop_photo": "shop_photos/shop_name/IMG_20190207_135038.jpg"}}, {"model": "shops.shopphoto", "pk": 51, "fields": {"shop_name": 100, "shop_photo": "shop_photos/shop_name/IMG_20190211_161830.jpg"}}, {"model": "shops.shopphoto", "pk": 52, "fields": {"shop_name": 101, "shop_photo": "shop_photos/shop_name/IMG_20190211_164000.jpg"}}, {"model": "shops.shopphoto", "pk": 53, "fields": {"shop_name": 108, "shop_photo": "shop_photos/shop_name/IMG-20190210-WA0001.jpg"}}, {"model": "shops.shopphoto", "pk": 54, "fields": {"shop_name": 108, "shop_photo": "shop_photos/shop_name/IMG_20190211_175754.jpg"}}, {"model": "shops.shopphoto", "pk": 55, "fields": {"shop_name": 112, "shop_photo": "shop_photos/shop_name/IMG_20190211_181307.jpg"}}, {"model": "shops.shopphoto", "pk": 56, "fields": {"shop_name": 113, "shop_photo": "shop_photos/shop_name/IMG_20190211_182007.jpg"}}, {"model": "shops.shopphoto", "pk": 57, "fields": {"shop_name": 114, "shop_photo": "shop_photos/shop_name/IMG_20190211_182325.jpg"}}, {"model": "shops.shopphoto", "pk": 58, "fields": {"shop_name": 114, "shop_photo": "shop_photos/shop_name/IMG-20190210-WA0001.jpg"}}, {"model": "shops.shopphoto", "pk": 59, "fields": {"shop_name": 114, "shop_photo": "shop_photos/shop_name/IMG_20190211_182404.jpg"}}, {"model": "shops.shopphoto", "pk": 60, "fields": {"shop_name": 115, "shop_photo": "shop_photos/shop_name/IMG_20190211_184041.jpg"}}, {"model": "shops.shopphoto", "pk": 61, "fields": {"shop_name": 116, "shop_photo": "shop_photos/shop_name/IMG_20190211_191718.jpg"}}, {"model": "shops.shopphoto", "pk": 62, "fields": {"shop_name": 116, "shop_photo": "shop_photos/shop_name/IMG_20190211_142704650.jpg"}}, {"model": "shops.shopphoto", "pk": 63, "fields": {"shop_name": 117, "shop_photo": "shop_photos/shop_name/IMG_20190211_142704650.jpg"}}, {"model": "shops.shopphoto", "pk": 64, "fields": {"shop_name": 118, "shop_photo": "shop_photos/shop_name/IMG_20190211_193120.jpg"}}, {"model": "shops.shopphoto", "pk": 65, "fields": {"shop_name": 119, "shop_photo": "shop_photos/shop_name/IMG_20190211_193455.jpg"}}, {"model": "shops.shopphoto", "pk": 66, "fields": {"shop_name": 120, "shop_photo": "shop_photos/shop_name/IMG-20190211-WA0010.jpg"}}, {"model": "shops.shopphoto", "pk": 67, "fields": {"shop_name": 120, "shop_photo": "shop_photos/shop_name/IMG_20190212_114737.jpg"}}, {"model": "shops.shopphoto", "pk": 68, "fields": {"shop_name": 124, "shop_photo": "shop_photos/shop_name/Godrej.jpg"}}, {"model": "shops.shopphoto", "pk": 69, "fields": {"shop_name": 125, "shop_photo": "shop_photos/shop_name/invoice_11.pdf"}}, {"model": "shops.shopphoto", "pk": 71, "fields": {"shop_name": 128, "shop_photo": "shop_photos/shop_name/IMG_20190212_124258.jpg"}}, {"model": "shops.shopphoto", "pk": 72, "fields": {"shop_name": 133, "shop_photo": "shop_photos/shop_name/IMG-20190212-WA0006.jpg"}}, {"model": "shops.shopphoto", "pk": 73, "fields": {"shop_name": 133, "shop_photo": "shop_photos/shop_name/IMG_20190212_142041.jpg"}}, {"model": "shops.shopphoto", "pk": 74, "fields": {"shop_name": 135, "shop_photo": "shop_photos/shop_name/IMG_20190212_150309.jpg"}}, {"model": "shops.shopphoto", "pk": 75, "fields": {"shop_name": 135, "shop_photo": "shop_photos/shop_name/IMG_20190212_150644.jpg"}}, {"model": "shops.shopphoto", "pk": 76, "fields": {"shop_name": 136, "shop_photo": "shop_photos/shop_name/IMG-20190212-WA0006.jpg"}}, {"model": "shops.shopphoto", "pk": 77, "fields": {"shop_name": 138, "shop_photo": "shop_photos/shop_name/IMG-20190213-WA0006.jpg"}}, {"model": "shops.shopphoto", "pk": 78, "fields": {"shop_name": 139, "shop_photo": "shop_photos/shop_name/IMG-20190213-WA0006.jpg"}}, {"model": "shops.shopphoto", "pk": 79, "fields": {"shop_name": 140, "shop_photo": "shop_photos/shop_name/purchase_order_10.pdf"}}, {"model": "shops.shopdocument", "pk": 8, "fields": {"shop_name": 11, "shop_document_type": "gstin", "shop_document_number": "Jsjsksmsms", "shop_document_photo": "shop_photos/shop_name/documents/IMG_20190106_233744.jpg"}}, {"model": "shops.shopdocument", "pk": 15, "fields": {"shop_name": 19, "shop_document_type": "sln", "shop_document_number": "4567ffghjj-fghh/gghh", "shop_document_photo": "shop_photos/shop_name/documents/IMG_20190107_151532.jpg"}}, {"model": "shops.shopdocument", "pk": 16, "fields": {"shop_name": 25, "shop_document_type": "sln", "shop_document_number": "ttyyuu", "shop_document_photo": "shop_photos/shop_name/documents/IMG_20181130_143931.jpg"}}, {"model": "shops.shopdocument", "pk": 17, "fields": {"shop_name": 26, "shop_document_type": "sln", "shop_document_number": "fgyghjh", "shop_document_photo": "shop_photos/shop_name/documents/IMG_20181130_143931.jpg"}}, {"model": "shops.shopdocument", "pk": 18, "fields": {"shop_name": 31, "shop_document_type": "uidai", "shop_document_number": "5525 6325 8956", "shop_document_photo": "shop_photos/shop_name/documents/IMG-20190107-WA0003.jpg"}}, {"model": "shops.shopdocument", "pk": 19, "fields": {"shop_name": 32, "shop_document_type": "sln", "shop_document_number": "263738838", "shop_document_photo": "shop_photos/shop_name/documents/Screenshot_20190102-171920.png"}}, {"model": "shops.shopdocument", "pk": 26, "fields": {"shop_name": 47, "shop_document_type": "sln", "shop_document_number": "+\u20b9828\u20b97+282", "shop_document_photo": "shop_photos/shop_name/documents/IMG_20190115_121743.jpg"}}, {"model": "shops.shopdocument", "pk": 30, "fields": {"shop_name": 53, "shop_document_type": "sln", "shop_document_number": "ajjsjsjdjd", "shop_document_photo": "shop_photos/shop_name/documents/Screenshot_20190115-070035.jpg"}}, {"model": "shops.shopdocument", "pk": 31, "fields": {"shop_name": 31, "shop_document_type": "sln", "shop_document_number": "Ghhgg", "shop_document_photo": "shop_photos/shop_name/documents/Screenshot_20190115-0545352.png"}}, {"model": "shops.shopdocument", "pk": 32, "fields": {"shop_name": 31, "shop_document_type": "sln", "shop_document_number": "Ghhgfhjj", "shop_document_photo": "shop_photos/shop_name/documents/Screenshot_20190115-0545352.png"}}, {"model": "shops.shopdocument", "pk": 33, "fields": {"shop_name": 31, "shop_document_type": "sln", "shop_document_number": "Ggdfghh", "shop_document_photo": "shop_photos/shop_name/documents/Screenshot_20190115-0545352.png"}}, {"model": "shops.shopdocument", "pk": 34, "fields": {"shop_name": 31, "shop_document_type": "sln", "shop_document_number": "Hjhgfhhj", "shop_document_photo": "shop_photos/shop_name/documents/Screenshot_20190115-0545352.png"}}, {"model": "shops.shopdocument", "pk": 35, "fields": {"shop_name": 31, "shop_document_type": "sln", "shop_document_number": "Fhhfghh", "shop_document_photo": "shop_photos/shop_name/documents/Screenshot_20190115-0545352.png"}}, {"model": "shops.shopdocument", "pk": 36, "fields": {"shop_name": 56, "shop_document_type": "sln", "shop_document_number": "jsushwuuw", "shop_document_photo": "shop_photos/shop_name/documents/IMG_20190121_120258.jpg"}}, {"model": "shops.shopdocument", "pk": 37, "fields": {"shop_name": 57, "shop_document_type": "uidai", "shop_document_number": "567812347890", "shop_document_photo": "shop_photos/shop_name/documents/17225.jpg"}}, {"model": "shops.shopdocument", "pk": 38, "fields": {"shop_name": 58, "shop_document_type": "gstin", "shop_document_number": "erwewerwer", "shop_document_photo": "shop_photos/shop_name/documents/Screenshot_2019-01-22-13-04-28-714_com.gram.factory.retailerappl.png"}}, {"model": "shops.shopdocument", "pk": 39, "fields": {"shop_name": 61, "shop_document_type": "uidai", "shop_document_number": "859623651485", "shop_document_photo": "shop_photos/shop_name/documents/Retailer_Order_Flow_4.jpg"}}, {"model": "shops.shopdocument", "pk": 40, "fields": {"shop_name": 48, "shop_document_type": "gstin", "shop_document_number": "yutyyuyo", "shop_document_photo": "shop_photos/shop_name/documents/Already_GRNed_quantity.PNG"}}, {"model": "shops.shopdocument", "pk": 41, "fields": {"shop_name": 62, "shop_document_type": "sln", "shop_document_number": "859625631485", "shop_document_photo": "shop_photos/shop_name/documents/GRN_19-3.jpg"}}, {"model": "shops.shopdocument", "pk": 42, "fields": {"shop_name": 63, "shop_document_type": "sln", "shop_document_number": "875421659", "shop_document_photo": "shop_photos/shop_name/documents/GRN_19-3.jpg"}}, {"model": "shops.shopdocument", "pk": 43, "fields": {"shop_name": 64, "shop_document_type": "sln", "shop_document_number": "345678", "shop_document_photo": "shop_photos/shop_name/documents/GRN_19-3.jpg"}}, {"model": "shops.shopdocument", "pk": 44, "fields": {"shop_name": 65, "shop_document_type": "sln", "shop_document_number": "73648282", "shop_document_photo": "shop_photos/shop_name/documents/Aquaman8235_rectangle.jpg"}}, {"model": "shops.shopdocument", "pk": 48, "fields": {"shop_name": 71, "shop_document_type": "uidai", "shop_document_number": "745861332", "shop_document_photo": "shop_photos/shop_name/documents/Retailer_Order_Flow_4.jpg"}}, {"model": "shops.shopdocument", "pk": 49, "fields": {"shop_name": 72, "shop_document_type": "uidai", "shop_document_number": "56372862627", "shop_document_photo": "shop_photos/shop_name/documents/IMG_20190201_133833.jpg"}}, {"model": "shops.shopdocument", "pk": 50, "fields": {"shop_name": 73, "shop_document_type": "uidai", "shop_document_number": "254637265372", "shop_document_photo": "shop_photos/shop_name/documents/IMG_20190201_133920.jpg"}}, {"model": "shops.shopdocument", "pk": 54, "fields": {"shop_name": 77, "shop_document_type": "sln", "shop_document_number": "ERRFGUILK", "shop_document_photo": "shop_photos/shop_name/documents/Retailer_Order_Flow_4.jpg"}}, {"model": "shops.shopdocument", "pk": 55, "fields": {"shop_name": 78, "shop_document_type": "uidai", "shop_document_number": "dbjdjf", "shop_document_photo": "shop_photos/shop_name/documents/Space_surfer7904_rectangle.jpg"}}, {"model": "shops.shopdocument", "pk": 56, "fields": {"shop_name": 79, "shop_document_type": "sln", "shop_document_number": "123487", "shop_document_photo": "shop_photos/shop_name/documents/GRN_19-3.jpg"}}, {"model": "shops.shopdocument", "pk": 57, "fields": {"shop_name": 82, "shop_document_type": "gstin", "shop_document_number": "56463636", "shop_document_photo": "shop_photos/shop_name/documents/products.product.csv"}}, {"model": "shops.shopdocument", "pk": 58, "fields": {"shop_name": 83, "shop_document_type": "gstin", "shop_document_number": "6575757", "shop_document_photo": "shop_photos/shop_name/documents/products.product.csv"}}, {"model": "shops.shopdocument", "pk": 59, "fields": {"shop_name": 84, "shop_document_type": "sln", "shop_document_number": "gdjdjjdkd", "shop_document_photo": "shop_photos/shop_name/documents/IMG_20190206_124848.jpg"}}, {"model": "shops.shopdocument", "pk": 60, "fields": {"shop_name": 85, "shop_document_type": "gstin", "shop_document_number": "456215692", "shop_document_photo": "shop_photos/shop_name/documents/GF01200.jpg"}}, {"model": "shops.shopdocument", "pk": 61, "fields": {"shop_name": 86, "shop_document_type": "gstin", "shop_document_number": "23456IYUJHGDGFH", "shop_document_photo": "shop_photos/shop_name/documents/Retailer_Order_Flow_4.jpg"}}, {"model": "shops.shopdocument", "pk": 62, "fields": {"shop_name": 87, "shop_document_type": "gstin", "shop_document_number": "64364646", "shop_document_photo": "shop_photos/shop_name/documents/purchase_order_2.pdf"}}, {"model": "shops.shopdocument", "pk": 63, "fields": {"shop_name": 88, "shop_document_type": "gstin", "shop_document_number": "3463464643", "shop_document_photo": "shop_photos/shop_name/documents/purchase_order_2.pdf"}}, {"model": "shops.shopdocument", "pk": 64, "fields": {"shop_name": 89, "shop_document_type": "gstin", "shop_document_number": "121212121212", "shop_document_photo": "shop_photos/shop_name/documents/IMG_20190207_135110.jpg"}}, {"model": "shops.shopdocument", "pk": 65, "fields": {"shop_name": 90, "shop_document_type": "gstin", "shop_document_number": "ty76867876", "shop_document_photo": "shop_photos/shop_name/documents/Pallavi_Resume.docx"}}, {"model": "shops.shopdocument", "pk": 66, "fields": {"shop_name": 100, "shop_document_type": "uidai", "shop_document_number": "525623568568", "shop_document_photo": "shop_photos/shop_name/documents/IMG_20190211_161920.jpg"}}, {"model": "shops.shopdocument", "pk": 67, "fields": {"shop_name": 101, "shop_document_type": "uidai", "shop_document_number": "565256526895", "shop_document_photo": "shop_photos/shop_name/documents/IMG_20190211_164052.jpg"}}, {"model": "shops.shopdocument", "pk": 68, "fields": {"shop_name": 108, "shop_document_type": "uidai", "shop_document_number": "Hfhhhggghhh", "shop_document_photo": "shop_photos/shop_name/documents/IMG-20190211-WA0000.jpg"}}, {"model": "shops.shopdocument", "pk": 69, "fields": {"shop_name": 108, "shop_document_type": "sln", "shop_document_number": "Vhhjjhj", "shop_document_photo": "shop_photos/shop_name/documents/IMG_20190211_180159.jpg"}}, {"model": "shops.shopdocument", "pk": 70, "fields": {"shop_name": 116, "shop_document_type": "uidai", "shop_document_number": "562356586523", "shop_document_photo": "shop_photos/shop_name/documents/IMG_20190211_191927.jpg"}}, {"model": "shops.shopdocument", "pk": 71, "fields": {"shop_name": 116, "shop_document_type": "bill", "shop_document_number": "Bses56253yamuna", "shop_document_photo": "shop_photos/shop_name/documents/IMG_20190211_192047.jpg"}}, {"model": "shops.shopdocument", "pk": 72, "fields": {"shop_name": 117, "shop_document_type": "gstin", "shop_document_number": "Gstin565235rajasthan", "shop_document_photo": "shop_photos/shop_name/documents/IMG_20190211_192710.jpg"}}, {"model": "shops.shopdocument", "pk": 73, "fields": {"shop_name": 117, "shop_document_type": "bill", "shop_document_number": "Bses8562545yamuna", "shop_document_photo": "shop_photos/shop_name/documents/IMG_20190211_192731.jpg"}}, {"model": "shops.shopdocument", "pk": 74, "fields": {"shop_name": 120, "shop_document_type": "uidai", "shop_document_number": "856523568985", "shop_document_photo": "shop_photos/shop_name/documents/IMG_20190212_114830.jpg"}}, {"model": "shops.shopdocument", "pk": 75, "fields": {"shop_name": 121, "shop_document_type": "uidai", "shop_document_number": "Ghhggggg", "shop_document_photo": "shop_photos/shop_name/documents/IMG-20190211-WA0010.jpg"}}, {"model": "shops.shopdocument", "pk": 76, "fields": {"shop_name": 121, "shop_document_type": "bill", "shop_document_number": "Bses956856258565yamuna", "shop_document_photo": "shop_photos/shop_name/documents/IMG_20190212_120243.jpg"}}, {"model": "shops.shopdocument", "pk": 77, "fields": {"shop_name": 123, "shop_document_type": "bill", "shop_document_number": "36373773828282082818812", "shop_document_photo": "shop_photos/shop_name/documents/IMG_20190212_122216.jpg"}}, {"model": "shops.shopdocument", "pk": 78, "fields": {"shop_name": 123, "shop_document_type": "sln", "shop_document_number": "fhggjhvjhhggahjhfljfgffhlhhahh", "shop_document_photo": "shop_photos/shop_name/documents/IMG_20190212_122308.jpg"}}, {"model": "shops.shopdocument", "pk": 79, "fields": {"shop_name": 124, "shop_document_type": "gstin", "shop_document_number": "GST1234567", "shop_document_photo": "shop_photos/shop_name/documents/image.png"}}, {"model": "shops.shopdocument", "pk": 80, "fields": {"shop_name": 125, "shop_document_type": "gstin", "shop_document_number": "GST12345", "shop_document_photo": "shop_photos/shop_name/documents/Godrej_Ezee.jpg"}}, {"model": "shops.shopdocument", "pk": 82, "fields": {"shop_name": 127, "shop_document_type": "gstin", "shop_document_number": "451245105", "shop_document_photo": "shop_photos/shop_name/documents/Retailer_Order_Flow_4.jpg"}}, {"model": "shops.shopdocument", "pk": 83, "fields": {"shop_name": 128, "shop_document_type": "uidai", "shop_document_number": "Ghhh", "shop_document_photo": "shop_photos/shop_name/documents/IMG-20190211-WA0010.jpg"}}, {"model": "shops.shopdocument", "pk": 84, "fields": {"shop_name": 129, "shop_document_type": "uidai", "shop_document_number": "Gyuuu", "shop_document_photo": "shop_photos/shop_name/documents/IMG_20190212_134727.jpg"}}, {"model": "shops.shopdocument", "pk": 85, "fields": {"shop_name": 130, "shop_document_type": "sln", "shop_document_number": "Hhhu", "shop_document_photo": "shop_photos/shop_name/documents/IMG_20190212_135321.jpg"}}, {"model": "shops.shopdocument", "pk": 86, "fields": {"shop_name": 131, "shop_document_type": "bill", "shop_document_number": "BSES5689568YAMUNA568589", "shop_document_photo": "shop_photos/shop_name/documents/IMG-20190211-WA0010.jpg"}}, {"model": "shops.shopdocument", "pk": 87, "fields": {"shop_name": 132, "shop_document_type": "uidai", "shop_document_number": "Hhhhhgg", "shop_document_photo": "shop_photos/shop_name/documents/IMG-20190212-WA0006.jpg"}}, {"model": "shops.shopdocument", "pk": 88, "fields": {"shop_name": 133, "shop_document_type": "sln", "shop_document_number": "Ghhhh", "shop_document_photo": "shop_photos/shop_name/documents/IMG-20190212-WA0010.jpg"}}, {"model": "shops.shopdocument", "pk": 89, "fields": {"shop_name": 133, "shop_document_type": "uidai", "shop_document_number": "Hgghjgguuu", "shop_document_photo": "shop_photos/shop_name/documents/IMG_20190212_141810.jpg"}}, {"model": "shops.shopdocument", "pk": 90, "fields": {"shop_name": 135, "shop_document_type": "sln", "shop_document_number": "Ghjghhh", "shop_document_photo": "shop_photos/shop_name/documents/IMG-20190212-WA0010.jpg"}}, {"model": "shops.shopdocument", "pk": 91, "fields": {"shop_name": 135, "shop_document_type": "gstin", "shop_document_number": "Ghhjh", "shop_document_photo": "shop_photos/shop_name/documents/IMG-20190212-WA0006.jpg"}}, {"model": "shops.shopdocument", "pk": 92, "fields": {"shop_name": 135, "shop_document_type": "uidai", "shop_document_number": "Ghhhh", "shop_document_photo": "shop_photos/shop_name/documents/IMG_20190212_150417.jpg"}}, {"model": "shops.shopdocument", "pk": 93, "fields": {"shop_name": 135, "shop_document_type": "bill", "shop_document_number": "Jjhggjjjhgg", "shop_document_photo": "shop_photos/shop_name/documents/IMG_20190212_150432.jpg"}}, {"model": "shops.shopdocument", "pk": 94, "fields": {"shop_name": 136, "shop_document_type": "sln", "shop_document_number": "Hhh", "shop_document_photo": "shop_photos/shop_name/documents/IMG-20190212-WA0010.jpg"}}, {"model": "shops.shopdocument", "pk": 95, "fields": {"shop_name": 137, "shop_document_type": "gstin", "shop_document_number": "wetryuy46456", "shop_document_photo": "shop_photos/shop_name/documents/1.jpg"}}, {"model": "shops.shopdocument", "pk": 96, "fields": {"shop_name": 138, "shop_document_type": "gstin", "shop_document_number": "3534534535", "shop_document_photo": "shop_photos/shop_name/documents/IMG-20190213-WA0006.jpg"}}, {"model": "shops.shopdocument", "pk": 97, "fields": {"shop_name": 139, "shop_document_type": "gstin", "shop_document_number": "2345678908765", "shop_document_photo": "shop_photos/shop_name/documents/IMG-20190213-WA0006.jpg"}}, {"model": "shops.shopdocument", "pk": 98, "fields": {"shop_name": 140, "shop_document_type": "gstin", "shop_document_number": "4356667", "shop_document_photo": "shop_photos/shop_name/documents/IMG-20190213-WA0008.jpg"}}, {"model": "shops.shopinvoicepattern", "pk": 1, "fields": {"shop": 83, "pattern": "GFDN/01", "start_date": null, "end_date": null, "status": "ACT", "created_at": "2019-02-09T01:14:57.118", "modified_at": "2019-02-09T01:14:57.118"}}, {"model": "shops.shopinvoicepattern", "pk": 2, "fields": {"shop": 86, "pattern": "GFDN/02", "start_date": null, "end_date": null, "status": "ACT", "created_at": "2019-02-09T01:16:15.273", "modified_at": "2019-02-09T01:16:15.273"}}, {"model": "shops.shopinvoicepattern", "pk": 3, "fields": {"shop": 64, "pattern": "GFDN/03", "start_date": null, "end_date": null, "status": "ACT", "created_at": "2019-02-09T01:16:33.549", "modified_at": "2019-02-09T01:16:33.549"}}, {"model": "shops.shopinvoicepattern", "pk": 4, "fields": {"shop": 88, "pattern": "GFDN/04/", "start_date": null, "end_date": null, "status": "ACT", "created_at": "2019-02-09T01:16:53.449", "modified_at": "2019-02-11T11:52:40.645"}}, {"model": "shops.shopinvoicepattern", "pk": 5, "fields": {"shop": 48, "pattern": "TEMP/O7/", "start_date": null, "end_date": null, "status": "ACT", "created_at": "2019-02-09T19:02:17.287", "modified_at": "2019-02-09T19:02:17.287"}}, {"model": "shops.shopinvoicepattern", "pk": 6, "fields": {"shop": 90, "pattern": "GFDN/LKIL", "start_date": null, "end_date": null, "status": "ACT", "created_at": "2019-02-11T11:24:28.206", "modified_at": "2019-02-11T11:24:28.206"}}, {"model": "shops.shopinvoicepattern", "pk": 7, "fields": {"shop": 124, "pattern": "GFDN/04/", "start_date": null, "end_date": null, "status": "ACT", "created_at": "2019-02-12T12:33:03.490", "modified_at": "2019-02-12T12:33:03.490"}}, {"model": "shops.shopinvoicepattern", "pk": 8, "fields": {"shop": 125, "pattern": "GFDN/04/", "start_date": null, "end_date": null, "status": "ACT", "created_at": "2019-02-12T12:35:43.636", "modified_at": "2019-02-12T12:35:43.636"}}, {"model": "shops.shopinvoicepattern", "pk": 10, "fields": {"shop": 127, "pattern": "GFDN/004", "start_date": null, "end_date": null, "status": "ACT", "created_at": "2019-02-12T12:42:54.773", "modified_at": "2019-02-12T12:42:54.773"}}, {"model": "shops.shopinvoicepattern", "pk": 11, "fields": {"shop": 137, "pattern": "GFDN/04/", "start_date": null, "end_date": null, "status": "ACT", "created_at": "2019-02-13T17:03:28.318", "modified_at": "2019-02-13T17:03:28.318"}}, {"model": "shops.parentretailermapping", "pk": 38, "fields": {"parent": 48, "retailer": 45, "created_at": "2019-01-15T18:16:06.540", "modified_at": "2019-01-31T16:11:34.845", "status": false}}, {"model": "shops.parentretailermapping", "pk": 39, "fields": {"parent": 54, "retailer": 48, "created_at": "2019-01-15T18:19:46.222", "modified_at": "2019-01-15T18:19:46.223", "status": true}}, {"model": "shops.parentretailermapping", "pk": 40, "fields": {"parent": 54, "retailer": 56, "created_at": "2019-01-21T12:04:11.719", "modified_at": "2019-01-21T12:04:11.719", "status": true}}, {"model": "shops.parentretailermapping", "pk": 42, "fields": {"parent": 48, "retailer": 25, "created_at": "2019-01-24T16:48:45.552", "modified_at": "2019-01-24T16:48:45.552", "status": true}}, {"model": "shops.parentretailermapping", "pk": 43, "fields": {"parent": 61, "retailer": 57, "created_at": "2019-01-28T12:12:46.937", "modified_at": "2019-01-28T16:50:55.631", "status": false}}, {"model": "shops.parentretailermapping", "pk": 44, "fields": {"parent": 63, "retailer": 57, "created_at": "2019-01-28T16:47:01.028", "modified_at": "2019-01-29T12:45:21.585", "status": false}}, {"model": "shops.parentretailermapping", "pk": 45, "fields": {"parent": 61, "retailer": 63, "created_at": "2019-01-28T18:10:04.073", "modified_at": "2019-02-06T16:30:18.651", "status": false}}, {"model": "shops.parentretailermapping", "pk": 46, "fields": {"parent": 62, "retailer": 64, "created_at": "2019-01-29T12:44:29.403", "modified_at": "2019-01-29T12:44:29.403", "status": true}}, {"model": "shops.parentretailermapping", "pk": 47, "fields": {"parent": 62, "retailer": 57, "created_at": "2019-01-29T12:45:21.592", "modified_at": "2019-01-30T16:30:07.074", "status": true}}, {"model": "shops.parentretailermapping", "pk": 50, "fields": {"parent": 64, "retailer": 45, "created_at": "2019-01-31T16:11:34.851", "modified_at": "2019-02-05T16:21:57.793", "status": false}}, {"model": "shops.parentretailermapping", "pk": 53, "fields": {"parent": 54, "retailer": 78, "created_at": "2019-02-01T17:14:14.580", "modified_at": "2019-02-05T14:20:41.913", "status": true}}, {"model": "shops.parentretailermapping", "pk": 54, "fields": {"parent": 63, "retailer": 47, "created_at": "2019-02-04T13:54:45.693", "modified_at": "2019-02-07T11:42:17.957", "status": false}}, {"model": "shops.parentretailermapping", "pk": 55, "fields": {"parent": 4, "retailer": 88, "created_at": "2019-02-04T14:13:03.269", "modified_at": "2019-02-13T18:32:45.135", "status": false}}, {"model": "shops.parentretailermapping", "pk": 56, "fields": {"parent": 71, "retailer": 77, "created_at": "2019-02-04T18:18:27.193", "modified_at": "2019-02-05T13:11:30.619", "status": false}}, {"model": "shops.parentretailermapping", "pk": 57, "fields": {"parent": 64, "retailer": 58, "created_at": "2019-02-05T16:15:41.349", "modified_at": "2019-02-05T16:22:03.149", "status": false}}, {"model": "shops.parentretailermapping", "pk": 58, "fields": {"parent": 85, "retailer": 84, "created_at": "2019-02-06T13:07:46.190", "modified_at": "2019-02-06T13:07:46.190", "status": true}}, {"model": "shops.parentretailermapping", "pk": 59, "fields": {"parent": 85, "retailer": 63, "created_at": "2019-02-06T16:30:18.658", "modified_at": "2019-02-06T16:30:18.658", "status": true}}, {"model": "shops.parentretailermapping", "pk": 60, "fields": {"parent": 85, "retailer": 86, "created_at": "2019-02-06T16:40:53.273", "modified_at": "2019-02-06T16:40:53.273", "status": true}}, {"model": "shops.parentretailermapping", "pk": 61, "fields": {"parent": 87, "retailer": 88, "created_at": "2019-02-06T18:22:11.492", "modified_at": "2019-02-13T18:32:45.141", "status": true}}, {"model": "shops.parentretailermapping", "pk": 62, "fields": {"parent": 88, "retailer": 47, "created_at": "2019-02-07T11:42:17.963", "modified_at": "2019-02-07T11:42:17.963", "status": true}}, {"model": "shops.parentretailermapping", "pk": 63, "fields": {"parent": 88, "retailer": 89, "created_at": "2019-02-07T13:52:30.379", "modified_at": "2019-02-07T13:52:30.379", "status": true}}, {"model": "shops.parentretailermapping", "pk": 64, "fields": {"parent": 88, "retailer": 31, "created_at": "2019-02-07T14:55:25.408", "modified_at": "2019-02-07T14:55:25.408", "status": true}}, {"model": "shops.parentretailermapping", "pk": 65, "fields": {"parent": 88, "retailer": 65, "created_at": "2019-02-11T15:51:34.927", "modified_at": "2019-02-11T15:51:34.927", "status": true}}, {"model": "shops.parentretailermapping", "pk": 66, "fields": {"parent": 137, "retailer": 127, "created_at": "2019-02-13T17:04:50.760", "modified_at": "2019-02-13T17:04:50.760", "status": true}}, {"model": "shops.parentretailermapping", "pk": 68, "fields": {"parent": 87, "retailer": 140, "created_at": "2019-02-14T11:58:44.793", "modified_at": "2019-02-14T11:58:44.793", "status": true}}]